Unnamed: 0_level_0,Unnamed: 1_level_0,Unnamed: 2_level_0,Unnamed: 3_level_0,Unnamed: 4_level_0,Unnamed: 5_level_0,Unnamed: 6_level_0,Unnamed: 7_level_0,Touches,Touches,Touches,Touches,Touches,Touches,Touches,Take-Ons,Take-Ons,Take-Ons,Take-Ons,Take-Ons,Carries,Carries,Carries,Carries,Carries,Carries,Carries,Carries,Receiving,Receiving,Unnamed: 30_level_0
Rk,Player,Nation,Pos,Squad,Age,Born,90s,Touches,Def Pen,Def 3rd,Mid 3rd,Att 3rd,Att Pen,Live,Att,Succ,Succ%,Tkld,Tkld%,Carries,TotDist,PrgDist,PrgC,1/3,CPA,Mis,Dis,Rec,PrgR,Matches
1,Patrick van Aanholt,nl NED,DF,Sparta R'dam,34-249,1990,17.4,952,59,276,447,242,20,952,19,7,36.8,12,63.2,465,2552,1345,37,38,4,27,3,523,64,Matches
2,Paxten Aaronson,us USA,"MF,FW",Utrecht,21-252,2003,27.7,1197,24,235,603,384,68,1197,50,25,50.0,23,46.0,634,3964,1558,47,30,11,30,36,653,72,Matches
3,Jayden Addai,nl NED,"FW,DF",AZ Alkmaar,19-252,2005,3.4,192,5,24,77,96,24,192,40,20,50.0,18,45.0,131,1072,569,18,12,13,14,8,139,41,Matches
4,Bobby Adekanye,nl NED,"FW,MF",Go Ahead Eag,26-080,1999,8.6,304,11,37,99,174,36,304,28,12,42.9,16,57.1,201,1634,859,31,14,12,16,12,214,60,Matches
5,Aske Adelgaard,dk DEN,DF,Go Ahead Eag,21-176,2003,12.6,765,45,255,274,244,9,765,14,10,71.4,3,21.4,376,1827,946,25,15,1,15,10,419,59,Matches
6,Shawn Adewoye,be BEL,DF,Fortuna Sittard,24-310,2000,19.4,1074,163,531,473,73,14,1074,0,0,,0,,558,2839,1419,13,15,1,13,4,643,0,Matches
7,Olivier Aertssen,nl NED,DF,Zwolle,20-271,2004,12.4,751,61,277,359,129,11,751,22,14,63.6,7,31.8,324,1904,988,13,13,4,18,8,358,19,Matches
8,Amar Ahmed,se SWE,"FW,MF",Willem II,21-075,2004,7.6,360,10,58,126,183,31,360,38,20,52.6,17,44.7,206,1696,948,34,21,14,22,13,227,53,Matches
9,Isaiah Ahmed,cw CUW,MF,Heerenveen,19-128,2005,0.1,5,0,2,3,0,0,5,0,0,,0,,3,23,12,0,0,0,0,0,3,0,Matches
10,Makan Aiko,fr FRA,FW,Fortuna Sittard,24-118,2001,13.1,299,6,26,120,158,47,299,23,10,43.5,12,52.2,182,1148,547,22,11,12,41,16,196,59,Matches
11,Chuba Akpom,eng ENG,FW,Ajax,29-208,1995,9.2,355,10,33,132,195,59,355,24,10,41.7,10,41.7,243,1438,626,25,17,13,27,13,294,93,Matches
12,Hamdi Akujobi,nl NED,DF,Almere City,25-105,2000,26.0,1350,115,443,560,360,24,1350,28,13,46.4,15,53.6,606,3695,1916,50,50,7,31,11,601,85,Matches
13,Gerald Alders,nl NED,DF,Twente,19-363,2005,0.1,9,4,7,2,0,0,9,0,0,,0,,1,0,0,0,0,0,0,0,1,0,Matches
14,Hussein Ali,iq IRQ,DF,Heerenveen,23-065,2002,2.4,129,10,42,71,16,0,129,2,0,0.0,1,50.0,52,197,76,1,2,0,1,1,75,4,Matches
15,Jaydon Amauri Banel,nl NED,FW,Ajax,20-198,2004,0.7,40,0,2,16,22,5,40,5,2,40.0,1,20.0,27,155,84,2,3,0,1,0,34,8,Matches
16,Jamal Amofa,nl NED,DF,Go Ahead Eag,26-161,1998,1.8,143,10,66,76,2,1,143,1,0,0.0,1,100.0,104,600,342,0,0,0,1,0,112,0,Matches
17,Silas Andersen,dk DEN,MF,Utrecht,20-326,2004,0.0,3,0,0,3,0,0,3,0,0,,0,,0,0,0,0,0,0,1,0,1,0,Matches
18,Oliver Antman,fi FIN,"FW,MF",Go Ahead Eag,23-263,2001,24.8,1040,24,199,394,463,109,1040,77,34,44.2,42,54.5,673,4630,2461,89,55,38,39,22,758,190,Matches
19,Anouar El Azzouzi,nl NED,"MF,DF",Zwolle,23-341,2001,30.0,2198,145,666,1226,327,42,2198,49,21,42.9,26,53.1,1130,4960,2451,30,23,2,58,34,1422,52,Matches
20,Julian Baas,nl NED,MF,Sparta R'dam,23-019,2002,9.4,643,21,151,375,120,0,643,3,2,66.7,1,33.3,310,1503,680,8,11,0,9,3,380,6,Matches
21,Youri Baas,nl NED,DF,Ajax,22-049,2003,22.7,2354,283,1035,1261,71,9,2354,13,8,61.5,3,23.1,1644,7518,4234,18,5,0,15,3,1854,6,Matches
22,Isaac Babadi,nl NED,MF,PSV Eindhoven,20-029,2005,1.9,181,2,28,73,82,15,181,4,2,50.0,2,50.0,109,707,419,14,9,2,3,2,147,11,Matches
23,Leandro Bacuna,cw CUW,"DF,MF",Groningen,33-257,1991,23.2,1471,65,343,727,413,29,1467,27,10,37.0,15,55.6,625,3079,1448,41,35,9,36,11,754,97,Matches
24,Thibo Baeten,be BEL,"MF,FW",Go Ahead Eag,22-335,2002,0.1,12,0,0,7,5,0,12,1,0,0.0,1,100.0,9,95,58,1,1,0,0,0,8,4,Matches
25,Esmir Bajraktarevic,ba BIH,"FW,DF",PSV Eindhoven,20-056,2005,0.2,24,0,1,6,17,2,24,1,0,0.0,1,100.0,16,96,62,3,2,1,1,2,20,3,Matches
Rk,Player,Nation,Pos,Squad,Age,Born,90s,Touches,Def Pen,Def 3rd,Mid 3rd,Att 3rd,Att Pen,Live,Att,Succ,Succ%,Tkld,Tkld%,Carries,TotDist,PrgDist,PrgC,1/3,CPA,Mis,Dis,Rec,PrgR,Matches
26,Saïd Bakari,km COM,DF,Sparta R'dam,30-225,1994,20.8,1248,67,392,634,239,10,1248,28,11,39.3,14,50.0,595,3398,1943,40,31,5,28,3,672,62,Matches
27,Johan Bakayoko,be BEL,FW,PSV Eindhoven,22-015,2003,17.0,1083,11,67,350,672,120,1083,94,42,44.7,49,52.1,704,5645,3088,125,51,49,42,29,825,265,Matches
28,Nordin Bakker,nl NED,GK,Almere City,27-186,1997,31.0,1245,970,1227,17,2,1,1245,1,0,0.0,1,100.0,692,3916,2234,0,0,0,1,0,511,0,Matches
29,Max Balard,au AUS,MF,NAC Breda,24-166,2000,29.6,1354,106,423,778,168,13,1354,24,15,62.5,8,33.3,618,3231,1534,26,21,0,23,15,714,16,Matches
30,Alex Balboa,gq EQG,MF,Almere City,24-060,2001,4.5,171,13,58,79,37,5,171,1,0,0.0,0,0.0,73,327,140,3,4,1,6,3,91,3,Matches
31,Théo Barbet,fr FRA,DF,Almere City,24-060,2001,8.8,424,84,235,179,11,5,424,0,0,,0,,179,814,372,1,0,0,5,1,195,0,Matches
32,Vasilios Barkas,gr GRE,GK,Utrecht,30-340,1994,29.0,1067,924,1057,10,0,0,1067,0,0,,0,,629,3139,1695,0,0,0,2,0,543,0,Matches
33,Samuel Bastien,cd COD,"MF,FW",Fortuna Sittard,28-221,1996,14.4,480,13,76,238,173,15,480,11,8,72.7,2,18.2,243,1090,407,10,9,2,22,13,296,36,Matches
34,Riechedly Bazoer,nl NED,MF,AZ Alkmaar,28-205,1996,0.0,4,0,1,3,0,0,4,0,0,,0,,2,1,1,0,0,0,0,0,1,0,Matches
35,Guus Beaumont,nl NED,MF,Almere City,22-360,2002,0.1,14,0,4,6,4,0,14,1,0,0.0,1,100.0,10,49,25,0,2,0,1,0,8,0,Matches
36,Thomas Beelen,nl NED,DF,Feyenoord,23-328,2001,18.9,1705,135,670,960,81,15,1705,10,6,60.0,4,40.0,1045,5398,3152,27,16,0,7,2,1220,8,Matches
37,Raffael Behounek,at AUT,DF,Willem II,28-019,1997,29.9,2056,387,1160,845,59,11,2056,12,5,41.7,6,50.0,1182,6196,3486,12,13,0,7,5,1295,7,Matches
38,Kristijan Belic,rs SRB,MF,AZ Alkmaar,24-041,2001,6.5,509,16,96,290,132,14,509,23,13,56.5,10,43.5,301,1419,653,10,17,2,14,12,323,15,Matches
39,Mimeirhel Benita,nl NED,DF,Heracles Almelo,21-169,2003,19.7,1014,89,361,433,236,21,1014,29,16,55.2,11,37.9,393,2027,955,22,12,9,25,6,402,47,Matches
40,Walter Benítez,ar ARG,GK,PSV Eindhoven,32-106,1993,30.5,1256,946,1245,11,0,0,1256,0,0,,0,,750,3162,1722,0,0,0,0,0,773,0,Matches
41,Mitchell van Bergen,nl NED,FW,Sparta R'dam,25-251,1999,9.6,336,4,33,95,216,48,336,34,11,32.4,19,55.9,218,2026,1142,51,21,22,14,8,235,101,Matches
42,Mitchell van Bergen,nl NED,FW,Twente,25-251,1999,8.9,340,3,28,103,220,41,340,33,15,45.5,18,54.5,246,2489,1414,59,30,23,18,2,260,98,Matches
43,Thom van Bergen,nl NED,FW,Groningen,21-119,2004,24.7,867,31,113,374,394,98,867,57,29,50.9,23,40.4,435,2008,722,25,17,11,86,50,551,134,Matches
44,Steven Berghuis,nl NED,"FW,MF",Ajax,33-137,1991,13.7,842,7,91,368,389,41,840,22,7,31.8,13,59.1,469,2302,1016,35,22,7,14,7,610,102,Matches
45,Steven Bergwijn,nl NED,FW,Ajax,27-209,1997,0.2,20,0,0,4,16,2,20,3,2,66.7,1,33.3,15,80,44,1,0,0,0,0,15,7,Matches
46,Gijs Besselink,nl NED,MF,Twente,20-323,2004,3.6,165,8,40,102,24,0,165,5,2,40.0,3,60.0,79,476,190,3,2,0,5,2,94,3,Matches
47,Daniel Bielica,pl POL,GK,NAC Breda,26-005,1999,30.0,1119,951,1112,7,0,0,1119,0,0,,0,,586,2547,1463,0,0,0,0,0,515,0,Matches
48,Justin Bijlow,nl NED,GK,Feyenoord,27-103,1998,4.0,232,153,232,0,0,0,232,0,0,,0,,152,643,386,0,0,0,0,0,160,0,Matches
49,Adrian Blake,eng ENG,"FW,MF",Utrecht,19-294,2005,3.9,194,3,36,59,102,18,194,14,5,35.7,8,57.1,116,890,461,12,7,7,13,5,128,38,Matches
50,Thijmen Blokzijl,nl NED,DF,Groningen,20-069,2005,21.7,1339,150,679,629,38,10,1339,1,0,0.0,1,100.0,689,3343,1413,8,7,1,3,3,806,1,Matches
Rk,Player,Nation,Pos,Squad,Age,Born,90s,Touches,Def Pen,Def 3rd,Mid 3rd,Att 3rd,Att Pen,Live,Att,Succ,Succ%,Tkld,Tkld%,Carries,TotDist,PrgDist,PrgC,1/3,CPA,Mis,Dis,Rec,PrgR,Matches
51,Paweł Bochniewicz,pl POL,DF,Heerenveen,29-095,1996,12.3,1091,155,571,462,64,20,1091,6,3,50.0,3,50.0,645,3002,1595,8,10,0,4,2,774,3,Matches
52,Jeremy Bokila,cd COD,FW,Willem II,36-172,1988,14.2,423,19,43,223,162,45,422,21,5,23.8,15,71.4,211,884,304,11,11,6,55,36,311,48,Matches
53,Ruben van Bommel,nl NED,FW,AZ Alkmaar,20-275,2004,14.1,672,15,71,234,377,60,672,39,20,51.3,18,46.2,393,2382,1235,38,35,12,33,10,453,103,Matches
54,Taylor Booth,us USA,"FW,MF",Utrecht,23-339,2001,2.9,106,8,23,39,46,7,106,10,3,30.0,5,50.0,46,242,108,7,2,2,13,6,52,12,Matches
55,Taylor Booth,us USA,FW,Twente,23-339,2001,3.0,126,2,20,52,57,11,126,4,2,50.0,2,50.0,85,545,256,9,4,3,10,7,84,23,Matches
56,Olivier Boscagli,fr FRA,DF,PSV Eindhoven,27-168,1997,25.8,2859,190,911,1703,256,16,2859,7,5,71.4,1,14.3,1761,8744,5686,42,64,2,13,6,2180,15,Matches
57,Jesse Bosch,nl NED,MF,Willem II,25-093,2000,27.9,1082,85,269,533,287,33,1082,30,13,43.3,15,50.0,475,2214,1204,29,26,4,37,17,620,67,Matches
58,Sven Bouland,nl NED,DF,Groningen,,,0.5,47,2,15,26,6,0,47,0,0,,0,,30,171,150,1,1,0,0,0,36,1,Matches
59,Rayane Bounida,be BEL,FW,Ajax,19-063,2006,0.2,13,0,0,9,4,0,13,0,0,,0,,10,55,17,0,0,0,2,1,11,1,Matches
60,Can Bozdogan,de GER,MF,Utrecht,24-030,2001,4.5,221,15,57,124,45,5,221,7,3,42.9,4,57.1,100,639,318,5,4,0,4,2,116,11,Matches
61,Mattijs Branderhorst,nl NED,GK,Fortuna Sittard,31-125,1993,25.0,814,692,808,6,0,0,814,0,0,,0,,404,2777,1733,0,0,0,0,0,238,0,Matches
62,Oliver Braude,no NOR,DF,Heerenveen,21-073,2004,26.0,1958,95,652,962,379,18,1958,40,17,42.5,12,30.0,976,5847,2767,59,32,6,26,14,1056,57,Matches
63,Myron van Brederode,nl NED,FW,AZ Alkmaar,21-303,2003,1.9,93,0,10,48,35,5,93,8,3,37.5,5,62.5,55,265,129,4,3,1,6,5,72,14,Matches
64,Michael Bresser,nl NED,DF,PSV Eindhoven,18-011,2007,0.0,2,0,0,1,1,0,2,0,0,,0,,0,0,0,0,0,0,0,0,1,1,Matches
65,Jakob Breum,dk DEN,"MF,FW",Go Ahead Eag,21-169,2003,21.8,1151,26,183,488,497,68,1151,46,21,45.7,25,54.3,684,3680,1591,40,36,11,41,31,766,125,Matches
66,Brian Brobbey,nl NED,FW,Ajax,23-093,2002,16.1,491,9,32,200,263,110,491,24,8,33.3,10,41.7,301,1218,452,18,3,11,39,29,410,163,Matches
67,Michael Brouwer,nl NED,GK,Utrecht,32-104,1993,2.0,83,74,83,0,0,0,83,0,0,,0,,42,170,73,0,0,0,0,0,36,0,Matches
68,Luuk Brouwers,nl NED,"MF,FW",Heerenveen,27-002,1998,19.4,1036,45,213,573,263,53,1036,27,13,48.1,7,25.9,526,2387,990,23,19,7,28,10,671,74,Matches
69,Jordy Bruijn,nl NED,MF,Heracles Almelo,28-286,1996,3.4,142,3,28,62,54,11,142,8,2,25.0,4,50.0,69,368,181,7,2,4,5,7,83,15,Matches
70,Max Bruns,nl NED,DF,Twente,22-180,2002,17.2,1291,149,566,691,41,8,1291,5,2,40.0,0,0.0,822,5037,3111,22,11,1,10,3,882,2,Matches
71,Thomas Bruns,nl NED,"MF,FW",Heracles Almelo,33-118,1992,10.2,525,15,64,220,248,27,525,19,12,63.2,6,31.6,219,1202,476,16,9,6,20,15,291,32,Matches
72,Charles-Andréas Brym,ca CAN,"FW,MF",Sparta R'dam,26-270,1998,3.4,112,4,8,46,59,22,112,8,4,50.0,2,25.0,66,350,130,7,2,5,11,9,87,25,Matches
73,Charles-Andréas Brym,ca CAN,FW,Almere City,26-270,1998,11.4,372,2,16,155,206,51,372,24,10,41.7,14,58.3,219,999,422,15,14,6,31,19,258,48,Matches
74,Hugo Bueno,es ESP,DF,Feyenoord,22-229,2002,13.1,798,23,208,371,232,27,798,30,15,50.0,14,46.7,468,3268,1923,61,21,10,18,7,506,79,Matches
75,Thomas Buitink,nl NED,"FW,MF",Zwolle,24-325,2000,2.6,77,1,6,37,34,12,77,5,1,20.0,4,80.0,39,154,33,1,0,1,18,5,51,13,Matches
Rk,Player,Nation,Pos,Squad,Age,Born,90s,Touches,Def Pen,Def 3rd,Mid 3rd,Att 3rd,Att Pen,Live,Att,Succ,Succ%,Tkld,Tkld%,Carries,TotDist,PrgDist,PrgC,1/3,CPA,Mis,Dis,Rec,PrgR,Matches
76,Ezequiel Bullaude,ar ARG,"MF,FW",Fortuna Sittard,24-191,2000,20.4,673,15,116,331,237,69,671,42,19,45.2,23,54.8,321,1514,601,14,15,3,61,28,366,58,Matches
77,Abdurrahman Burak Sayın,,FW,Fortuna Sittard,,,0.0,1,0,0,0,1,0,1,0,0,,0,,1,1,1,0,0,0,0,0,1,1,Matches
78,Maxime Busi,be BEL,DF,NAC Breda,25-203,1999,8.6,483,24,141,226,120,13,483,5,4,80.0,1,20.0,262,1457,966,22,19,1,22,2,277,30,Matches
79,Zico Buurmeester,nl NED,"MF,FW",AZ Alkmaar,22-332,2002,12.2,713,24,108,376,236,39,713,27,14,51.9,13,48.1,405,1834,943,19,12,4,24,9,464,36,Matches
80,Àlex Carbonell,es ESP,MF,Almere City,27-232,1997,2.6,259,14,47,142,71,2,259,3,1,33.3,2,66.7,128,534,261,3,4,0,5,1,166,6,Matches
81,Julián Carranza,ar ARG,FW,Feyenoord,24-348,2000,8.8,275,8,29,140,109,45,275,7,3,42.9,4,57.1,150,537,172,4,4,1,24,15,203,38,Matches
82,Stephano Carrillo,mx MEX,FW,Feyenoord,19-059,2006,0.6,18,0,0,9,9,1,18,0,0,,0,,12,70,11,1,1,0,2,1,17,8,Matches
83,Yoann Cathline,fr FRA,FW,Utrecht,22-287,2002,20.2,776,12,78,281,443,104,776,121,67,55.4,50,41.3,548,4551,2785,107,51,55,58,46,571,176,Matches
84,Kayky Chagas,br BRA,"FW,DF",Sparta R'dam,21-328,2003,1.3,66,1,15,18,33,8,66,6,5,83.3,0,0.0,37,253,162,7,6,3,7,5,41,13,Matches
85,Jordy Clasie,nl NED,MF,AZ Alkmaar,33-312,1991,20.2,1479,43,320,901,268,5,1479,11,2,18.2,9,81.8,756,2894,1324,14,25,0,20,5,957,31,Matches
86,Pelle Clement,nl NED,"MF,FW",Sparta R'dam,28-351,1996,17.5,1051,51,235,568,254,26,1051,19,8,42.1,11,57.9,522,2660,1250,22,21,7,24,6,617,36,Matches
87,Denilho Cleonise,nl NED,"FW,MF",RKC Waalwijk,23-148,2001,12.1,348,8,60,93,207,31,348,31,13,41.9,15,48.4,228,2148,1188,44,34,17,24,17,260,71,Matches
88,Amara Conde,de GER,MF,Heerenveen,28-119,1997,7.2,412,14,98,235,85,0,412,9,6,66.7,2,22.2,213,1257,567,5,6,0,16,9,273,13,Matches
89,Vito van Crooy,nl NED,"MF,FW",NEC Nijmegen,29-096,1996,19.0,658,25,111,277,275,50,656,13,2,15.4,8,61.5,318,1659,661,20,15,5,32,6,367,69,Matches
90,Alessio da Cruz,cv CPV,FW,Fortuna Sittard,28-107,1997,13.2,331,6,27,153,153,47,331,12,2,16.7,8,66.7,175,1004,349,15,10,9,39,9,231,56,Matches
91,Ro-Zangelo Daal,nl NED,FW,AZ Alkmaar,21-084,2004,0.5,25,0,3,14,8,0,25,1,1,100.0,0,0.0,21,192,97,3,4,0,0,1,23,4,Matches
92,Jasper Dahlhaus,nl NED,"DF,FW",Fortuna Sittard,23-159,2001,17.4,1021,63,344,401,293,26,1021,44,24,54.5,17,38.6,453,3072,1446,49,19,6,43,20,483,97,Matches
93,Matteo Dams,be BEL,DF,PSV Eindhoven,21-057,2004,10.2,831,34,214,418,204,13,831,7,6,85.7,1,14.3,431,1866,1082,20,17,2,9,3,553,65,Matches
94,Damil Dankerlui,sr SUR,"DF,FW",Almere City,28-254,1996,1.8,125,5,46,39,40,5,125,1,0,0.0,1,100.0,43,214,119,2,3,0,5,2,44,7,Matches
95,Argyrios Darelas,gr GRE,"MF,FW",NEC Nijmegen,21-201,2003,0.5,19,1,3,12,4,0,19,0,0,,0,,9,37,13,0,0,0,1,0,10,1,Matches
96,Brynjolfur Darri Willumsson,is ISL,"FW,MF",Groningen,24-266,2000,9.9,366,1,25,159,185,47,366,19,4,21.1,12,63.2,180,766,278,6,10,3,44,25,271,59,Matches
97,Jari De Busser,be BEL,GK,Go Ahead Eag,25-196,1999,14.0,671,586,669,2,0,0,671,0,0,,0,,433,1847,1057,0,0,0,1,1,409,0,Matches
98,Brian De Keersmaecker,be BEL,MF,Heracles Almelo,24-364,2000,27.6,1538,83,379,921,263,25,1535,56,26,46.4,28,50.0,818,4842,2154,42,36,2,50,16,873,42,Matches
99,Mats Deijl,nl NED,DF,Go Ahead Eag,27-294,1997,31.0,1744,127,584,748,418,65,1742,22,11,50.0,9,40.9,798,3210,1547,28,22,2,16,11,997,94,Matches
100,Maxim Dekker,nl NED,DF,AZ Alkmaar,21-014,2004,5.5,424,49,153,248,26,1,424,1,1,100.0,0,0.0,302,1871,1190,12,11,0,1,1,323,3,Matches
Rk,Player,Nation,Pos,Squad,Age,Born,90s,Touches,Def Pen,Def 3rd,Mid 3rd,Att 3rd,Att Pen,Live,Att,Succ,Succ%,Tkld,Tkld%,Carries,TotDist,PrgDist,PrgC,1/3,CPA,Mis,Dis,Rec,PrgR,Matches
101,Logan Delaurier Chaubet,fr FRA,FW,Almere City,23-013,2002,6.2,224,3,31,78,121,18,224,19,8,42.1,10,52.6,147,1008,456,10,13,2,24,15,150,32,Matches
102,Branco van den Boomen,nl NED,MF,Ajax,29-288,1995,7.0,590,17,94,337,162,3,589,9,6,66.7,3,33.3,359,1583,739,7,14,0,6,5,419,13,Matches
103,Damian van der Haar,nl NED,DF,Zwolle,21-109,2004,19.9,1168,61,407,501,265,22,1168,12,5,41.7,7,58.3,458,2017,995,17,13,1,25,7,611,79,Matches
104,Mickey van der Hart,nl NED,GK,Heerenveen,30-326,1994,18.0,858,641,841,17,0,0,858,0,0,,0,,615,2612,1373,0,0,0,0,0,577,0,Matches
105,Mike van der Hoorn,nl NED,DF,Utrecht,32-202,1992,26.4,1851,281,935,818,108,59,1851,4,1,25.0,2,50.0,1005,5035,2759,18,18,2,8,5,1174,12,Matches
106,Djevencio van der Kust,sr SUR,DF,Sparta R'dam,24-005,2001,10.3,632,47,241,237,158,15,632,6,0,0.0,4,66.7,304,1486,702,11,9,2,17,3,343,55,Matches
107,Richard van der Venne,nl NED,"MF,FW",RKC Waalwijk,32-354,1992,8.2,339,8,66,143,133,17,339,6,2,33.3,4,66.7,163,616,299,9,4,2,21,6,202,31,Matches
108,Silvester van der Water,nl NED,"FW,MF",RKC Waalwijk,28-217,1996,6.9,266,10,59,93,121,16,266,21,9,42.9,10,47.6,129,748,320,13,8,4,22,6,144,39,Matches
109,David van der Werff,nl NED,MF,Groningen,20-247,2004,0.2,13,0,1,4,8,5,13,1,0,0.0,1,100.0,10,23,2,0,1,0,1,1,10,5,Matches
110,Anthony Descotte,be BEL,"FW,MF",Utrecht,21-275,2003,4.4,155,0,16,79,61,20,154,8,4,50.0,4,50.0,89,623,223,5,9,3,18,9,111,20,Matches
111,Sergiño Dest,us USA,DF,PSV Eindhoven,24-183,2000,2.0,144,5,35,58,51,4,144,12,8,66.7,4,33.3,69,332,145,3,3,1,8,2,88,4,Matches
112,Matisse Didden,be BEL,DF,Utrecht,23-209,2001,4.6,320,48,153,162,7,4,320,0,0,,0,,165,731,353,0,0,0,2,0,169,0,Matches
113,Thomas Didillon,fr FRA,GK,Willem II,29-158,1995,31.0,1177,1093,1176,2,0,0,1177,0,0,,0,,637,3119,1735,0,0,0,1,0,555,0,Matches
114,Mitchell Dijks,nl NED,DF,Fortuna Sittard,32-085,1993,17.2,1005,38,309,484,229,9,1005,59,29,49.2,26,44.1,514,3116,1589,35,30,5,16,4,571,44,Matches
115,Elijah Dijkstra,nl NED,DF,AZ Alkmaar,18-273,2006,1.0,69,3,17,35,18,3,69,1,0,0.0,1,100.0,41,290,160,2,2,1,1,1,39,4,Matches
116,Julius Dirksen,nl NED,"DF,MF",Go Ahead Eag,22-092,2003,0.8,50,7,25,14,11,1,50,1,0,0.0,1,100.0,26,91,43,0,1,0,0,0,30,0,Matches
117,Nick Doodeman,nl NED,"FW,MF",Willem II,28-195,1996,14.5,538,20,112,154,275,17,538,10,4,40.0,6,60.0,276,1451,697,24,18,3,17,2,331,93,Matches
118,Couhaib Driouech,ma MAR,FW,PSV Eindhoven,23-018,2002,3.0,218,1,16,55,148,28,218,14,5,35.7,8,57.1,152,1268,720,32,15,12,7,3,174,69,Matches
119,Joel Drommel,nl NED,GK,PSV Eindhoven,28-170,1996,0.5,26,22,26,0,0,0,26,0,0,,0,,11,48,12,0,0,0,0,0,17,0,Matches
120,Laros Duarte,cv CPV,MF,Groningen,28-066,1997,0.2,31,0,1,19,11,0,31,1,0,0.0,1,100.0,19,94,51,0,5,0,0,2,22,0,Matches
121,Oliver Edvardsen,no NOR,FW,Ajax,26-047,1999,3.2,139,6,21,56,64,21,139,5,3,60.0,2,40.0,78,337,199,7,5,3,10,2,96,31,Matches
122,Oliver Edvardsen,no NOR,"FW,MF",Go Ahead Eag,26-047,1999,9.9,390,17,80,138,180,42,390,33,16,48.5,14,42.4,247,1356,737,24,18,11,33,21,277,56,Matches
123,Victor Edvardsen,se SWE,"FW,MF",Go Ahead Eag,29-111,1996,27.4,874,24,90,350,445,111,874,35,14,40.0,20,57.1,524,2307,1080,41,25,10,44,28,639,177,Matches
124,Espen van Ee,nl NED,MF,Heerenveen,21-304,2003,23.5,1544,46,332,885,345,14,1544,32,12,37.5,17,53.1,820,3820,1623,23,33,1,43,26,1001,43,Matches
125,Mike Eerdhuijzen,nl NED,DF,Sparta R'dam,24-296,2000,28.2,2337,352,1128,1132,88,28,2337,15,11,73.3,3,20.0,1298,6771,4461,30,18,1,15,6,1513,10,Matches
Rk,Player,Nation,Pos,Squad,Age,Born,90s,Touches,Def Pen,Def 3rd,Mid 3rd,Att 3rd,Att Pen,Live,Att,Succ,Succ%,Tkld,Tkld%,Carries,TotDist,PrgDist,PrgC,1/3,CPA,Mis,Dis,Rec,PrgR,Matches
126,Roshon van Eijma,cw CUW,DF,RKC Waalwijk,26-330,1998,17.9,1066,206,635,421,14,7,1066,2,1,50.0,0,0.0,541,3097,1479,10,1,0,8,5,600,1,Matches
127,Carel Eiting,nl NED,MF,Sparta R'dam,27-083,1998,9.8,491,29,92,236,168,16,491,10,2,20.0,7,70.0,201,1063,525,11,12,2,11,6,251,25,Matches
128,Carel Eiting,nl NED,MF,Twente,27-083,1998,6.5,528,9,89,250,193,12,528,8,5,62.5,2,25.0,249,1095,610,18,16,2,6,2,322,21,Matches
129,Hjalmar Ekdal,se SWE,DF,Groningen,26-196,1998,11.0,716,76,335,361,21,8,716,6,4,66.7,2,33.3,364,1949,961,10,4,0,4,2,434,1,Matches
130,Úmaro Embaló,pt POR,FW,Fortuna Sittard,23-364,2001,0.1,4,0,0,0,4,1,4,0,0,,0,,4,16,5,0,0,0,1,0,4,2,Matches
131,Noam Emeran,fr FRA,"DF,MF",Groningen,22-223,2002,0.7,39,1,11,21,10,1,39,0,0,,0,,15,70,44,1,1,1,3,1,18,4,Matches
132,Mario Engels,de GER,"FW,MF",Heracles Almelo,31-195,1993,23.3,704,17,87,242,385,76,704,49,16,32.7,29,59.2,381,2543,1193,59,31,28,44,37,421,137,Matches
133,Alonzo Engwanda,be BEL,"MF,DF",Utrecht,22-098,2003,11.1,544,29,151,309,89,2,544,13,5,38.5,8,61.5,233,890,366,5,7,0,15,6,256,12,Matches
134,Ante Erceg,hr CRO,"FW,MF",Fortuna Sittard,35-144,1989,3.2,107,2,8,51,50,11,107,8,3,37.5,3,37.5,55,256,83,1,0,2,11,10,77,12,Matches
135,Luca Everink,nl NED,DF,Go Ahead Eag,24-085,2001,0.6,41,7,25,11,5,1,41,2,1,50.0,1,50.0,9,24,7,0,0,0,1,0,14,2,Matches
136,Juan Familia-Castillo,nl NED,DF,RKC Waalwijk,25-112,2000,14.4,853,64,312,302,247,6,853,20,10,50.0,10,50.0,414,2239,1129,34,16,0,20,8,470,60,Matches
137,Kevin Felida,cw CUW,"MF,FW",RKC Waalwijk,25-175,1999,4.7,275,6,67,132,78,7,275,10,4,40.0,5,50.0,154,961,588,17,11,1,10,5,172,16,Matches
138,Saná Fernandes,pt POR,"FW,MF",NAC Breda,19-056,2006,5.2,258,3,35,117,118,18,258,24,11,45.8,13,54.2,168,1392,766,19,16,9,14,16,186,34,Matches
139,Nick Fichtinger,nl NED,MF,Zwolle,21-029,2004,9.5,519,44,180,248,95,7,519,4,2,50.0,2,50.0,209,980,495,6,8,0,11,7,275,12,Matches
140,Kolbeinn Finnsson,is ISL,DF,Utrecht,25-253,1999,1.0,62,8,30,20,13,0,62,0,0,,0,,22,134,73,1,2,0,2,0,24,3,Matches
141,Kian Fitz-Jim,nl NED,MF,Ajax,21-304,2003,12.7,728,18,117,347,271,37,728,32,17,53.1,13,40.6,419,2074,1065,24,20,3,27,17,506,63,Matches
142,Ryan Flamingo,nl NED,DF,PSV Eindhoven,22-125,2002,29.7,3024,194,1101,1823,112,33,3024,5,3,60.0,1,20.0,1883,10063,5501,24,14,0,14,3,2220,10,Matches
143,Sherel Floranus,cw CUW,DF,Almere City,26-255,1998,2.0,135,14,51,67,17,0,135,2,0,0.0,2,100.0,64,424,266,2,3,0,3,2,73,5,Matches
144,Sherel Floranus,cw CUW,DF,Zwolle,26-255,1998,17.0,1051,82,406,448,204,12,1051,18,6,33.3,12,66.7,395,1603,741,15,9,0,23,6,501,50,Matches
145,Carlos Forbs,pt POR,FW,Ajax,21-047,2004,0.4,17,0,1,7,10,3,17,3,1,33.3,2,66.7,14,139,89,5,3,1,2,0,13,3,Matches
146,Ryan Fosso,ch SUI,MF,Fortuna Sittard,22-322,2002,26.3,1311,70,358,770,200,11,1311,32,18,56.3,12,37.5,696,3251,1302,17,21,3,34,21,809,19,Matches
147,Oscar Fraulo,dk DEN,MF,Utrecht,21-150,2003,16.3,756,30,146,418,202,37,756,24,9,37.5,10,41.7,378,2228,961,22,19,4,25,22,406,58,Matches
148,Anton Gaaei,dk DEN,DF,Ajax,22-167,2002,17.8,1248,42,290,521,448,35,1248,17,5,29.4,10,58.8,669,3968,2082,63,35,10,24,12,795,145,Matches
149,Matt Garbett,nz NZL,"FW,MF",NAC Breda,23-022,2002,6.4,232,6,41,129,66,8,232,15,7,46.7,7,46.7,130,737,368,10,5,2,18,16,151,22,Matches
150,Anselmo García MacNulty,ie IRL,DF,Zwolle,22-075,2003,31.0,2214,332,1201,936,86,29,2214,5,4,80.0,1,20.0,1183,5435,2962,20,19,0,13,5,1507,16,Matches
Rk,Player,Nation,Pos,Squad,Age,Born,90s,Touches,Def Pen,Def 3rd,Mid 3rd,Att 3rd,Att Pen,Live,Att,Succ,Succ%,Tkld,Tkld%,Carries,TotDist,PrgDist,PrgC,1/3,CPA,Mis,Dis,Rec,PrgR,Matches
151,Stijn van Gassel,nl NED,GK,NEC Nijmegen,28-199,1996,2.0,91,80,90,1,0,0,91,0,0,,0,,48,392,290,0,0,0,0,0,28,0,Matches
152,Lutsharel Geertruida,nl NED,DF,Feyenoord,24-291,2000,3.0,209,6,42,132,35,9,209,5,1,20.0,4,80.0,131,516,269,1,3,2,1,1,151,8,Matches
153,Liam van Gelderen,nl NED,DF,RKC Waalwijk,24-043,2001,27.0,1548,255,825,639,95,9,1548,18,6,33.3,12,66.7,778,4845,2512,29,17,2,18,11,845,21,Matches
154,Djomar Giersthove,nl NED,DF,Feyenoord,20-061,2005,0.1,10,0,2,7,1,1,10,0,0,,0,,7,33,9,0,0,0,0,0,8,0,Matches
155,Teun Gijselhart,nl NED,MF,Zwolle,20-029,2005,0.3,17,2,10,7,0,0,17,0,0,,0,,4,27,11,0,0,0,2,0,7,0,Matches
156,Santiago Giménez,mx MEX,FW,Feyenoord,24-017,2001,8.5,207,5,10,70,128,62,205,25,8,32.0,15,60.0,130,586,208,7,4,4,22,15,149,51,Matches
157,Mika Godts,be BEL,FW,Ajax,19-332,2005,16.8,833,12,83,301,468,101,833,101,48,47.5,49,48.5,572,4791,2297,75,41,35,43,34,634,160,Matches
158,Wouter Goes,nl NED,DF,AZ Alkmaar,20-329,2004,20.8,1593,147,662,885,60,17,1593,10,5,50.0,4,40.0,1012,5513,3510,33,16,0,11,2,1128,5,Matches
159,Facundo González,uy URU,DF,Feyenoord,21-333,2003,0.9,57,7,31,19,7,2,57,0,0,,0,,39,245,172,2,2,0,2,0,42,0,Matches
160,Roberto González,es ESP,"MF,FW",NEC Nijmegen,24-119,2001,10.9,450,5,43,227,185,40,450,33,9,27.3,22,66.7,248,1367,565,21,13,3,17,12,317,42,Matches
161,Tristan Gooijer,nl NED,DF,Zwolle,20-245,2004,0.3,18,7,13,5,0,0,18,0,0,,0,,11,32,13,0,0,0,0,0,11,0,Matches
162,Marvin da Graça,lu LUX,DF,Almere City,30-077,1995,6.0,313,34,136,127,52,10,313,6,3,50.0,2,33.3,158,703,331,5,3,0,1,1,154,14,Matches
163,Simon Graves Jensen,dk DEN,DF,Zwolle,25-348,1999,22.7,1612,241,800,783,31,11,1612,4,3,75.0,1,25.0,838,3698,2182,12,5,0,7,0,1052,4,Matches
164,Leo Greiml,at AUT,DF,NAC Breda,23-306,2001,26.7,1775,351,1009,700,73,28,1775,3,1,33.3,2,66.7,904,4126,2181,16,7,0,9,3,1048,2,Matches
165,Dario Grujcic,at AUT,"DF,MF",Fortuna Sittard,25-351,1999,2.9,204,32,94,88,22,4,204,2,1,50.0,1,50.0,83,370,218,3,5,1,4,0,100,2,Matches
166,Baptiste Guillaume,be BEL,"FW,MF",Almere City,29-323,1995,4.3,166,3,9,66,92,35,166,2,1,50.0,1,50.0,62,187,94,2,1,1,10,4,126,17,Matches
167,Eser Gürbüz,nl NED,FW,Heerenveen,18-060,2007,1.5,99,4,17,30,54,9,99,18,9,50.0,8,44.4,56,374,145,5,4,2,6,3,57,25,Matches
168,Rodrigo Guth,br BRA,DF,Fortuna Sittard,24-176,2000,27.5,1757,282,914,725,124,73,1757,4,2,50.0,1,25.0,925,4791,2233,11,6,1,16,7,1096,12,Matches
169,Jonathan de Guzmán,nl NED,MF,Sparta R'dam,37-234,1987,0.4,31,0,7,16,8,1,31,0,0,,0,,17,75,44,1,1,1,0,0,22,0,Matches
170,Anis Hadj Moussa,dz ALG,"FW,MF",Feyenoord,23-083,2002,19.4,1024,8,80,344,614,120,1024,107,42,39.3,61,57.0,636,5122,2713,105,47,68,45,35,708,193,Matches
171,Alen Halilović,hr CRO,"MF,FW",Fortuna Sittard,28-321,1996,19.7,856,8,113,442,314,38,855,42,22,52.4,19,45.2,467,2742,1255,37,31,10,27,22,543,60,Matches
172,Denzel Hall,nl NED,DF,Heerenveen,23-348,2001,6.2,512,20,196,243,80,4,512,2,1,50.0,1,50.0,244,1191,624,4,7,0,7,0,282,9,Matches
173,Sébastien Haller,ci CIV,FW,Utrecht,30-317,1994,12.2,490,19,38,246,211,69,490,14,4,28.6,8,57.1,253,999,303,8,9,0,47,20,355,59,Matches
174,Dávid Hancko,sk SVK,DF,Feyenoord,27-143,1997,29.0,2667,271,1104,1321,257,79,2667,27,12,44.4,14,51.9,1643,8876,5760,58,47,3,11,12,1920,54,Matches
175,Kornelius Hansen,no NOR,"FW,MF",Almere City,23-364,2001,20.2,680,22,112,234,350,74,680,66,19,28.8,41,62.1,417,2587,1147,45,23,15,59,30,436,130,Matches
Rk,Player,Nation,Pos,Squad,Age,Born,90s,Touches,Def Pen,Def 3rd,Mid 3rd,Att 3rd,Att Pen,Live,Att,Succ,Succ%,Tkld,Tkld%,Carries,TotDist,PrgDist,PrgC,1/3,CPA,Mis,Dis,Rec,PrgR,Matches
176,Sontje Hansen,nl NED,"FW,MF",NEC Nijmegen,22-358,2002,18.5,760,15,105,326,354,84,760,73,37,50.7,31,42.5,497,3584,1692,74,34,33,70,34,551,149,Matches
177,Quilindschy Hartman,nl NED,DF,Feyenoord,23-172,2001,6.2,481,17,135,246,103,7,481,6,3,50.0,3,50.0,259,1348,797,12,10,0,6,1,293,22,Matches
178,Jorrel Hato,nl NED,DF,Ajax,19-059,2006,26.0,1780,75,509,886,395,65,1780,23,7,30.4,16,69.6,935,4259,1926,38,30,7,28,23,1132,83,Matches
179,Mike Hauptmeijer,nl NED,GK,Zwolle,28-048,1997,4.0,152,144,152,0,0,0,152,0,0,,0,,91,481,303,0,0,0,0,0,68,0,Matches
180,Thom Haye,id IDN,MF,Almere City,30-085,1995,19.7,1208,45,231,648,345,6,1208,24,9,37.5,14,58.3,573,2804,1382,23,26,2,14,17,620,28,Matches
181,Jordan Henderson,eng ENG,MF,Ajax,34-322,1990,17.8,1652,74,327,984,353,12,1652,14,6,42.9,8,57.1,980,4261,2189,31,28,1,10,6,1197,29,Matches
182,Lucas Vennegoor of Hesselink,nl NED,"FW,MF",Twente,19-052,2006,0.7,25,1,1,12,12,6,25,1,0,0.0,0,0.0,12,26,7,0,1,0,3,0,20,6,Matches
183,Mees Hilgers,id IDN,DF,Twente,23-357,2001,18.4,1219,126,577,588,65,18,1219,5,3,60.0,2,40.0,732,4562,3105,22,15,0,11,1,801,5,Matches
184,Mees Hoedemakers,nl NED,MF,NEC Nijmegen,27-076,1998,19.2,1214,65,364,705,154,13,1214,12,6,50.0,6,50.0,607,3188,1394,15,16,3,19,5,758,15,Matches
185,Justin Hoogma,nl NED,DF,Heracles Almelo,26-328,1998,2.8,198,35,114,77,8,4,198,1,1,100.0,0,0.0,102,620,402,3,0,0,0,0,122,2,Matches
186,Sydney van Hooijdonk,nl NED,FW,NAC Breda,25-088,2000,9.8,292,12,27,140,126,39,292,11,4,36.4,7,63.6,156,566,180,5,7,4,15,7,218,53,Matches
187,Nikolai Hopland,no NOR,DF,Heerenveen,20-285,2004,25.9,1990,222,891,1013,96,30,1990,20,13,65.0,5,25.0,1150,5849,3293,24,15,0,12,10,1353,2,Matches
188,Siebe Horemans,be BEL,DF,Utrecht,26-337,1998,26.2,1698,122,634,715,360,21,1698,32,15,46.9,16,50.0,703,2768,1103,18,16,2,17,5,860,80,Matches
189,Jizz Hornkamp,nl NED,"FW,MF",Heracles Almelo,27-059,1998,15.3,470,25,42,245,187,48,469,25,11,44.0,14,56.0,218,936,372,10,11,2,42,18,291,56,Matches
190,Jeroen Houwen,nl NED,GK,RKC Waalwijk,29-076,1996,24.0,998,830,992,7,0,0,998,0,0,,0,,576,2955,1600,0,0,0,0,0,497,0,Matches
191,Johan Hove,no NOR,MF,Groningen,24-240,2000,19.4,1021,45,175,629,224,21,1021,17,9,52.9,7,41.2,488,1747,669,8,7,3,19,11,629,32,Matches
192,Joël Ideho,nl NED,FW,Sparta R'dam,21-292,2003,1.9,91,1,11,42,40,7,91,10,4,40.0,5,50.0,50,408,141,6,5,2,10,6,54,10,Matches
193,Younes Taha El Idrissi,ma MAR,FW,Twente,,,1.6,103,0,9,23,72,6,103,7,0,0.0,7,100.0,70,436,215,7,7,1,4,6,75,30,Matches
194,Mohammed Ihattaren,nl NED,"MF,FW",RKC Waalwijk,23-082,2002,14.5,901,17,121,355,438,58,900,57,24,42.1,33,57.9,550,3448,1822,66,37,30,29,26,605,106,Matches
195,Hwang In-beom,kr KOR,MF,Feyenoord,28-227,1996,16.2,1136,31,199,618,327,13,1136,17,6,35.3,9,52.9,600,3115,1339,22,33,4,15,12,781,48,Matches
196,Zidane Iqbal,iq IRQ,MF,Utrecht,22-008,2003,16.1,964,38,208,597,172,2,964,18,13,72.2,5,27.8,622,3295,1531,15,26,0,21,8,662,11,Matches
197,Luka Ivanušec,hr CRO,"FW,MF",Feyenoord,26-160,1998,5.4,281,6,32,119,133,25,281,22,7,31.8,14,63.6,178,1078,489,19,14,8,10,11,207,39,Matches
198,Joey Jacobs,nl NED,DF,Almere City,25-025,2000,11.7,614,91,321,254,44,8,614,3,2,66.7,1,33.3,276,1463,653,3,1,0,6,0,313,3,Matches
199,Alireza Jahanbakhsh,ir IRN,"FW,MF",Heerenveen,31-267,1993,16.1,985,31,116,421,458,78,984,63,22,34.9,38,60.3,537,2540,1265,33,27,10,40,15,689,158,Matches
200,Alexander Jakobsen,eg EGY,"FW,MF",RKC Waalwijk,31-048,1994,0.8,48,1,12,16,20,3,48,4,0,0.0,4,100.0,26,150,69,2,1,0,1,4,30,5,Matches
Rk,Player,Nation,Pos,Squad,Age,Born,90s,Touches,Def Pen,Def 3rd,Mid 3rd,Att 3rd,Att Pen,Live,Att,Succ,Succ%,Tkld,Tkld%,Carries,TotDist,PrgDist,PrgC,1/3,CPA,Mis,Dis,Rec,PrgR,Matches
201,Dean James,id IDN,DF,Go Ahead Eag,25-005,2000,18.3,1106,66,319,405,393,23,1106,20,9,45.0,10,50.0,509,2623,1366,36,33,4,18,6,614,81,Matches
202,Dominik Janošek,cz CZE,MF,NAC Breda,26-326,1998,12.2,836,14,143,463,237,11,835,21,9,42.9,10,47.6,460,2015,796,13,11,1,16,14,543,46,Matches
203,Dies Janse,nl NED,DF,Ajax,19-108,2006,3.0,310,8,76,205,30,4,310,2,2,100.0,0,0.0,220,1404,932,13,8,0,2,1,244,3,Matches
204,Ali Jasim,iq IRQ,"FW,MF",Almere City,21-105,2004,2.5,147,0,17,47,85,21,147,9,2,22.2,7,77.8,105,751,379,11,8,10,10,9,107,19,Matches
205,Victor Jensen,dk DEN,MF,Utrecht,25-086,2000,11.1,464,12,75,230,162,47,464,9,2,22.2,7,77.8,225,1151,475,13,11,4,23,10,282,50,Matches
206,Owen Johnson,nl NED,MF,Fortuna Sittard,19-244,2005,0.0,2,0,0,0,2,1,2,0,0,,0,,1,1,0,0,0,0,1,0,2,2,Matches
207,Miliano Jonathans,nl NED,"FW,MF",Utrecht,21-030,2004,2.3,118,4,16,42,62,7,118,8,1,12.5,4,50.0,76,500,218,8,8,3,9,3,86,27,Matches
208,Luuk de Jong,nl NED,FW,PSV Eindhoven,34-251,1990,24.2,973,38,75,376,528,201,969,14,5,35.7,9,64.3,393,1119,377,8,14,6,60,22,713,163,Matches
209,Tika de Jonge,nl NED,MF,Groningen,22-055,2003,13.8,846,46,196,477,176,12,846,39,21,53.8,16,41.0,390,2057,951,18,19,1,24,12,439,17,Matches
210,Patrick Joosten,nl NED,"MF,FW",Willem II,29-021,1996,7.2,279,4,33,108,140,21,279,11,2,18.2,8,72.7,173,1052,545,16,12,5,20,10,205,45,Matches
211,Mauro Júnior,br BRA,"DF,MF",PSV Eindhoven,25-364,1999,19.3,1653,51,365,805,503,42,1653,55,29,52.7,25,45.5,951,5058,2718,52,38,11,23,9,1092,120,Matches
212,Hidde Jurjus,nl NED,GK,Groningen,31-085,1994,1.0,48,32,45,3,0,0,48,0,0,,0,,30,159,67,0,0,0,0,0,31,0,Matches
213,Daniël van Kaam,nl NED,MF,Heracles Almelo,24-316,2000,11.6,618,21,122,331,170,9,618,9,1,11.1,7,77.8,320,1778,764,13,15,0,10,5,362,18,Matches
214,Junior Kadile,fr FRA,"FW,MF",Almere City,22-140,2002,22.2,895,24,140,318,452,101,895,97,35,36.1,59,60.8,541,3981,1928,69,33,27,73,47,619,174,Matches
215,Jochem van de Kamp,nl NED,"MF,FW",Almere City,21-184,2003,22.2,1020,38,227,549,250,28,1020,31,17,54.8,9,29.0,420,1925,807,17,14,5,19,15,501,46,Matches
216,Ahmetcan Kaplan,tr TUR,DF,Ajax,22-109,2003,6.2,576,62,213,324,41,6,576,4,3,75.0,1,25.0,371,1995,1197,7,8,0,4,4,437,1,Matches
217,Daniel Karlsbakk,no NOR,FW,Heerenveen,22-028,2003,3.0,90,8,11,38,41,15,90,3,1,33.3,2,66.7,46,239,75,4,7,2,13,4,61,26,Matches
218,Souffian El Karouani,ma MAR,DF,Utrecht,24-198,2000,30.0,1969,80,518,771,701,38,1969,38,15,39.5,21,55.3,855,4787,2611,89,59,6,27,21,913,172,Matches
219,Rick Karsdorp,nl NED,DF,PSV Eindhoven,30-083,1995,7.5,661,16,156,377,131,3,661,2,1,50.0,1,50.0,371,1411,621,9,7,1,1,3,490,25,Matches
220,Neraysho Kasanwirjo,nl NED,DF,Feyenoord,23-076,2002,1.3,130,8,44,78,8,1,130,0,0,,0,,76,353,193,1,1,0,0,0,90,2,Matches
221,Denso Kasius,nl NED,DF,AZ Alkmaar,22-211,2002,13.1,926,45,259,336,347,36,926,39,18,46.2,21,53.8,512,3628,1766,51,41,22,17,8,543,102,Matches
222,Adam Kayed,ps PLE,"MF,DF",NAC Breda,23-064,2002,5.1,254,8,54,113,92,20,254,18,8,44.4,10,55.6,120,713,421,16,11,5,7,12,151,30,Matches
223,Dennis Kaygin,de GER,"MF,FW",Willem II,21-033,2004,1.5,87,4,21,47,19,2,87,3,0,0.0,3,100.0,47,204,70,0,1,1,6,1,57,6,Matches
224,Emilio Kehrer,de GER,"FW,MF",Willem II,23-046,2002,8.2,308,18,52,111,148,23,308,25,11,44.0,13,52.0,172,1015,559,18,10,9,23,9,189,57,Matches
225,Fabian de Keijzer,nl NED,GK,Heracles Almelo,24-360,2000,31.0,1279,1051,1266,13,0,0,1279,0,0,,0,,708,3065,1743,0,0,0,0,0,669,0,Matches
Rk,Player,Nation,Pos,Squad,Age,Born,90s,Touches,Def Pen,Def 3rd,Mid 3rd,Att 3rd,Att Pen,Live,Att,Succ,Succ%,Tkld,Tkld%,Carries,TotDist,PrgDist,PrgC,1/3,CPA,Mis,Dis,Rec,PrgR,Matches
226,Boy Kemper,nl NED,DF,NAC Breda,25-318,1999,24.7,1407,97,467,625,335,39,1407,23,10,43.5,9,39.1,607,3507,1882,49,44,3,39,11,723,78,Matches
227,Sam Kersten,nl NED,DF,Heerenveen,27-095,1998,23.9,1810,216,862,899,57,20,1810,5,5,100.0,0,0.0,1044,4802,2747,8,5,0,9,3,1201,3,Matches
228,Joey Kesting,nl NED,GK,RKC Waalwijk,24-059,2001,3.0,114,96,114,0,0,0,114,0,0,,0,,66,323,164,0,0,0,0,0,59,0,Matches
229,Joshua Kitolano,no NOR,MF,Sparta R'dam,23-275,2001,15.6,760,37,152,419,203,32,760,27,12,44.4,10,37.0,374,1935,958,18,23,3,25,13,462,39,Matches
230,Mathias Kjølø,no NOR,MF,Twente,23-312,2001,6.8,503,22,123,299,85,2,503,3,1,33.3,2,66.7,265,1129,445,5,10,0,7,5,341,20,Matches
231,Davy Klaassen,nl NED,MF,Ajax,32-073,1993,21.8,1055,61,247,509,303,64,1054,16,7,43.8,8,50.0,471,1522,574,9,11,1,12,6,643,65,Matches
232,Mike Kleijn,nl NED,DF,Sparta R'dam,20-085,2005,1.1,79,3,17,35,27,4,79,0,0,,0,,39,283,155,4,2,0,1,1,44,8,Matches
233,Mats Köhlert,de GER,DF,Heerenveen,27-003,1998,24.5,2130,81,651,840,656,19,2130,32,10,31.3,20,62.5,1032,5433,2819,64,45,1,27,15,1246,138,Matches
234,Don-Angelo Konadu,nl NED,FW,Ajax,19-002,2006,0.7,31,0,1,11,19,4,31,2,1,50.0,1,50.0,18,59,22,2,0,1,6,2,25,8,Matches
235,Terence Kongolo,nl NED,DF,NAC Breda,31-080,1994,7.8,429,69,218,178,34,15,429,4,0,0.0,2,50.0,184,790,438,3,1,0,5,3,215,10,Matches
236,Luuk Koopmans,nl NED,GK,Fortuna Sittard,31-168,1993,6.0,200,160,194,6,0,0,200,0,0,,0,,93,720,377,0,0,0,0,0,62,0,Matches
237,Peer Koopmeiners,nl NED,"MF,DF",AZ Alkmaar,25-001,2000,28.0,1986,93,461,1084,460,25,1986,22,8,36.4,14,63.6,1004,4462,2177,33,27,5,25,16,1168,60,Matches
238,Hasip Korkmazyürek,de GER,MF,Fortuna Sittard,22-004,2003,0.1,4,1,1,1,2,1,4,0,0,,0,,1,14,10,1,0,0,0,0,1,1,Matches
239,Roy Kortsmit,nl NED,GK,NAC Breda,32-252,1992,1.0,33,19,33,0,0,0,33,0,0,,0,,21,96,57,0,0,0,1,0,18,0,Matches
240,Martin Koscelník,sk SVK,DF,NAC Breda,30-064,1995,1.2,72,6,34,23,15,3,72,2,0,0.0,2,100.0,19,93,21,1,0,0,3,0,24,2,Matches
241,Kacper Kostorz,pl POL,"FW,MF",NAC Breda,25-257,1999,5.9,192,3,18,105,71,20,192,14,6,42.9,8,57.1,81,424,195,8,6,1,19,12,126,23,Matches
242,Joris Kramer,nl NED,DF,Go Ahead Eag,28-276,1996,30.8,2635,361,1339,1181,132,43,2635,9,5,55.6,3,33.3,1568,7486,4452,29,24,1,19,7,1826,15,Matches
243,Michiel Kramer,nl NED,FW,RKC Waalwijk,36-153,1988,7.3,211,7,23,107,82,29,211,1,0,0.0,1,100.0,101,253,71,0,2,0,11,3,149,30,Matches
244,Filip Krastev,bg BUL,"FW,MF",Zwolle,23-202,2001,21.5,1158,21,207,516,460,73,1158,121,58,47.9,55,45.5,653,4104,1739,59,59,22,90,53,768,112,Matches
245,Wessel Kuhn,nl NED,DF,PSV Eindhoven,18-231,2006,0.1,18,0,4,7,8,1,18,1,1,100.0,0,0.0,6,24,15,0,1,0,1,0,7,1,Matches
246,Roy Kuijpers,nl NED,"FW,MF",NAC Breda,25-108,2000,2.6,102,2,27,35,44,9,102,6,1,16.7,5,83.3,53,415,268,10,5,6,6,1,52,15,Matches
247,Bas Kuipers,nl NED,DF,Twente,30-261,1994,16.4,1022,62,331,379,317,31,1022,8,1,12.5,5,62.5,473,1909,1006,23,12,4,18,3,602,96,Matches
248,Luka Kulenović,ba BIH,FW,Heracles Almelo,25-218,1999,14.4,440,12,33,205,206,65,440,21,5,23.8,14,66.7,192,855,346,11,11,7,30,22,321,59,Matches
249,Harry Kuster,nl NED,"FW,MF",Twente,19-236,2005,0.1,7,0,0,5,2,2,7,0,0,,0,,5,32,15,1,0,1,0,0,6,0,Matches
250,Dave Kwakman,nl NED,"MF,FW",AZ Alkmaar,20-271,2004,1.7,97,5,25,58,16,0,97,8,6,75.0,2,25.0,61,339,153,2,5,0,2,0,63,2,Matches
Rk,Player,Nation,Pos,Squad,Age,Born,90s,Touches,Def Pen,Def 3rd,Mid 3rd,Att 3rd,Att Pen,Live,Att,Succ,Succ%,Tkld,Tkld%,Carries,TotDist,PrgDist,PrgC,1/3,CPA,Mis,Dis,Rec,PrgR,Matches
251,Dave Kwakman,nl NED,"FW,MF",Groningen,20-271,2004,9.0,414,10,54,214,153,19,414,33,9,27.3,21,63.6,240,1216,499,16,15,1,15,16,272,41,Matches
252,Amine Lachkar,nl NED,MF,Willem II,22-017,2003,17.7,1060,89,296,659,117,8,1060,16,9,56.3,5,31.3,594,3197,1541,17,16,1,24,18,662,11,Matches
253,Gustaf Lagerbielke,se SWE,DF,Twente,25-025,2000,16.1,1282,166,643,602,43,16,1282,5,4,80.0,1,20.0,735,3864,1938,8,4,0,7,3,793,1,Matches
254,Mayckel Lahdo,se SWE,FW,AZ Alkmaar,22-126,2002,9.4,393,6,32,131,239,48,393,52,24,46.2,26,50.0,292,2549,1158,46,25,25,21,20,297,90,Matches
255,Boris lambert,be BEL,MF,Willem II,25-025,2000,13.7,729,67,264,409,63,9,729,12,6,50.0,6,50.0,306,1597,756,11,7,3,17,8,390,8,Matches
256,Sam Lammers,nl NED,FW,Twente,28-005,1997,16.7,591,15,39,242,314,99,591,21,9,42.9,12,57.1,346,1238,472,22,13,16,46,13,464,122,Matches
257,Tygo Land,nl NED,MF,PSV Eindhoven,19-114,2006,0.4,48,0,5,26,18,1,48,2,2,100.0,0,0.0,35,237,106,3,0,1,0,1,40,3,Matches
258,Noa Lang,nl NED,FW,PSV Eindhoven,25-322,1999,18.0,1237,9,65,393,797,141,1237,81,29,35.8,50,61.7,806,6794,3715,140,74,74,47,25,925,223,Matches
259,Tobias Lauritsen,no NOR,FW,Sparta R'dam,27-248,1997,27.1,832,33,53,404,380,137,830,17,9,52.9,8,47.1,313,1103,449,14,4,5,62,16,603,115,Matches
260,James Lawrence,wls WAL,DF,Almere City,32-256,1992,16.8,948,130,464,431,58,20,948,5,4,80.0,1,20.0,490,2364,1219,6,6,0,5,1,535,5,Matches
261,Richy Ledezma,us USA,DF,PSV Eindhoven,24-241,2000,18.7,1799,39,347,988,479,18,1799,23,10,43.5,12,52.2,1018,4300,1933,37,24,4,11,6,1277,99,Matches
262,Clint Leemans,nl NED,MF,NAC Breda,29-232,1995,17.0,897,32,153,424,328,34,896,10,5,50.0,5,50.0,387,1628,691,14,13,4,20,11,537,70,Matches
263,Julian Lelieveld,nl NED,"DF,MF",RKC Waalwijk,27-162,1997,20.9,1300,171,602,504,201,15,1300,4,3,75.0,1,25.0,633,2731,1389,13,11,0,15,9,725,45,Matches
264,Bryan Limbombe,be BEL,"MF,FW",Heracles Almelo,23-356,2001,4.2,147,3,24,39,85,16,147,19,10,52.6,8,42.1,95,712,401,18,8,6,7,10,107,28,Matches
265,Marcus Linday,se SWE,MF,Heerenveen,21-337,2003,13.0,768,33,171,435,177,15,768,19,8,42.1,10,52.6,443,2429,1177,26,21,3,24,10,494,47,Matches
266,Bryan Linssen,nl NED,FW,NEC Nijmegen,34-209,1990,6.7,183,8,35,62,89,30,183,7,2,28.6,4,57.1,87,391,204,5,6,4,13,4,103,25,Matches
267,Evert Linthorst,nl NED,MF,Go Ahead Eag,25-063,2000,25.1,1595,101,426,893,283,9,1595,21,10,47.6,10,47.6,897,3599,1627,17,27,3,24,12,1097,31,Matches
268,Enric Llansana,nl NED,MF,Go Ahead Eag,24-023,2001,28.2,1982,155,596,1046,357,46,1982,31,12,38.7,17,54.8,954,4486,2195,31,25,6,43,22,1136,30,Matches
269,Chris Lokesa,be BEL,"FW,MF",RKC Waalwijk,20-179,2004,10.3,421,4,62,191,174,33,421,52,25,48.1,24,46.2,293,1883,873,35,22,11,30,30,306,64,Matches
270,Tim van de Loo,,MF,RKC Waalwijk,,,17.7,776,40,213,434,146,10,776,27,17,63.0,9,33.3,387,2417,1147,29,23,3,48,22,413,20,Matches
271,Marcos López,pe PER,MF,Feyenoord,25-166,1999,1.0,73,2,15,25,33,2,73,3,0,0.0,1,33.3,39,188,110,2,0,1,1,1,43,16,Matches
272,Jordan Lotomba,ch SUI,DF,Feyenoord,26-218,1998,5.4,333,13,81,185,72,9,333,12,6,50.0,4,33.3,152,868,472,12,12,2,5,4,179,6,Matches
273,Hirving Lozano,mx MEX,FW,PSV Eindhoven,29-279,1995,3.2,224,2,21,71,138,29,224,14,6,42.9,7,50.0,142,1054,516,18,7,8,12,6,175,61,Matches
274,Sayfallah Ltaief,tn TUN,FW,Twente,25-013,2000,12.8,665,5,54,201,425,77,665,80,41,51.3,30,37.5,471,4307,2455,83,53,43,42,24,511,167,Matches
275,Boyd Lucassen,nl NED,"DF,FW",NAC Breda,26-308,1998,13.6,631,47,219,265,153,17,631,14,6,42.9,6,42.9,249,1146,597,16,15,3,18,10,277,51,Matches
Rk,Player,Nation,Pos,Squad,Age,Born,90s,Touches,Def Pen,Def 3rd,Mid 3rd,Att 3rd,Att Pen,Live,Att,Succ,Succ%,Tkld,Tkld%,Carries,TotDist,PrgDist,PrgC,1/3,CPA,Mis,Dis,Rec,PrgR,Matches
276,Milos Lukovic,rs SRB,FW,Heerenveen,19-168,2005,5.9,140,2,8,60,73,27,139,7,2,28.6,4,57.1,67,278,89,3,3,2,21,2,79,17,Matches
277,Thierry Lutonda,be BEL,DF,Zwolle,24-190,2000,5.2,335,27,144,139,56,5,335,12,6,50.0,6,50.0,121,465,253,5,3,2,4,9,146,16,Matches
278,Leftheris Lyratzis,gr GRE,DF,NEC Nijmegen,25-072,2000,7.4,362,20,98,146,119,7,362,9,5,55.6,4,44.4,183,1272,769,26,7,1,5,3,203,45,Matches
279,Enes Mahmutovic,lu LUX,DF,NAC Breda,27-348,1997,6.2,320,49,171,140,17,9,320,1,0,0.0,0,0.0,149,648,234,1,3,0,8,0,157,1,Matches
280,Seiya Maikuma,jp JPN,DF,AZ Alkmaar,27-201,1997,20.1,1332,75,428,587,326,46,1332,19,9,47.4,10,52.6,603,2714,1245,24,17,3,31,15,684,89,Matches
281,Tyrell Malacia,nl NED,DF,PSV Eindhoven,25-261,1999,3.8,303,13,72,133,101,8,303,9,3,33.3,6,66.7,168,1017,570,16,7,2,4,3,197,19,Matches
282,Christopher Mamengi,nl NED,DF,Almere City,24-032,2001,2.5,123,25,61,51,11,4,123,0,0,,0,,65,399,145,1,1,0,3,2,69,1,Matches
283,Sivert Mannsverk,no NOR,MF,Ajax,22-362,2002,2.0,141,9,26,88,29,0,141,4,3,75.0,1,25.0,74,439,203,4,6,0,1,0,84,1,Matches
284,Braydon Manu,gh GHA,"FW,DF",Zwolle,28-038,1997,0.7,30,0,5,15,10,1,30,4,1,25.0,2,50.0,19,132,54,1,1,0,3,4,19,7,Matches
285,Elías Már Ómarsson,is ISL,FW,NAC Breda,30-107,1995,24.0,584,17,76,292,227,72,584,38,15,39.5,21,55.3,301,1362,626,17,19,3,42,24,363,83,Matches
286,Richonell Margaret,sr SUR,FW,RKC Waalwijk,24-240,2000,25.1,1078,22,131,432,550,98,1077,165,73,44.2,84,50.9,692,4844,2262,84,60,23,127,85,751,211,Matches
287,Maxim Mariani,nl NED,DF,Groningen,20-183,2004,0.2,18,4,9,7,2,1,18,0,0,,0,,7,56,50,0,0,0,0,0,7,1,Matches
288,Iván Márquez,es ESP,DF,NEC Nijmegen,30-330,1994,21.6,1560,214,808,700,61,23,1560,5,4,80.0,0,0.0,832,3681,1909,10,4,1,11,3,1021,8,Matches
289,Bruno Martins Indi,nl NED,DF,AZ Alkmaar,33-086,1992,6.1,520,47,198,291,33,4,520,2,0,0.0,1,50.0,353,1682,977,6,10,0,1,1,396,5,Matches
290,Matheus,br BRA,GK,Ajax,32-290,1992,9.0,409,339,406,4,0,0,409,2,2,100.0,0,0.0,267,1190,735,0,0,0,0,0,252,0,Matches
291,Jens Mathijsen,,DF,Willem II,,,0.9,41,12,25,14,3,0,41,0,0,,0,,9,28,11,0,0,0,1,1,12,0,Matches
292,Faiz Mattoir,km COM,"FW,MF",Almere City,24-297,2000,3.1,138,4,26,47,70,10,138,21,7,33.3,13,61.9,77,510,265,12,6,3,11,10,90,24,Matches
293,Faissal Al Mazyani,be BEL,DF,RKC Waalwijk,20-107,2005,15.2,1124,66,468,498,174,8,1124,25,14,56.0,11,44.0,529,2637,1432,28,21,1,24,6,571,31,Matches
294,Dylan Mbayo,be BEL,"FW,MF",Zwolle,23-206,2001,20.9,766,11,98,268,415,87,766,106,43,40.6,55,51.9,513,4528,2481,105,66,46,55,34,582,184,Matches
295,Mexx Meerdink,nl NED,"FW,MF",AZ Alkmaar,21-285,2003,7.7,327,7,16,118,195,54,327,24,10,41.7,12,50.0,186,683,222,8,4,5,30,4,252,59,Matches
296,Ringo Meerveld,nl NED,"MF,FW",Willem II,24-135,2000,29.4,1397,32,215,736,479,44,1397,100,62,62.0,32,32.0,875,5391,2693,62,47,9,41,41,1011,82,Matches
297,Aaron Meijers,nl NED,DF,RKC Waalwijk,37-189,1987,8.2,472,32,156,215,104,3,472,3,1,33.3,1,33.3,211,898,452,11,5,1,3,2,252,22,Matches
298,Rick Meissen,nl NED,DF,Sparta R'dam,23-070,2002,8.5,645,69,294,340,14,4,645,1,1,100.0,0,0.0,361,1901,1062,9,5,0,2,0,430,5,Matches
299,Rui Mendes,de GER,"MF,FW",Groningen,25-176,1999,5.7,157,3,24,56,81,23,157,7,3,42.9,4,57.1,83,379,168,4,2,3,14,8,96,27,Matches
300,Julien Mesbahi,ma MAR,FW,Twente,19-094,2006,0.0,3,3,3,0,0,0,3,0,0,,0,,0,0,0,0,0,0,0,0,0,0,Matches
Rk,Player,Nation,Pos,Squad,Age,Born,90s,Touches,Def Pen,Def 3rd,Mid 3rd,Att 3rd,Att Pen,Live,Att,Succ,Succ%,Tkld,Tkld%,Carries,TotDist,PrgDist,PrgC,1/3,CPA,Mis,Dis,Rec,PrgR,Matches
301,Ivan Mesík,sk SVK,DF,Heracles Almelo,23-338,2001,29.3,1943,337,1091,760,101,30,1943,12,6,50.0,4,33.3,1112,7166,3786,40,30,4,16,6,1219,14,Matches
302,Metinho,br BRA,MF,Sparta R'dam,22-012,2003,4.0,267,19,58,150,63,10,267,6,5,83.3,0,0.0,159,1063,672,18,8,5,8,3,173,13,Matches
303,Edouard Michut,fr FRA,"MF,FW",Fortuna Sittard,22-062,2003,9.5,386,13,85,197,106,15,386,10,5,50.0,4,40.0,192,949,371,5,6,5,22,14,220,22,Matches
304,Sven Mijnans,nl NED,"MF,FW",AZ Alkmaar,25-057,2000,22.0,1294,29,165,594,544,93,1294,37,15,40.5,20,54.1,668,2374,979,22,16,9,39,30,846,132,Matches
305,Antoni Milambo,nl NED,MF,Feyenoord,20-032,2005,20.1,853,16,123,444,305,32,853,35,15,42.9,18,51.4,447,2491,1209,34,37,2,40,29,590,67,Matches
306,Lorenzo Milani,it ITA,DF,Heracles Almelo,23-348,2001,3.1,188,13,76,59,55,11,188,6,0,0.0,5,83.3,81,467,257,7,4,3,3,0,84,21,Matches
307,Mateja Milovanovic,rs SRB,DF,Heerenveen,21-017,2004,0.2,18,2,8,10,0,0,18,0,0,,0,,11,31,18,0,0,0,0,0,13,0,Matches
308,David Min,nl NED,FW,Utrecht,25-316,1999,13.1,423,21,46,192,188,50,423,18,9,50.0,8,44.4,225,1032,322,9,9,2,51,24,309,64,Matches
309,Damon Mirani,nl NED,DF,Heracles Almelo,28-357,1996,30.5,2032,259,1025,927,91,30,2032,5,3,60.0,2,40.0,1132,5300,2566,11,9,1,11,3,1324,10,Matches
310,Jeyland Mitchell,cr CRC,DF,Feyenoord,20-218,2004,0.2,14,2,5,5,4,2,14,1,0,0.0,1,100.0,3,11,5,0,0,0,0,0,7,0,Matches
311,Shunsuke Mito,jp JPN,FW,Sparta R'dam,22-219,2002,15.7,630,12,85,257,300,76,630,53,17,32.1,34,64.2,391,2782,1152,48,23,29,41,29,435,144,Matches
312,Josip Mitrović,hr CRO,"DF,MF",Fortuna Sittard,24-328,2000,9.1,411,15,115,163,139,16,411,25,10,40.0,12,48.0,192,1049,471,14,11,3,21,12,223,45,Matches
313,Jakub Moder,pl POL,MF,Feyenoord,26-028,1999,10.3,577,26,125,318,141,22,575,18,4,22.2,14,77.8,270,1512,665,14,10,4,16,12,358,21,Matches
314,Jorthy Mokio,be BEL,"MF,DF",Ajax,17-065,2008,4.4,250,13,60,120,74,14,250,11,7,63.6,4,36.4,145,773,365,12,13,2,11,9,162,17,Matches
315,Lars Mol,nl NED,MF,NAC Breda,20-232,2004,2.6,107,4,25,52,32,8,107,6,3,50.0,2,33.3,63,288,130,2,1,1,7,2,63,9,Matches
316,Jamiro Monteiro,cv CPV,MF,Zwolle,31-163,1993,21.2,1176,10,200,612,381,32,1176,42,18,42.9,21,50.0,668,2930,1029,19,25,5,63,39,824,89,Matches
317,Alex Mortensen,se SWE,"FW,MF",Groningen,22-296,2002,0.1,5,0,2,2,2,0,5,0,0,,0,,1,5,0,0,0,0,1,0,2,0,Matches
318,David Møller Wolfe,no NOR,DF,AZ Alkmaar,23-012,2002,24.8,1548,43,417,667,476,63,1548,47,17,36.2,28,59.6,885,5424,2847,76,57,11,30,14,977,130,Matches
319,Chris Nadje,fr FRA,MF,Feyenoord,23-264,2001,2.2,88,0,10,42,38,13,88,8,2,25.0,4,50.0,57,362,183,8,3,6,8,4,64,11,Matches
320,Adamo Nagalo,bf BFA,DF,PSV Eindhoven,22-225,2002,1.9,193,12,67,119,8,2,193,0,0,,0,,131,653,275,1,0,0,1,0,134,2,Matches
321,Adi Nalic,ba BIH,"MF,FW",Almere City,27-155,1997,7.7,347,6,55,165,131,19,347,28,17,60.7,11,39.3,206,1228,494,16,13,2,34,15,223,44,Matches
322,Younes Namli,dk DEN,"FW,MF",Zwolle,30-319,1994,9.6,565,18,77,268,230,29,565,37,17,45.9,18,48.6,318,2165,994,31,21,13,16,21,399,52,Matches
323,Mohamed Nassoh,nl NED,FW,Sparta R'dam,22-099,2003,15.8,854,19,133,339,391,54,854,50,23,46.0,23,46.0,534,3287,1734,64,31,21,40,24,625,141,Matches
324,Gerrit Nauber,de GER,DF,Go Ahead Eag,33-022,1992,26.7,1769,333,998,721,58,34,1769,4,3,75.0,1,25.0,997,4255,2176,2,3,0,9,2,1159,3,Matches
325,Camiel Neghli,nl NED,FW,Sparta R'dam,23-180,2001,15.4,810,14,110,309,409,46,810,46,20,43.5,23,50.0,469,3835,1601,55,40,14,47,20,561,121,Matches
Rk,Player,Nation,Pos,Squad,Age,Born,90s,Touches,Def Pen,Def 3rd,Mid 3rd,Att 3rd,Att Pen,Live,Att,Succ,Succ%,Tkld,Tkld%,Carries,TotDist,PrgDist,PrgC,1/3,CPA,Mis,Dis,Rec,PrgR,Matches
326,Ion Nicolaescu,md MDA,FW,Heerenveen,26-240,1998,13.2,335,9,29,133,178,73,333,37,15,40.5,22,59.5,173,1113,542,20,12,14,27,21,229,59,Matches
327,Reuven Niemeijer,nl NED,"MF,DF",RKC Waalwijk,30-039,1995,2.5,88,1,24,31,34,8,88,8,3,37.5,4,50.0,39,183,85,3,2,3,4,1,51,8,Matches
328,Bart Nieuwkoop,nl NED,"DF,MF",Feyenoord,29-059,1996,5.2,258,13,57,126,78,15,258,5,2,40.0,3,60.0,109,522,242,5,5,1,8,1,132,31,Matches
329,Olivier de Nijs,nl NED,"MF,FW",Almere City,20-177,2004,0.3,18,1,4,7,7,3,18,1,0,0.0,1,100.0,9,56,26,1,0,0,1,2,12,0,Matches
330,Rob Nizet,be BEL,DF,Willem II,23-021,2002,7.6,515,24,145,214,161,11,515,9,4,44.4,5,55.6,289,1762,925,33,26,4,8,5,314,49,Matches
331,Kristian Nökkvi Hlynsson,is ISL,MF,Sparta R'dam,21-102,2004,10.5,469,9,64,213,198,22,469,12,4,33.3,6,50.0,244,1624,737,17,18,3,23,3,276,46,Matches
332,Kristian Nökkvi Hlynsson,is ISL,"MF,FW",Ajax,21-102,2004,2.1,107,5,12,52,43,8,107,3,1,33.3,1,33.3,67,331,104,4,3,1,5,5,76,11,Matches
333,Andries Noppert,nl NED,GK,Heerenveen,31-028,1994,13.0,586,477,582,4,0,0,586,0,0,,0,,342,1444,748,0,0,0,0,0,330,0,Matches
334,Ché Nunnely,nl NED,"FW,MF",Heerenveen,26-090,1999,2.9,128,1,17,41,73,11,128,14,6,42.9,7,50.0,85,745,311,12,7,2,13,4,90,25,Matches
335,Bram Nuytinck,nl NED,DF,NEC Nijmegen,35-001,1990,18.8,1305,208,691,559,60,32,1305,4,1,25.0,3,75.0,782,3686,1997,8,9,0,13,0,893,10,Matches
336,Armando Obispo,nl NED,DF,PSV Eindhoven,26-061,1999,4.3,404,29,155,232,17,4,404,1,0,0.0,1,100.0,244,1235,699,7,2,0,1,1,281,1,Matches
337,Koki Ogawa,jp JPN,FW,NEC Nijmegen,27-270,1997,17.8,432,11,48,203,190,78,431,9,6,66.7,3,33.3,217,912,289,6,7,1,35,24,297,47,Matches
338,Noah Ohio,nl NED,FW,Utrecht,22-109,2003,6.9,269,13,25,127,124,34,268,24,8,33.3,15,62.5,155,1019,421,18,17,5,27,17,212,50,Matches
339,Lars Olden Larsen,no NOR,"MF,FW",NEC Nijmegen,26-230,1998,3.0,122,5,22,64,37,9,122,3,0,0.0,3,100.0,74,303,134,4,3,2,7,4,87,13,Matches
340,Fredrik Oldrup Jensen,no NOR,MF,NAC Breda,31-352,1993,13.0,675,51,204,378,97,15,675,4,1,25.0,3,75.0,306,1515,653,7,8,0,9,5,382,12,Matches
341,Nick Olij,nl NED,GK,Sparta R'dam,29-277,1995,31.0,1432,1015,1421,11,0,0,1432,0,0,,0,,1005,5293,3603,0,0,0,2,0,877,0,Matches
342,Lucas Oliveira Rosa,br BRA,DF,Ajax,25-032,2000,2.1,145,9,63,60,26,0,145,4,1,25.0,3,75.0,63,383,221,7,2,0,6,0,79,3,Matches
343,Simon Olsson,se SWE,MF,Heerenveen,27-233,1997,8.7,453,5,91,221,143,20,453,34,13,38.2,20,58.8,266,1136,433,6,11,1,13,18,326,32,Matches
344,Basar Onal,tr TUR,"FW,MF",NEC Nijmegen,20-303,2004,14.4,636,8,85,212,354,50,636,61,22,36.1,36,59.0,372,2989,1539,60,37,21,46,16,416,125,Matches
345,Diego van Oorschot,nl NED,"MF,FW",Heracles Almelo,19-215,2005,0.3,14,0,1,3,10,2,14,0,0,,0,,9,48,27,2,1,2,4,0,12,2,Matches
346,Thijs Oosting,nl NED,"FW,MF",Groningen,25-003,2000,8.7,348,9,37,166,147,25,348,11,2,18.2,9,81.8,172,675,284,10,6,2,23,11,222,53,Matches
347,Fredrik Oppegard,no NOR,DF,PSV Eindhoven,22-271,2002,3.1,220,5,43,101,79,11,220,8,5,62.5,3,37.5,132,807,536,16,9,7,7,2,166,41,Matches
348,Yanick van Osch,nl NED,GK,RKC Waalwijk,28-042,1997,3.0,150,128,148,2,0,0,150,0,0,,0,,77,393,197,0,0,0,0,0,67,0,Matches
349,Ibrahim Osman,gh GHA,"FW,MF",Feyenoord,20-157,2004,8.7,354,2,34,103,227,56,354,58,20,34.5,30,51.7,256,2130,1200,45,23,31,25,21,252,105,Matches
350,Sami Ouaissa,nl NED,"MF,FW",NEC Nijmegen,20-215,2004,17.5,598,11,82,253,277,56,598,44,16,36.4,26,59.1,340,2001,883,24,26,11,45,27,371,90,Matches
Rk,Player,Nation,Pos,Squad,Age,Born,90s,Touches,Def Pen,Def 3rd,Mid 3rd,Att 3rd,Att Pen,Live,Att,Succ,Succ%,Tkld,Tkld%,Carries,TotDist,PrgDist,PrgC,1/3,CPA,Mis,Dis,Rec,PrgR,Matches
351,Ayoub Oufkir,nl NED,"FW,DF",Sparta R'dam,19-121,2006,0.5,42,1,5,21,16,1,42,2,1,50.0,1,50.0,25,132,58,2,0,0,1,2,27,8,Matches
352,Yassin Oukili,nl NED,MF,RKC Waalwijk,24-122,2001,21.6,1006,56,255,482,278,54,1006,32,21,65.6,10,31.3,522,2678,1193,32,33,3,44,21,584,73,Matches
353,Thomas Ouwejan,nl NED,"DF,MF",NEC Nijmegen,28-217,1996,17.9,1071,44,270,408,400,20,1070,20,7,35.0,12,60.0,435,2225,1081,28,31,1,13,8,486,82,Matches
354,Rome-Jayden Owusu-Oduro,nl NED,GK,AZ Alkmaar,20-307,2004,25.0,788,712,782,5,1,1,788,2,2,100.0,0,0.0,460,2063,987,0,0,0,1,0,415,0,Matches
355,Igor Paixão,br BRA,"FW,MF",Feyenoord,24-311,2000,29.0,1393,24,115,452,852,160,1393,130,53,40.8,66,50.8,860,6100,3343,128,68,66,59,23,939,302,Matches
356,Troy Parrott,ie IRL,FW,AZ Alkmaar,23-090,2002,24.2,746,22,53,273,428,142,744,30,10,33.3,17,56.7,435,1941,851,32,20,18,60,25,534,153,Matches
357,Remko Pasveer,nl NED,GK,Ajax,41-178,1983,21.0,949,770,940,10,0,0,949,0,0,,0,,653,2745,1415,0,0,0,2,1,592,0,Matches
358,Raul Paula,de GER,"FW,MF",NAC Breda,21-100,2004,7.2,262,4,41,139,85,14,262,18,7,38.9,11,61.1,156,957,352,16,9,6,10,14,199,32,Matches
359,Marcus Pedersen,no NOR,MF,Feyenoord,24-293,2000,0.1,8,0,0,4,4,0,8,0,0,,0,,6,25,11,1,0,0,0,0,6,3,Matches
360,Marvin Peersman,be BEL,DF,Groningen,34-084,1991,19.0,1335,125,490,645,215,20,1335,16,10,62.5,5,31.3,686,2978,1515,18,19,2,26,10,780,63,Matches
361,Joey Pelupessy,id IDN,"MF,DF",Groningen,31-355,1993,3.3,162,13,46,103,14,0,162,0,0,,0,,77,335,166,2,1,0,0,1,92,1,Matches
362,Alexandre Penetra,pt POR,DF,AZ Alkmaar,23-238,2001,25.8,2048,212,873,1137,46,13,2048,4,3,75.0,1,25.0,1299,6854,3907,21,17,0,4,0,1493,3,Matches
363,Ricardo Pepi,us USA,FW,PSV Eindhoven,22-116,2003,7.7,276,7,20,100,161,57,276,22,12,54.5,10,45.5,162,745,288,10,6,7,22,10,204,53,Matches
364,Brayann Pereira,fr FRA,DF,NEC Nijmegen,21-349,2003,20.5,1197,84,399,484,331,27,1197,59,23,39.0,30,50.8,578,3922,1976,64,35,13,30,29,587,90,Matches
365,Lucas Pérez,es ESP,"FW,MF",PSV Eindhoven,36-237,1988,0.2,13,0,1,6,7,2,13,0,0,,0,,6,22,5,0,0,0,0,0,7,1,Matches
366,Ivan Perišić,hr CRO,FW,PSV Eindhoven,36-092,1989,17.5,1056,24,110,381,575,85,1056,25,14,56.0,11,44.0,598,3271,1640,63,30,22,23,15,768,213,Matches
367,Kristoffer Peterson,se SWE,"FW,MF",Fortuna Sittard,30-158,1994,18.3,764,26,110,262,407,69,761,93,34,36.6,51,54.8,444,3809,2034,78,51,31,50,23,505,147,Matches
368,Hristiyan Petrov,bg BUL,DF,Heerenveen,22-315,2002,1.1,69,3,23,35,13,1,69,0,0,,0,,17,91,45,1,2,0,2,0,27,5,Matches
369,Oscar Pettersson,se SWE,"FW,MF",Go Ahead Eag,25-093,2000,1.5,53,2,6,13,35,6,53,1,0,0.0,1,100.0,27,162,69,3,3,2,1,0,35,17,Matches
370,Ivo Pinto,pt POR,DF,Fortuna Sittard,35-118,1990,25.5,1401,78,478,549,388,15,1401,30,13,43.3,17,56.7,649,3720,1982,67,42,3,28,12,750,100,Matches
371,Miodrag Pivas,rs SRB,"DF,MF",Willem II,19-353,2005,0.3,36,7,25,9,2,1,36,0,0,,0,,17,81,28,0,0,0,1,0,25,0,Matches
372,Luca Plogmann,de GER,GK,Go Ahead Eag,25-056,2000,17.0,720,603,715,5,0,0,720,0,0,,0,,492,2272,1390,0,0,0,0,0,443,0,Matches
373,Suf Podgoreanu,il ISR,"FW,MF",Heracles Almelo,23-105,2002,23.0,921,32,142,347,449,65,921,59,17,28.8,35,59.3,522,3470,1525,69,37,27,62,41,608,150,Matches
374,Emanuel Poku,nl NED,FW,Almere City,19-290,2005,1.4,32,1,3,10,21,7,32,5,3,60.0,2,40.0,19,120,71,2,3,2,7,3,18,7,Matches
375,Ernest Poku,nl NED,FW,AZ Alkmaar,21-097,2004,14.3,512,16,63,164,300,65,512,47,22,46.8,25,53.2,333,2945,1711,66,50,38,37,25,360,104,Matches
Rk,Player,Nation,Pos,Squad,Age,Born,90s,Touches,Def Pen,Def 3rd,Mid 3rd,Att 3rd,Att Pen,Live,Att,Succ,Succ%,Tkld,Tkld%,Carries,TotDist,PrgDist,PrgC,1/3,CPA,Mis,Dis,Rec,PrgR,Matches
376,Romano Postema,nl NED,"FW,MF",Groningen,23-087,2002,12.1,362,11,45,165,154,34,361,16,1,6.3,12,75.0,207,816,355,13,5,4,32,12,255,65,Matches
377,Wouter Prins,nl NED,DF,Groningen,21-088,2004,16.6,847,41,280,340,233,10,847,15,1,6.7,12,80.0,271,1350,550,14,16,0,26,7,309,42,Matches
378,Dirk Proper,nl NED,MF,NEC Nijmegen,23-070,2002,24.0,1345,81,319,830,206,28,1345,15,4,26.7,8,53.3,731,3074,1127,10,15,2,23,17,888,27,Matches
379,Ruben Providence,ht HAI,"FW,MF",Almere City,23-302,2001,5.5,184,1,26,83,80,10,184,12,7,58.3,5,41.7,109,764,293,13,9,3,15,11,123,31,Matches
380,Jeffry Puriel,bq BOE,FW,Almere City,22-170,2002,0.3,5,0,2,0,3,0,5,0,0,,0,,2,14,0,0,0,0,1,0,1,1,Matches
381,Teo Quintero,ve VEN,DF,Sparta R'dam,26-064,1999,6.4,545,59,270,263,15,9,545,2,1,50.0,1,50.0,345,1920,1115,3,1,0,4,1,376,0,Matches
382,Bojan Radulovic,rs SRB,FW,Fortuna Sittard,25-127,1999,3.4,103,4,6,49,48,14,103,4,3,75.0,0,0.0,41,172,27,0,1,0,12,4,81,11,Matches
383,Dimitris Rallis,nl NED,FW,Heerenveen,20-040,2005,9.6,298,10,25,145,133,34,298,22,12,54.5,7,31.8,174,852,316,11,11,4,35,24,217,66,Matches
384,Diant Ramaj,de GER,GK,Ajax,23-228,2001,1.0,53,40,50,3,0,0,53,1,1,100.0,0,0.0,40,159,107,0,0,0,0,0,39,0,Matches
385,Christian Rasmussen,dk DEN,FW,Ajax,22-106,2003,2.4,132,0,14,31,92,32,132,12,4,33.3,8,66.7,82,580,302,13,5,3,10,2,89,35,Matches
386,Khaled Razak,nl NED,FW,Willem II,19-143,2005,0.1,8,2,4,3,1,0,8,0,0,,0,,3,10,0,0,0,0,2,0,3,2,Matches
387,Givairo Read,nl NED,DF,Feyenoord,18-337,2006,19.0,1368,42,410,659,308,38,1368,32,17,53.1,15,46.9,725,3326,1531,35,17,7,28,10,815,86,Matches
388,Tim Receveur,nl NED,MF,Almere City,33-279,1991,1.0,35,4,10,20,5,1,35,0,0,,0,,9,53,14,0,0,0,1,0,12,1,Matches
389,Zepiqueno Redmond,nl NED,FW,Feyenoord,18-317,2006,1.8,35,0,1,12,23,7,35,2,1,50.0,1,50.0,20,47,34,2,0,1,3,1,25,6,Matches
390,Youri Regeer,nl NED,MF,Ajax,21-260,2003,0.3,18,0,2,9,7,3,18,1,1,100.0,0,0.0,6,31,6,0,0,0,1,0,7,0,Matches
391,Youri Regeer,nl NED,MF,Twente,21-260,2003,14.9,1017,38,197,566,261,31,1017,15,5,33.3,10,66.7,548,2640,1222,25,16,3,25,8,692,76,Matches
392,Eliano Reijnders,id IDN,DF,Zwolle,24-194,2000,10.4,647,39,243,269,146,16,647,10,5,50.0,5,50.0,320,1663,733,18,10,2,16,5,369,41,Matches
393,Boyd Reith,nl NED,DF,Sparta R'dam,25-334,1999,9.7,745,35,238,330,183,2,745,15,7,46.7,6,40.0,345,1291,579,13,12,1,8,5,428,64,Matches
394,Devyne Rensch,nl NED,DF,Ajax,22-107,2003,12.4,887,25,209,446,238,30,887,7,3,42.9,4,57.1,485,2024,917,16,21,1,8,7,587,47,Matches
395,Marco Rente,de GER,DF,Groningen,28-069,1997,26.0,1783,154,706,908,179,32,1783,18,8,44.4,9,50.0,882,4287,2420,21,15,3,23,7,1037,41,Matches
396,Stije Resink,nl NED,MF,Almere City,21-342,2003,2.6,114,10,38,59,20,3,114,8,5,62.5,1,12.5,53,293,168,0,2,0,2,3,61,6,Matches
397,Stije Resink,nl NED,MF,Groningen,21-342,2003,20.7,1317,40,259,855,222,27,1317,48,31,64.6,17,35.4,659,3552,1702,33,26,4,31,21,789,27,Matches
398,Milan Robberechts,be BEL,MF,Fortuna Sittard,21-062,2004,0.1,12,0,1,3,8,0,12,0,0,,0,,9,64,34,0,2,0,0,1,11,4,Matches
399,Thomas Robinet,fr FRA,"MF,FW",Almere City,28-260,1996,27.1,869,42,133,356,385,116,869,27,14,51.9,13,48.1,403,1360,321,12,9,2,52,35,548,103,Matches
400,Miguel Rodríguez,es ESP,"FW,MF",Utrecht,22-006,2003,12.1,561,1,67,207,303,74,561,62,28,45.2,27,43.5,326,2142,1134,36,30,15,51,18,361,107,Matches
Rk,Player,Nation,Pos,Squad,Age,Born,90s,Touches,Def Pen,Def 3rd,Mid 3rd,Att 3rd,Att Pen,Live,Att,Succ,Succ%,Tkld,Tkld%,Carries,TotDist,PrgDist,PrgC,1/3,CPA,Mis,Dis,Rec,PrgR,Matches
401,Robin Roefs,nl NED,GK,NEC Nijmegen,22-108,2003,29.0,1215,1012,1198,18,0,0,1215,0,0,,0,,736,3588,1794,0,0,0,1,0,623,0,Matches
402,Godfried Roemeratoe,cw CUW,MF,RKC Waalwijk,25-259,1999,16.3,736,58,232,443,65,4,736,7,2,28.6,4,57.1,373,1973,904,14,9,0,20,10,407,6,Matches
403,Ole Romeny,id IDN,FW,Utrecht,24-319,2000,8.1,358,12,60,133,169,34,358,18,5,27.8,11,61.1,235,1648,858,28,17,9,19,7,267,77,Matches
404,Bart van Rooij,nl NED,DF,Twente,23-344,2001,28.7,2130,100,689,989,470,23,2130,26,8,30.8,14,53.8,1062,5721,2878,62,49,3,21,10,1211,91,Matches
405,Bart van Rooij,nl NED,DF,NEC Nijmegen,23-344,2001,2.0,113,8,42,53,21,0,113,4,3,75.0,0,0.0,41,247,89,2,2,0,0,1,49,3,Matches
406,Kaj de Rooij,nl NED,"FW,MF",Zwolle,24-161,2000,3.2,158,3,12,84,63,12,158,10,3,30.0,5,50.0,79,416,122,5,6,3,9,6,114,29,Matches
407,Ruben Roosken,nl NED,DF,Heracles Almelo,25-064,2000,13.6,688,34,202,240,251,15,688,42,15,35.7,26,61.9,305,1669,814,28,16,5,22,10,314,76,Matches
408,Loreintz Rosier,fr FRA,"MF,DF",Fortuna Sittard,26-264,1998,21.9,1455,121,512,793,163,28,1455,19,15,78.9,2,10.5,728,3554,1839,24,16,0,19,9,826,15,Matches
409,Daan Rots,nl NED,FW,Twente,23-284,2001,22.4,1015,18,111,424,492,80,1015,39,14,35.9,22,56.4,592,3097,1505,37,21,14,34,30,704,189,Matches
410,Mats Rots,nl NED,DF,Heracles Almelo,19-055,2006,11.6,676,40,234,284,172,16,676,37,20,54.1,17,45.9,302,1780,826,16,16,3,20,9,328,31,Matches
411,Manu Royo,es ESP,DF,NAC Breda,31-066,1994,1.2,58,8,32,17,9,0,58,1,0,0.0,1,100.0,18,93,16,0,0,0,0,0,27,4,Matches
412,Daniele Rugani,it ITA,DF,Ajax,30-280,1994,7.2,689,75,311,363,19,8,689,0,0,,0,,429,1994,1118,5,1,0,2,0,493,0,Matches
413,Pim Saathof,nl NED,DF,Go Ahead Eag,21-128,2003,0.9,59,13,37,22,0,0,59,0,0,,0,,39,172,105,1,0,0,0,0,39,0,Matches
414,Michal Sadílek,cz CZE,"MF,DF",Twente,25-339,1999,15.1,977,45,246,520,220,10,977,5,0,0.0,4,80.0,473,2409,968,21,10,1,9,6,562,32,Matches
415,Ibrahim Sadiq,gh GHA,FW,AZ Alkmaar,24-363,2000,10.2,481,13,62,189,235,44,481,29,8,27.6,19,65.5,283,1389,570,19,18,13,28,11,345,74,Matches
416,Danilo Al Saed,iq IRQ,"MF,FW",Heerenveen,26-070,1999,2.2,99,0,19,26,54,14,99,10,3,30.0,7,70.0,61,533,276,9,5,9,6,4,72,29,Matches
417,Ismael Saibari,ma MAR,MF,PSV Eindhoven,24-097,2001,17.7,1079,17,137,503,456,114,1079,57,27,47.4,29,50.9,642,4134,2356,71,52,23,52,26,815,145,Matches
418,Anass Salah-Eddine,nl NED,DF,Twente,23-107,2002,14.2,1019,38,288,469,285,27,1019,29,14,48.3,15,51.7,584,3709,2121,55,34,11,27,12,666,80,Matches
419,Giandro Sambo,cw CUW,"FW,DF",Heracles Almelo,18-250,2006,0.2,9,1,4,2,3,0,9,0,0,,0,,4,18,9,1,0,0,0,1,5,1,Matches
420,Philippe Sandler,nl NED,DF,NEC Nijmegen,28-084,1997,12.7,935,114,407,493,43,7,935,8,5,62.5,2,25.0,564,3418,2001,21,10,1,7,3,657,9,Matches
421,Cisse Sandra,be BEL,"FW,MF",Willem II,21-140,2003,20.8,833,37,141,416,287,40,833,39,16,41.0,22,56.4,513,2875,961,26,18,8,50,27,612,93,Matches
422,Kodai Sano,jp JPN,"MF,FW",NEC Nijmegen,21-222,2003,18.9,1077,47,225,615,251,25,1077,46,21,45.7,21,45.7,643,3074,1240,17,23,1,33,26,694,43,Matches
423,Leo Sauer,sk SVK,"MF,FW",NAC Breda,19-140,2005,25.4,1086,18,158,420,537,107,1085,119,44,37.0,70,58.8,654,5735,2852,113,72,48,74,45,729,182,Matches
424,Jasper Schendelaar,nl NED,GK,Zwolle,24-245,2000,27.0,1133,1023,1126,8,0,0,1133,1,0,0.0,0,0.0,660,3290,1764,0,0,0,2,0,588,0,Matches
425,Tristan Schenkhuizen,nl NED,"MF,FW",Fortuna Sittard,20-297,2004,0.1,5,0,2,1,2,0,5,0,0,,0,,1,2,0,0,0,0,0,0,1,0,Matches
Rk,Player,Nation,Pos,Squad,Age,Born,90s,Touches,Def Pen,Def 3rd,Mid 3rd,Att 3rd,Att Pen,Live,Att,Succ,Succ%,Tkld,Tkld%,Carries,TotDist,PrgDist,PrgC,1/3,CPA,Mis,Dis,Rec,PrgR,Matches
426,Sem Scheperman,nl NED,MF,Heracles Almelo,22-315,2002,17.2,940,62,287,556,106,16,940,10,3,30.0,7,70.0,409,1879,836,13,9,1,15,8,461,18,Matches
427,Lasse Schöne,dk DEN,MF,NEC Nijmegen,38-343,1986,3.1,234,10,40,145,50,1,234,1,1,100.0,0,0.0,123,660,304,5,4,0,4,4,145,6,Matches
428,Erik Schouten,nl NED,DF,Willem II,33-262,1991,14.6,847,182,505,335,12,4,847,1,1,100.0,0,0.0,430,1704,832,2,3,0,3,0,495,1,Matches
429,Jerdy Schouten,nl NED,MF,PSV Eindhoven,28-113,1997,14.4,1031,29,143,615,283,25,1031,16,11,68.8,4,25.0,589,2510,1113,20,20,1,11,11,780,35,Matches
430,Lewis Schouten,nl NED,MF,AZ Alkmaar,21-090,2004,0.0,0,0,0,0,0,0,0,0,0,,0,,0,0,0,0,0,0,0,0,0,0,Matches
431,Jorg Schreuders,nl NED,"MF,FW",Groningen,20-238,2004,18.7,697,10,86,285,334,37,697,32,11,34.4,18,56.3,398,2354,1083,37,20,13,37,25,479,119,Matches
432,Ilias Sebaoui,be BEL,"FW,MF",Heerenveen,23-213,2001,20.8,852,20,136,301,425,91,852,99,40,40.4,53,53.5,527,3061,1295,44,23,19,66,30,565,178,Matches
433,Mats Seuntjens,nl NED,"FW,MF",Groningen,33-018,1992,7.3,321,7,43,141,139,9,320,12,2,16.7,10,83.3,124,701,180,3,6,2,11,11,180,26,Matches
434,Kento Shiogai,jp JPN,FW,NEC Nijmegen,20-040,2005,5.5,184,6,23,74,91,35,184,8,4,50.0,4,50.0,99,539,265,11,8,3,27,20,119,27,Matches
435,Kaj Sierhuis,nl NED,FW,Fortuna Sittard,27-008,1998,4.4,119,4,10,47,63,17,119,9,4,44.4,5,55.6,61,303,145,0,4,0,13,8,89,18,Matches
436,Oskar Siira Sivertsen,no NOR,FW,Go Ahead Eag,21-079,2004,0.6,43,3,12,9,23,3,43,2,1,50.0,1,50.0,22,108,22,0,0,0,3,5,25,7,Matches
437,Daley Sinkgraven,nl NED,"MF,FW",Fortuna Sittard,29-305,1995,0.9,69,4,20,36,14,1,69,1,1,100.0,0,0.0,38,171,96,2,1,0,0,0,39,1,Matches
438,Aymen Sliti,nl NED,"FW,MF",Feyenoord,19-042,2006,0.5,18,0,0,8,10,6,18,1,0,0.0,1,100.0,11,124,88,4,0,2,1,0,13,5,Matches
439,Gijs Smal,nl NED,"DF,MF",Feyenoord,27-247,1997,13.0,929,21,203,443,298,22,929,11,4,36.4,5,45.5,476,2562,1567,44,39,3,16,6,605,71,Matches
440,Levi Smans,nl NED,"MF,FW",Heerenveen,21-041,2004,22.5,1004,18,112,413,490,66,1004,79,36,45.6,41,51.9,574,3843,1674,62,30,22,77,48,697,136,Matches
441,Kees Smit,nl NED,"MF,FW",AZ Alkmaar,19-105,2006,8.8,514,16,74,218,227,27,514,26,9,34.6,16,61.5,321,1848,758,16,15,4,17,15,360,36,Matches
442,Milan Smit,nl NED,"FW,MF",Go Ahead Eag,22-081,2003,8.5,250,11,24,117,117,43,250,11,2,18.2,8,72.7,147,877,489,17,12,6,19,11,180,36,Matches
443,Kamal Sowah,gh GHA,"MF,FW",NAC Breda,25-116,2000,6.8,323,4,40,133,152,22,323,6,1,16.7,4,66.7,170,666,321,8,16,0,15,7,219,35,Matches
444,Mark Spenkelink,nl NED,GK,RKC Waalwijk,28-098,1997,1.0,52,48,52,0,0,0,52,0,0,,0,,44,142,54,0,0,0,0,0,38,0,Matches
445,Tommy St. Jago,nl NED,DF,Willem II,25-122,2000,30.0,1887,246,937,822,149,16,1887,26,14,53.8,10,38.5,1069,5280,2571,24,21,0,29,10,1140,23,Matches
446,Finn Stam,nl NED,DF,Groningen,22-022,2003,9.0,561,76,231,219,112,5,561,3,1,33.3,2,66.7,244,1202,565,10,11,1,10,5,262,34,Matches
447,Casper Staring,nl NED,MF,NAC Breda,24-093,2001,6.0,246,16,84,132,35,3,246,3,2,66.7,1,33.3,96,326,97,1,0,0,10,3,112,3,Matches
448,Sem Steijn,nl NED,MF,Twente,23-169,2001,27.7,1024,28,145,454,434,121,1018,32,13,40.6,19,59.4,580,2440,1099,32,19,7,40,27,706,132,Matches
449,Calvin Stengs,nl NED,"MF,FW",Feyenoord,26-138,1998,5.9,341,3,18,132,197,26,341,15,5,33.3,9,60.0,222,1295,661,19,15,6,7,9,254,48,Matches
450,Sean Steur,nl NED,MF,Ajax,17-114,2008,0.1,5,1,2,3,0,0,5,0,0,,0,,2,18,9,0,0,0,0,0,4,0,Matches
Rk,Player,Nation,Pos,Squad,Age,Born,90s,Touches,Def Pen,Def 3rd,Mid 3rd,Att 3rd,Att Pen,Live,Att,Succ,Succ%,Tkld,Tkld%,Carries,TotDist,PrgDist,PrgC,1/3,CPA,Mis,Dis,Rec,PrgR,Matches
451,Finn Stokkers,nl NED,FW,Go Ahead Eag,29-017,1996,3.9,148,2,13,57,78,21,148,2,0,0.0,2,100.0,87,368,146,7,5,2,13,9,119,34,Matches
452,Mathis Suray,be BEL,"FW,MF",Go Ahead Eag,23-283,2001,13.2,633,14,118,282,241,25,633,17,10,58.8,6,35.3,358,1845,838,16,23,0,20,18,397,63,Matches
453,Josip Šutalo,hr CRO,DF,Ajax,25-066,2000,24.7,2395,235,946,1386,77,13,2395,24,15,62.5,9,37.5,1628,8369,4785,25,18,1,18,9,1797,3,Matches
454,Youssuf Sylla,be BEL,"FW,MF",Willem II,22-137,2002,1.8,74,7,11,37,27,5,74,3,1,33.3,1,33.3,43,226,47,1,1,0,7,4,57,14,Matches
455,Anas Tahiri,be BEL,MF,Almere City,29-355,1995,17.2,901,48,201,537,170,2,901,6,4,66.7,2,33.3,510,2709,971,13,17,0,20,14,586,16,Matches
456,Benjamin Tahirovic,ba BIH,MF,Ajax,22-063,2003,0.8,62,0,10,49,3,0,62,2,0,0.0,2,100.0,47,146,39,1,1,0,2,0,50,1,Matches
457,Juho Talvitie,fi FIN,"FW,MF",Heracles Almelo,20-046,2005,14.4,540,17,100,179,280,51,540,91,51,56.0,38,41.8,333,2745,1392,47,27,22,35,23,333,95,Matches
458,Oussama Targhalline,ma MAR,MF,Feyenoord,22-350,2002,2.0,166,8,25,105,38,0,166,1,1,100.0,0,0.0,100,649,306,4,5,0,0,2,106,5,Matches
459,Kenneth Taylor,nl NED,"MF,FW",Ajax,22-354,2002,24.4,1331,32,202,617,525,103,1328,36,12,33.3,20,55.6,777,4476,2518,68,46,22,39,16,920,138,Matches
460,Søren Tengstedt,dk DEN,"MF,FW",Go Ahead Eag,24-309,2000,4.7,213,4,25,75,114,31,213,20,7,35.0,12,60.0,136,835,386,12,8,4,10,10,162,28,Matches
461,Jordan Teze,nl NED,DF,PSV Eindhoven,25-217,1999,0.4,53,2,10,34,11,4,53,0,0,,0,,25,68,41,1,0,0,0,0,36,4,Matches
462,Ryan Thomas,nz NZL,MF,Zwolle,30-136,1994,8.0,503,38,147,295,67,6,503,14,1,7.1,11,78.6,226,1259,534,8,12,0,9,11,265,15,Matches
463,Guus Til,nl NED,MF,PSV Eindhoven,27-134,1997,21.2,901,14,77,366,468,138,901,33,8,24.2,24,72.7,516,2347,1015,37,20,14,27,29,712,191,Matches
464,Malik Tillman,us USA,"MF,FW",PSV Eindhoven,22-342,2002,18.3,1144,41,177,505,487,81,1144,59,31,52.5,24,40.7,593,3542,1933,53,37,19,48,35,763,123,Matches
465,Quinten Timber,nl NED,MF,Feyenoord,23-322,2001,15.5,787,12,107,404,296,30,785,48,26,54.2,21,43.8,441,2446,1240,24,30,6,29,20,520,58,Matches
466,Mickaël Tirpan,be BEL,DF,Willem II,31-194,1993,21.4,1370,76,453,636,293,12,1370,20,9,45.0,9,45.0,672,3760,1848,51,26,5,28,16,775,75,Matches
467,Jens Toornstra,nl NED,MF,Utrecht,36-031,1989,14.3,632,17,101,283,258,28,632,18,9,50.0,9,50.0,292,1295,626,19,13,3,19,12,363,65,Matches
468,Bertrand Traoré,bf BFA,FW,Ajax,29-241,1995,17.6,948,13,66,353,542,100,948,81,34,42.0,43,53.1,663,4625,2656,95,65,42,53,33,737,216,Matches
469,Gernot Trauner,at AUT,DF,Feyenoord,33-041,1992,12.7,1148,109,470,630,50,12,1148,1,0,0.0,0,0.0,685,3434,2145,17,14,0,1,0,814,2,Matches
470,Jacob Trenskow,dk DEN,"FW,MF",Heerenveen,24-160,2000,16.6,794,13,106,272,429,81,794,38,12,31.6,24,63.2,457,2887,1417,56,29,25,28,7,547,147,Matches
471,Luka Tunjić,de GER,"FW,MF",Fortuna Sittard,19-167,2005,3.3,141,2,20,53,69,12,141,11,3,27.3,8,72.7,59,300,133,3,4,1,12,3,84,15,Matches
472,Fofin Turay,nl NED,MF,Groningen,20-332,2004,0.0,0,0,0,0,0,0,0,0,0,,0,,0,0,0,0,0,0,0,0,0,0,Matches
473,Calvin Twigt,nl NED,MF,Go Ahead Eag,22-095,2003,5.0,286,24,83,138,67,8,286,3,1,33.3,1,33.3,151,718,213,2,1,0,8,5,184,10,Matches
474,Przemysław Tytoń,pl POL,GK,Twente,38-121,1987,2.0,83,72,82,1,0,0,83,0,0,,0,,51,263,157,0,0,0,0,0,41,0,Matches
475,Ayase Ueda,jp JPN,FW,Feyenoord,26-237,1998,10.6,267,6,18,132,118,45,267,9,4,44.4,5,55.6,157,601,197,8,2,5,42,23,222,52,Matches
Rk,Player,Nation,Pos,Squad,Age,Born,90s,Touches,Def Pen,Def 3rd,Mid 3rd,Att 3rd,Att Pen,Live,Att,Succ,Succ%,Tkld,Tkld%,Carries,TotDist,PrgDist,PrgC,1/3,CPA,Mis,Dis,Rec,PrgR,Matches
476,Lars Unnerstall,de GER,GK,Twente,34-289,1990,29.0,1059,924,1053,6,0,0,1059,2,2,100.0,0,0.0,632,2977,1685,0,0,0,2,0,581,0,Matches
477,Naci Ünüvar,nl NED,FW,Twente,21-326,2003,4.3,213,3,23,73,122,24,213,22,10,45.5,10,45.5,134,954,491,15,12,5,11,9,151,43,Matches
478,Kyan Vaesen,be BEL,FW,Willem II,24-022,2001,18.4,529,26,49,281,204,45,527,20,7,35.0,13,65.0,231,1033,271,6,8,4,53,28,376,63,Matches
479,Etienne Vaessen,sr SUR,GK,Groningen,29-283,1995,30.0,1283,1030,1270,12,1,0,1283,4,3,75.0,1,25.0,775,4463,2678,0,0,0,4,0,624,0,Matches
480,Luciano Valente,it ITA,"MF,FW",Groningen,21-213,2003,27.0,1444,21,154,777,541,67,1444,119,58,48.7,58,48.7,906,5539,2334,57,73,18,65,45,1102,159,Matches
481,Cherrion Valerius,cw CUW,DF,NAC Breda,19-225,2005,10.4,552,35,208,212,136,12,552,15,6,40.0,9,60.0,269,1157,573,9,9,2,20,9,308,43,Matches
482,Dave Van Den Berg,nl NED,MF,Zwolle,25-090,2000,22.7,1281,61,291,638,368,42,1281,28,15,53.6,12,42.9,629,2596,1232,27,26,8,39,21,825,67,Matches
483,Jan Van den Bergh,be BEL,DF,NAC Breda,30-215,1994,29.0,2058,255,992,810,270,42,2058,16,8,50.0,7,43.8,1066,5824,3564,34,41,2,15,13,1219,31,Matches
484,Dario Van den Buijs,be BEL,DF,RKC Waalwijk,29-235,1995,12.3,852,134,456,363,35,5,852,3,1,33.3,2,66.7,438,2393,1292,14,3,0,2,0,518,1,Matches
485,Alec Van Hoorenbeeck,be BEL,DF,Twente,26-126,1998,9.9,796,130,416,349,33,8,796,2,2,100.0,0,0.0,459,2429,1371,2,3,0,7,2,526,5,Matches
486,Syb Van Ottele,nl NED,"DF,MF",Fortuna Sittard,23-092,2002,17.8,1165,148,508,538,126,16,1165,20,12,60.0,8,40.0,575,2946,1665,20,11,1,18,11,633,7,Matches
487,Joey Veerman,nl NED,MF,PSV Eindhoven,26-167,1998,17.6,1703,49,263,861,590,35,1703,13,8,61.5,5,38.5,927,4135,2029,32,36,7,12,13,1210,45,Matches
488,Odysseus Velanas,nl NED,"FW,MF",Zwolle,26-334,1998,12.2,510,19,77,192,248,39,510,24,11,45.8,11,45.8,256,1633,755,29,19,7,26,20,319,86,Matches
489,Apostolos Vellios,gr GRE,FW,Zwolle,33-117,1992,0.1,3,0,0,1,2,0,3,0,0,,0,,2,2,0,0,0,0,1,0,2,1,Matches
490,Dylan Vente,nl NED,FW,Zwolle,25-361,1999,28.0,815,44,89,371,359,99,812,21,7,33.3,13,61.9,367,1809,772,37,14,6,50,14,569,130,Matches
491,Calvin Verdonk,id IDN,DF,NEC Nijmegen,28-009,1997,28.7,2536,182,940,1223,397,22,2536,27,14,51.9,13,48.1,1384,6940,3955,49,51,1,24,5,1568,75,Matches
492,Valentino Vermeulen,nl NED,DF,Willem II,23-289,2001,0.3,21,3,5,9,7,1,21,0,0,,0,,4,14,9,1,0,1,1,0,6,0,Matches
493,Arno Verschueren,be BEL,MF,Sparta R'dam,28-027,1997,18.4,749,33,126,336,295,80,749,16,5,31.3,11,68.8,357,1695,863,36,13,13,38,9,443,103,Matches
494,Arno Verschueren,be BEL,"MF,FW",Twente,28-027,1997,3.4,163,9,38,67,58,12,163,3,0,0.0,3,100.0,71,333,113,5,6,0,10,5,90,18,Matches
495,Dion Versluis,nl NED,FW,NAC Breda,22-077,2003,0.2,11,0,1,8,2,1,11,2,1,50.0,1,50.0,8,39,9,0,0,0,1,0,9,2,Matches
496,Niklas Vesterlund,dk DEN,DF,Utrecht,25-333,1999,4.8,243,21,94,108,41,10,243,3,1,33.3,2,66.7,110,397,165,6,4,2,1,1,134,12,Matches
497,Nick Viergever,nl NED,DF,Utrecht,35-275,1989,29.9,1998,230,934,970,111,32,1998,6,4,66.7,2,33.3,1128,5684,3399,29,19,1,17,3,1250,3,Matches
498,Ricardo Visus,es ESP,DF,Almere City,24-011,2001,19.8,1125,152,571,518,47,18,1125,9,6,66.7,3,33.3,612,4040,2475,22,12,0,10,1,637,3,Matches
499,Michel Vlap,nl NED,"MF,FW",Twente,27-337,1997,24.8,1878,54,353,933,601,59,1878,35,17,48.6,16,45.7,1057,4889,2134,35,36,8,39,27,1288,96,Matches
500,Patrick Vroegh,nl NED,"DF,MF",RKC Waalwijk,25-157,1999,0.4,27,1,9,15,4,0,27,0,0,,0,,11,58,27,0,0,0,0,0,11,0,Matches
Rk,Player,Nation,Pos,Squad,Age,Born,90s,Touches,Def Pen,Def 3rd,Mid 3rd,Att 3rd,Att Pen,Live,Att,Succ,Succ%,Tkld,Tkld%,Carries,TotDist,PrgDist,PrgC,1/3,CPA,Mis,Dis,Rec,PrgR,Matches
501,Wout Weghorst,nl NED,FW,Ajax,32-271,1992,10.3,400,16,34,191,180,69,398,18,6,33.3,11,61.1,209,817,269,6,9,1,27,16,330,71,Matches
502,Daouda Weidmann,ci CIV,MF,RKC Waalwijk,22-001,2003,8.8,370,24,95,201,85,3,370,23,12,52.2,8,34.8,209,1529,700,18,9,1,21,15,218,13,Matches
503,Robbin Weijenberg,nl NED,"MF,FW",Go Ahead Eag,20-178,2004,2.0,164,11,48,72,46,7,164,7,5,71.4,2,28.6,88,409,172,2,2,3,8,4,97,10,Matches
504,Timon Wellenreuther,de GER,GK,Feyenoord,29-153,1995,27.0,1198,829,1168,30,0,0,1198,0,0,,0,,815,4066,2320,0,0,0,0,0,779,0,Matches
505,Jannes Wieckhoff,de GER,DF,Heracles Almelo,24-276,2000,13.6,786,46,240,317,232,6,786,23,8,34.8,12,52.2,396,2483,1257,36,22,3,13,7,421,59,Matches
506,Owen Wijndal,nl NED,DF,Ajax,25-158,1999,2.9,205,3,46,97,64,11,205,2,2,100.0,0,0.0,113,430,170,3,3,1,4,4,136,26,Matches
507,Jordy de Wijs,nl NED,DF,Heerenveen,30-117,1995,0.8,31,9,17,10,4,0,31,2,0,0.0,2,100.0,8,33,1,0,0,0,0,0,9,0,Matches
508,Mees de Wit,nl NED,"DF,FW",AZ Alkmaar,27-018,1998,5.2,421,14,101,214,110,14,421,9,5,55.6,3,33.3,233,1442,824,17,12,2,6,5,272,24,Matches
509,Ricky van Wolfswinkel,nl NED,FW,Twente,36-098,1989,15.1,513,39,89,228,204,57,512,12,3,25.0,9,75.0,198,971,395,15,7,6,26,13,312,71,Matches
510,Luuk Wouters,nl NED,DF,RKC Waalwijk,25-331,1999,9.0,568,57,268,222,81,1,568,10,6,60.0,4,40.0,205,853,439,7,6,0,5,1,254,13,Matches
511,Redouan El Yaakoubi,nl NED,DF,RKC Waalwijk,29-100,1996,4.5,290,43,145,135,10,2,290,4,2,50.0,2,50.0,156,902,570,4,2,1,1,0,181,2,Matches
512,Marvin Young,nl NED,DF,Sparta R'dam,19-215,2005,21.1,1577,136,725,804,52,7,1577,6,0,0.0,6,100.0,895,4876,2587,15,9,1,10,4,1037,10,Matches
513,Vasilios Zagaritis,gr GRE,DF,Almere City,24-001,2001,30.9,1871,122,583,773,551,33,1871,106,52,49.1,47,44.3,876,5700,3087,84,56,9,57,34,872,127,Matches
514,Jan Žambůrek,cz CZE,MF,Heracles Almelo,24-081,2001,9.5,478,23,120,269,96,0,478,14,9,64.3,3,21.4,215,1040,398,8,6,0,14,8,271,13,Matches
515,Oskar Zawada,pl POL,FW,RKC Waalwijk,29-093,1996,20.7,702,35,91,385,232,102,702,18,6,33.3,12,66.7,334,1173,283,7,7,7,52,28,497,69,Matches
516,Gjivai Zechiël,nl NED,MF,Sparta R'dam,20-338,2004,8.5,448,32,120,261,77,9,448,15,8,53.3,5,33.3,231,1246,678,16,13,2,10,5,249,14,Matches
517,Gjivai Zechiël,nl NED,MF,Feyenoord,20-338,2004,2.9,185,1,26,96,64,12,185,7,3,42.9,4,57.1,124,501,187,2,4,1,3,1,138,15,Matches
518,Lequincio Zeefuik,nl NED,"FW,DF",AZ Alkmaar,20-160,2004,0.4,18,0,2,7,10,5,18,1,0,0.0,1,100.0,7,24,8,0,0,0,3,0,12,2,Matches
519,Ramiz Zerrouki,dz ALG,MF,Feyenoord,26-344,1998,12.0,878,18,151,532,200,15,878,7,4,57.1,2,28.6,466,1925,1001,11,13,1,13,6,581,17,Matches
520,Jeroen Zoet,nl NED,GK,AZ Alkmaar,34-119,1991,6.0,233,206,232,1,0,0,233,0,0,,0,,126,614,361,0,0,0,0,0,117,0,Matches
521,Rúnar Þór Sigurgeirsson,is ISL,"DF,FW",Willem II,25-128,1999,21.4,1202,91,478,431,308,25,1202,34,11,32.4,22,64.7,532,2833,1647,42,33,7,27,8,613,90,Matches
522,Nökkvi Þórisson,is ISL,"FW,MF",Sparta R'dam,25-265,1999,1.4,67,4,10,26,32,11,67,4,2,50.0,2,50.0,34,241,152,7,4,4,9,1,43,10,Matches
523,Shiloh ’t Zand,nl NED,"FW,MF",Heracles Almelo,21-356,2003,11.2,461,7,67,242,164,18,461,26,11,42.3,11,42.3,249,1219,524,10,11,2,22,13,305,29,Matches
524,Shiloh ’t Zand,nl NED,MF,Feyenoord,21-356,2003,0.5,17,1,1,7,9,1,17,0,0,,0,,12,39,31,1,0,0,0,0,13,1,Matches
