Unnamed: 0_level_0,Unnamed: 1_level_0,Unnamed: 2_level_0,Unnamed: 3_level_0,Unnamed: 4_level_0,Unnamed: 5_level_0,Unnamed: 6_level_0,Playing Time,Playing Time,Playing Time,Playing Time,Performance,Performance,Performance,Performance,Performance,Performance,Performance,Performance,Expected,Expected,Expected,Expected,Progression,Progression,Progression,Per 90 Minutes,Per 90 Minutes,Per 90 Minutes,Per 90 Minutes,Per 90 Minutes,Per 90 Minutes,Per 90 Minutes,Per 90 Minutes,Per 90 Minutes,Per 90 Minutes,Unnamed: 36_level_0
Rk,Player,Nation,Pos,Squad,Age,Born,MP,Starts,Min,90s,Gls,Ast,G+A,G-PK,PK,PKatt,CrdY,CrdR,xG,npxG,xAG,npxG+xAG,PrgC,PrgP,PrgR,Gls,Ast,G+A,G-PK,G+A-PK,xG,xAG,xG+xAG,npxG,npxG+xAG,Matches
1,Rodrigo Abascal,uy URU,DF,Boavista,31-111,1994,26,26,2329,25.9,0,0,0,0,0,0,7,1,0.8,0.8,1.5,2.3,10,56,17,0.00,0.00,0.00,0.00,0.00,0.03,0.06,0.09,0.03,0.09,Matches
2,Nelson Abbey,eng ENG,DF,Rio Ave,21-250,2003,8,7,635,7.1,0,0,0,0,0,0,1,0,0.1,0.1,0.1,0.2,7,14,7,0.00,0.00,0.00,0.00,0.00,0.01,0.02,0.03,0.01,0.03,Matches
3,Bilal Abdelrahman Zeeni,eg EGY,MF,Estrela,22-104,2003,1,0,8,0.1,0,0,0,0,0,0,0,0,0.0,0.0,0.1,0.1,0,1,1,0.00,0.00,0.00,0.00,0.00,0.18,0.81,0.98,0.18,0.98,Matches
4,Giorgi Aburjania,ge GEO,MF,AVS Futebol,30-123,1995,9,3,306,3.4,0,0,0,0,0,0,0,0,0.3,0.3,0.6,0.9,3,22,4,0.00,0.00,0.00,0.00,0.00,0.09,0.17,0.26,0.09,0.26,Matches
5,Adriano,br BRA,MF,Santa Clara,25-182,1999,30,29,2450,27.2,0,1,1,0,0,0,7,1,0.6,0.6,1.9,2.5,25,94,28,0.00,0.04,0.04,0.00,0.04,0.02,0.07,0.09,0.02,0.09,Matches
6,Lucas Áfrico,br BRA,DF,Farense,30-089,1995,20,19,1667,18.5,1,0,1,1,0,0,6,0,1.3,1.3,0.1,1.3,6,31,3,0.05,0.00,0.05,0.05,0.05,0.07,0.00,0.07,0.07,0.07,Matches
7,Salvador Agra,pt POR,"MF,DF",Boavista,33-175,1991,29,28,2497,27.7,1,2,3,1,0,0,9,1,1.2,1.2,4.0,5.2,54,64,137,0.04,0.07,0.11,0.04,0.11,0.04,0.14,0.19,0.04,0.19,Matches
8,Brandon Aguilera,cr CRC,"MF,FW",Rio Ave,21-311,2003,25,15,1378,15.3,3,1,4,3,0,0,4,0,1.4,1.4,2.2,3.6,26,72,44,0.20,0.07,0.26,0.20,0.26,0.09,0.14,0.23,0.09,0.23,Matches
9,Jorge Aguirre,es ESP,FW,Gil Vicente FC,25-120,2000,29,16,1317,14.6,3,2,5,3,0,0,2,1,3.6,3.6,2.1,5.6,5,22,64,0.21,0.14,0.34,0.21,0.34,0.24,0.14,0.38,0.24,0.38,Matches
10,Babatunde Akinsola,ng NGA,"MF,FW",AVS Futebol,22-056,2003,27,8,926,10.3,2,1,3,2,0,0,0,0,2.3,2.3,0.7,3.0,37,28,68,0.19,0.10,0.29,0.19,0.29,0.23,0.07,0.29,0.23,0.29,Matches
11,Kerem Aktürkoğlu,tr TUR,"FW,MF",Benfica,26-196,1998,28,23,1862,20.7,10,9,19,10,0,0,2,0,9.0,9.0,7.4,16.3,58,64,188,0.48,0.44,0.92,0.48,0.92,0.43,0.36,0.79,0.43,0.79,Matches
12,Léo Alaba,br BRA,DF,AVS Futebol,25-308,1999,4,4,334,3.7,0,0,0,0,0,0,1,0,0.1,0.1,0.0,0.1,2,12,20,0.00,0.00,0.00,0.00,0.00,0.03,0.00,0.03,0.03,0.03,Matches
13,Alan,br BRA,MF,Moreirense,25-058,2000,29,29,2333,25.9,6,5,11,1,5,5,5,0,6.0,2.1,3.8,5.8,45,151,93,0.23,0.19,0.42,0.04,0.23,0.23,0.15,0.38,0.08,0.23,Matches
14,Gonçalo Almeida,pt POR,"DF,MF",Boavista,21-364,2003,19,9,814,9.0,0,0,0,0,0,0,1,0,0.7,0.7,0.9,1.6,12,18,43,0.00,0.00,0.00,0.00,0.00,0.08,0.09,0.17,0.08,0.17,Matches
15,Pedro Álvaro,pt POR,DF,Estoril,25-064,2000,30,30,2578,28.6,1,1,2,1,0,0,8,0,0.9,0.9,0.3,1.3,8,55,5,0.03,0.03,0.07,0.03,0.07,0.03,0.01,0.04,0.03,0.04,Matches
16,Pedro Amaral,pt POR,"DF,MF",Estoril,27-253,1997,27,25,2234,24.8,0,2,2,0,0,0,3,0,0.7,0.7,2.1,2.8,30,95,98,0.00,0.08,0.08,0.00,0.08,0.03,0.08,0.11,0.03,0.11,Matches
17,Zeki Amdouni,ch SUI,"MF,FW",Benfica,24-152,2000,24,9,854,9.5,7,2,9,7,0,0,1,0,5.2,5.2,3.4,8.6,23,33,66,0.74,0.21,0.95,0.74,0.95,0.55,0.36,0.90,0.55,0.90,Matches
18,Artur Jorge Marques Amorim,pt POR,DF,Farense,30-264,1994,18,15,1280,14.2,0,1,1,0,0,0,8,0,0.9,0.9,0.3,1.2,1,22,1,0.00,0.07,0.07,0.00,0.07,0.07,0.02,0.09,0.07,0.09,Matches
19,Andrew,br BRA,GK,Gil Vicente FC,23-308,2001,32,32,2880,32.0,0,0,0,0,0,0,2,0,0.0,0.0,0.0,0.0,0,0,0,0.00,0.00,0.00,0.00,0.00,0.00,0.00,0.00,0.00,0.00,Matches
20,Jeremy Antonisse,cw CUW,"FW,MF",Moreirense,23-037,2002,27,7,811,9.0,0,0,0,0,0,0,2,0,1.6,1.6,1.1,2.7,22,12,45,0.00,0.00,0.00,0.00,0.00,0.18,0.12,0.29,0.18,0.29,Matches
21,Arvin Appiah,eng ENG,"DF,FW",Nacional,24-120,2001,25,15,1294,14.4,0,0,0,0,0,0,3,0,0.9,0.9,0.7,1.6,32,34,61,0.00,0.00,0.00,0.00,0.00,0.06,0.05,0.11,0.06,0.11,Matches
22,Óscar Aranda,es ESP,FW,Famalicão,23-006,2002,31,31,2445,27.2,9,3,12,5,4,5,5,0,7.1,3.2,2.3,5.5,63,121,132,0.33,0.11,0.44,0.18,0.29,0.26,0.09,0.35,0.12,0.20,Matches
23,Henrique Araújo,pt POR,FW,Arouca,23-106,2002,22,12,957,10.6,5,1,6,2,3,3,3,0,5.9,3.2,0.5,3.8,12,21,45,0.47,0.09,0.56,0.19,0.28,0.56,0.05,0.60,0.30,0.35,Matches
24,Maximiliano Araújo,uy URU,"DF,MF",Sporting CP,25-079,2000,26,17,1600,17.8,3,3,6,3,0,0,7,1,2.5,2.5,3.8,6.3,44,84,185,0.17,0.17,0.34,0.17,0.34,0.14,0.21,0.36,0.14,0.36,Matches
25,Tomás Araújo,pt POR,DF,Benfica,22-354,2002,26,26,2169,24.1,1,2,3,1,0,0,1,0,1.0,1.0,0.9,1.9,35,125,50,0.04,0.08,0.12,0.04,0.12,0.04,0.04,0.08,0.04,0.08,Matches
Rk,Player,Nation,Pos,Squad,Age,Born,MP,Starts,Min,90s,Gls,Ast,G+A,G-PK,PK,PKatt,CrdY,CrdR,xG,npxG,xAG,npxG+xAG,PrgC,PrgP,PrgR,Gls,Ast,G+A,G-PK,G+A-PK,xG,xAG,xG+xAG,npxG,npxG+xAG,Matches
26,Telmo Arcanjo,cv CPV,FW,Vitória,23-318,2001,27,16,1230,13.7,5,2,7,5,0,0,5,0,3.5,3.5,2.3,5.9,43,52,114,0.37,0.15,0.51,0.37,0.51,0.26,0.17,0.43,0.26,0.43,Matches
27,Gboly Ariyibi,us USA,"FW,MF",Boavista,30-107,1995,8,2,279,3.1,0,0,0,0,0,0,0,0,0.1,0.1,0.1,0.2,8,7,18,0.00,0.00,0.00,0.00,0.00,0.02,0.05,0.07,0.02,0.07,Matches
28,Henrique Arreiol,pt POR,MF,Sporting CP,19-318,2005,3,0,24,0.3,0,0,0,0,0,0,0,0,0.1,0.1,0.0,0.1,1,1,1,0.00,0.00,0.00,0.00,0.00,0.42,0.00,0.42,0.42,0.42,Matches
29,Bright Arrey-Mbi,de GER,DF,Braga,22-040,2003,15,13,1135,12.6,0,0,0,0,0,0,3,1,0.0,0.0,0.2,0.2,4,41,0,0.00,0.00,0.00,0.00,0.00,0.00,0.01,0.02,0.00,0.02,Matches
30,Afonso Assis,pt POR,MF,Moreirense,18-294,2006,1,0,14,0.2,0,0,0,0,0,0,0,0,0.0,0.0,0.0,0.0,0,0,0,0.00,0.00,0.00,0.00,0.00,0.00,0.00,0.00,0.00,0.00,Matches
31,Gustavo Assuncao,pt POR,MF,AVS Futebol,25-036,2000,20,16,1365,15.2,2,0,2,0,2,2,12,1,2.2,0.6,0.5,1.1,10,55,13,0.13,0.00,0.13,0.00,0.00,0.15,0.03,0.18,0.04,0.07,Matches
32,Otavio Ataide,br BRA,DF,Porto,23-014,2002,19,18,1626,18.1,2,0,2,2,0,0,5,0,1.5,1.5,0.2,1.6,20,120,15,0.11,0.00,0.11,0.11,0.11,0.08,0.01,0.09,0.08,0.09,Matches
33,João Aurélio,pt POR,"FW,DF",Nacional,36-261,1988,11,2,253,2.8,1,0,1,1,0,0,1,0,0.2,0.2,0.0,0.2,5,5,12,0.36,0.00,0.36,0.36,0.36,0.06,0.00,0.06,0.06,0.06,Matches
34,Fredrik Aursnes,no NOR,"MF,FW",Benfica,29-146,1995,28,27,2260,25.1,3,5,8,3,0,0,1,0,2.3,2.3,4.6,6.9,42,161,145,0.12,0.20,0.32,0.12,0.32,0.09,0.18,0.27,0.09,0.27,Matches
35,Felix Bacher,at AUT,DF,Estoril,24-192,2000,21,21,1890,21.0,1,0,1,1,0,0,5,0,0.3,0.3,0.0,0.4,3,31,2,0.05,0.00,0.05,0.05,0.05,0.02,0.00,0.02,0.02,0.02,Matches
36,Miguel Baeza,es ESP,"MF,FW",Nacional,25-039,2000,5,2,203,2.3,1,0,1,1,0,0,0,0,0.4,0.4,0.0,0.4,2,6,4,0.44,0.00,0.44,0.44,0.44,0.18,0.01,0.19,0.18,0.19,Matches
37,Alexander Bah,dk DEN,DF,Benfica,27-147,1997,18,17,1412,15.7,0,1,1,0,0,0,2,0,1.0,1.0,1.2,2.2,32,76,127,0.00,0.06,0.06,0.00,0.06,0.06,0.07,0.14,0.06,0.14,Matches
38,Adrian Bajrami,al ALB,DF,Benfica,23-030,2002,1,0,12,0.1,0,0,0,0,0,0,0,0,0.0,0.0,0.0,0.0,0,0,3,0.00,0.00,0.00,0.00,0.00,0.00,0.00,0.00,0.00,0.00,Matches
39,Theofanis Bakoulas,gr GRE,MF,Rio Ave,20-121,2005,7,2,205,2.3,0,0,0,0,0,0,2,0,0.1,0.1,0.3,0.4,2,5,8,0.00,0.00,0.00,0.00,0.00,0.03,0.14,0.17,0.03,0.17,Matches
40,Elves Baldé,gw GNB,"MF,FW",Farense,25-215,1999,20,12,1045,11.6,1,2,3,1,0,0,1,1,2.0,2.0,2.7,4.7,29,26,49,0.09,0.17,0.26,0.09,0.26,0.18,0.23,0.41,0.18,0.41,Matches
41,Mohamed Bamba,ci CIV,MF,Gil Vicente FC,20-209,2004,9,9,776,8.6,1,0,1,1,0,0,3,0,1.0,1.0,0.1,1.1,3,30,7,0.12,0.00,0.12,0.12,0.12,0.12,0.01,0.12,0.12,0.12,Matches
42,Robson Bambu,br BRA,DF,Braga,27-174,1997,14,10,1008,11.2,1,0,1,1,0,0,6,0,0.3,0.3,0.1,0.4,7,45,2,0.09,0.00,0.09,0.09,0.09,0.03,0.01,0.03,0.03,0.03,Matches
43,Chico Banza,ao ANG,FW,Estrela,26-139,1998,11,7,570,6.3,1,0,1,1,0,0,4,0,1.6,1.6,0.2,1.8,16,11,35,0.16,0.00,0.16,0.16,0.16,0.25,0.03,0.28,0.25,0.28,Matches
44,Simon Banza,cd COD,FW,Braga,28-265,1996,1,0,21,0.2,0,0,0,0,0,0,0,0,0.0,0.0,0.0,0.0,0,1,1,0.00,0.00,0.00,0.00,0.00,0.00,0.00,0.00,0.00,0.00,Matches
45,Rafael Barbosa,pt POR,"MF,FW",Farense,29-037,1996,7,3,359,4.0,0,0,0,0,0,0,2,0,0.2,0.2,0.6,0.8,5,28,21,0.00,0.00,0.00,0.00,0.00,0.04,0.15,0.19,0.04,0.19,Matches
46,Leandro Barreiro Martins,lu LUX,MF,Benfica,25-122,2000,26,10,1121,12.5,3,1,4,3,0,0,5,0,3.3,3.3,1.6,4.8,11,49,47,0.24,0.08,0.32,0.24,0.32,0.26,0.13,0.39,0.26,0.39,Matches
47,Afonso Bastardo,pt POR,FW,Sporting CP,20-047,2005,1,0,1,0.0,0,0,0,0,0,0,0,0,0.0,0.0,0.0,0.0,0,0,0,0.00,0.00,0.00,0.00,0.00,0.00,0.00,0.00,0.00,0.00,Matches
48,Gil Bastião Dias,pt POR,"FW,MF",Famalicão,28-219,1996,28,12,1303,14.5,5,2,7,5,0,0,6,0,2.8,2.8,0.9,3.7,45,52,112,0.35,0.14,0.48,0.35,0.48,0.19,0.06,0.26,0.19,0.26,Matches
49,Gabriel Batista,br BRA,GK,Santa Clara,26-336,1998,32,32,2880,32.0,0,0,0,0,0,0,4,0,0.0,0.0,0.0,0.0,0,1,0,0.00,0.00,0.00,0.00,0.00,0.00,0.00,0.00,0.00,0.00,Matches
50,Gilberto Batista,gw GNB,DF,Moreirense,21-127,2003,4,3,285,3.2,0,0,0,0,0,0,1,0,0.0,0.0,0.0,0.0,2,2,1,0.00,0.00,0.00,0.00,0.00,0.00,0.00,0.00,0.00,0.00,Matches
Rk,Player,Nation,Pos,Squad,Age,Born,MP,Starts,Min,90s,Gls,Ast,G+A,G-PK,PK,PKatt,CrdY,CrdR,xG,npxG,xAG,npxG+xAG,PrgC,PrgP,PrgR,Gls,Ast,G+A,G-PK,G+A-PK,xG,xAG,xG+xAG,npxG,npxG+xAG,Matches
51,Ricardo Batista,pt POR,GK,Casa Pia,38-167,1986,1,1,90,1.0,0,0,0,0,0,0,0,0,0.0,0.0,0.0,0.0,0,0,0,0.00,0.00,0.00,0.00,0.00,0.00,0.00,0.00,0.00,0.00,Matches
52,Yanis Begraoui,ma MAR,"FW,MF",Estoril,23-305,2001,32,23,1752,19.5,8,3,11,6,2,4,1,0,9.6,6.4,3.0,9.5,27,42,103,0.41,0.15,0.57,0.31,0.46,0.49,0.16,0.65,0.33,0.49,Matches
53,Gui Beleza,pt POR,MF,Gil Vicente FC,18-147,2006,1,0,1,0.0,0,0,0,0,0,0,0,0,0.0,0.0,0.0,0.0,0,0,0,0.00,0.00,0.00,0.00,0.00,0.00,0.00,0.00,0.00,0.00,Matches
54,Bachir Belloumi,dz ALG,FW,Farense,22-338,2002,3,3,270,3.0,0,0,0,0,0,0,0,0,0.2,0.2,0.1,0.3,8,14,20,0.00,0.00,0.00,0.00,0.00,0.08,0.02,0.10,0.08,0.10,Matches
55,Andrea Belotti,it ITA,FW,Benfica,31-136,1993,12,4,406,4.5,3,0,3,3,0,0,0,0,5.1,5.1,0.7,5.8,10,8,33,0.67,0.00,0.67,0.67,0.67,1.13,0.16,1.29,1.13,1.29,Matches
56,Fahem Benaissa Yahia,fr FRA,"DF,MF",Casa Pia,23-006,2002,6,2,223,2.5,0,0,0,0,0,0,1,0,0.0,0.0,0.0,0.0,7,5,17,0.00,0.00,0.00,0.00,0.00,0.01,0.00,0.01,0.01,0.01,Matches
57,Beni,ao ANG,MF,Vitória,22-349,2002,5,0,49,0.5,0,0,0,0,0,0,1,0,0.0,0.0,0.0,0.0,1,1,0,0.00,0.00,0.00,0.00,0.00,0.03,0.00,0.03,0.03,0.03,Matches
58,Beni,ao ANG,MF,Casa Pia,22-349,2002,13,7,749,8.3,0,1,1,0,0,0,3,0,0.1,0.1,0.2,0.2,7,35,7,0.00,0.12,0.12,0.00,0.12,0.01,0.02,0.03,0.01,0.03,Matches
59,Álex Bermejo,es ESP,"MF,FW",Farense,26-145,1998,22,4,569,6.3,1,0,1,1,0,0,3,0,1.9,1.9,0.4,2.3,14,17,34,0.16,0.00,0.16,0.16,0.16,0.30,0.07,0.37,0.30,0.37,Matches
60,Sergio Bermejo,es ESP,"MF,FW",Gil Vicente FC,27-261,1997,8,5,401,4.5,0,0,0,0,0,0,0,0,0.1,0.1,0.2,0.3,11,16,19,0.00,0.00,0.00,0.00,0.00,0.02,0.05,0.06,0.02,0.06,Matches
61,Simão Bertelli,br BRA,GK,AVS Futebol,31-337,1993,11,11,990,11.0,0,0,0,0,0,0,0,0,0.0,0.0,0.0,0.0,0,0,0,0.00,0.00,0.00,0.00,0.00,0.00,0.00,0.00,0.00,0.00,Matches
62,Jan-Niklas Beste,de GER,"FW,DF",Benfica,26-121,1999,13,5,501,5.6,0,1,1,0,0,0,3,0,0.7,0.7,1.5,2.2,23,21,67,0.00,0.18,0.18,0.00,0.18,0.12,0.27,0.40,0.12,0.40,Matches
63,José Bica,pt POR,"FW,MF",Vitória,21-323,2003,4,0,25,0.3,0,0,0,0,0,0,0,0,0.2,0.2,0.1,0.2,0,0,2,0.00,0.00,0.00,0.00,0.00,0.69,0.20,0.89,0.69,0.89,Matches
64,Biel,br BRA,"MF,FW",Sporting CP,24-034,2001,3,0,15,0.2,0,0,0,0,0,0,0,0,0.1,0.1,0.0,0.1,1,0,2,0.00,0.00,0.00,0.00,0.00,0.52,0.00,0.52,0.52,0.52,Matches
65,Raúl Blanco,es ESP,FW,Casa Pia,23-278,2001,5,3,250,2.8,1,0,1,1,0,0,1,0,0.3,0.3,0.0,0.3,2,11,14,0.36,0.00,0.36,0.36,0.36,0.11,0.00,0.11,0.11,0.11,Matches
66,Paulinho Bóia,br BRA,"FW,MF",Nacional,26-313,1998,13,11,901,10.0,1,2,3,1,0,0,1,0,1.3,1.1,2.2,3.3,28,20,65,0.10,0.20,0.30,0.10,0.30,0.13,0.22,0.35,0.11,0.33,Matches
67,Kévin Boma,tg TOG,DF,Estoril,22-166,2002,27,27,2287,25.4,1,0,1,1,0,0,7,0,1.0,1.0,0.2,1.3,4,49,3,0.04,0.00,0.04,0.04,0.04,0.04,0.01,0.05,0.04,0.05,Matches
68,Pedro Bondo,ao ANG,"DF,MF",Famalicão,20-170,2004,5,1,126,1.4,1,1,2,1,0,0,0,1,0.1,0.1,0.6,0.7,7,3,10,0.71,0.71,1.43,0.71,1.43,0.07,0.45,0.52,0.07,0.52,Matches
69,Kiko Bondoso,pt POR,"FW,MF",Rio Ave,29-169,1995,26,23,1870,20.8,2,1,3,2,0,0,1,0,2.2,2.2,2.2,4.4,38,53,141,0.10,0.05,0.14,0.10,0.14,0.11,0.10,0.21,0.11,0.21,Matches
70,Toni Borevkovic,hr CRO,DF,Vitória,27-321,1997,25,25,2240,24.9,0,0,0,0,0,0,5,0,1.4,1.4,0.3,1.7,8,73,1,0.00,0.00,0.00,0.00,0.00,0.06,0.01,0.07,0.06,0.07,Matches
71,Daniel Borges,br BRA,"MF,FW",Santa Clara,22-029,2003,15,1,179,2.0,0,0,0,0,0,0,1,0,0.2,0.2,0.1,0.3,3,3,3,0.00,0.00,0.00,0.00,0.00,0.09,0.07,0.17,0.09,0.17,Matches
72,Gonçalo Borges,pt POR,"FW,MF",Porto,24-037,2001,24,6,699,7.8,2,2,4,2,0,0,5,1,1.3,1.3,1.7,3.0,44,16,118,0.26,0.26,0.52,0.26,0.52,0.16,0.21,0.36,0.16,0.36,Matches
73,Róbert Boženík,sk SVK,FW,Boavista,25-168,1999,30,27,2483,27.6,4,0,4,3,1,1,6,0,8.4,7.7,0.3,8.0,16,36,133,0.14,0.00,0.14,0.11,0.11,0.31,0.01,0.32,0.28,0.29,Matches
74,Daniel Bragança,pt POR,MF,Sporting CP,25-343,1999,18,14,1077,12.0,3,4,7,3,0,0,3,0,2.7,2.7,1.7,4.4,16,87,46,0.25,0.33,0.58,0.25,0.58,0.22,0.15,0.37,0.22,0.37,Matches
75,Bruno Brigido,br BRA,GK,Estrela,34-057,1991,18,18,1575,17.5,0,0,0,0,0,0,0,0,0.0,0.0,0.0,0.0,0,0,0,0.00,0.00,0.00,0.00,0.00,0.00,0.00,0.00,0.00,0.00,Matches
Rk,Player,Nation,Pos,Squad,Age,Born,MP,Starts,Min,90s,Gls,Ast,G+A,G-PK,PK,PKatt,CrdY,CrdR,xG,npxG,xAG,npxG+xAG,PrgC,PrgP,PrgR,Gls,Ast,G+A,G-PK,G+A-PK,xG,xAG,xG+xAG,npxG,npxG+xAG,Matches
76,Alexandre Brito,pt POR,"MF,DF",Sporting CP,19-290,2005,2,1,89,1.0,0,0,0,0,0,0,1,0,0.1,0.1,0.0,0.1,0,3,0,0.00,0.00,0.00,0.00,0.00,0.11,0.00,0.11,0.11,0.11,Matches
77,Rafael Brito,pt POR,MF,Casa Pia,23-106,2002,21,12,1002,11.1,0,1,1,0,0,0,5,0,0.3,0.3,0.4,0.7,3,32,15,0.00,0.09,0.09,0.00,0.09,0.03,0.04,0.06,0.03,0.06,Matches
78,Tiago Brito,pt POR,MF,Estoril,21-019,2004,2,0,72,0.8,0,0,0,0,0,0,0,0,0.0,0.0,0.1,0.1,3,1,1,0.00,0.00,0.00,0.00,0.00,0.01,0.07,0.09,0.01,0.09,Matches
79,Bruma,pt POR,"FW,MF",Braga,30-193,1994,17,13,1208,13.4,7,5,12,4,3,4,1,0,8.6,5.4,5.9,11.4,43,64,115,0.52,0.37,0.89,0.30,0.67,0.64,0.44,1.08,0.40,0.85,Matches
80,Bruma,pt POR,"FW,MF",Benfica,30-193,1994,8,5,447,5.0,1,2,3,1,0,0,0,0,2.3,2.3,1.0,3.3,21,33,60,0.20,0.40,0.60,0.20,0.60,0.46,0.20,0.67,0.46,0.67,Matches
81,Jonathan Buatu Mananga,ao ANG,DF,Gil Vicente FC,31-220,1993,19,18,1644,18.3,0,1,1,0,0,0,1,0,0.4,0.4,0.5,0.8,9,42,0,0.00,0.05,0.05,0.00,0.05,0.02,0.02,0.05,0.02,0.05,Matches
82,Leonel Bucca,ar ARG,"MF,FW",Estrela,26-046,1999,27,13,1149,12.8,2,2,4,2,0,0,8,0,2.0,2.0,1.7,3.7,8,39,45,0.16,0.16,0.31,0.16,0.31,0.15,0.14,0.29,0.15,0.29,Matches
83,Leonardo Buta,pt POR,DF,Moreirense,22-334,2002,6,4,418,4.6,0,0,0,0,0,0,1,0,0.2,0.2,0.1,0.3,6,11,20,0.00,0.00,0.00,0.00,0.00,0.04,0.02,0.07,0.04,0.07,Matches
84,Adrián Butzke,es ESP,FW,Nacional,26-036,1999,10,5,484,5.4,0,1,1,0,0,0,2,0,1.7,1.7,0.4,2.1,4,13,25,0.00,0.19,0.19,0.00,0.19,0.31,0.08,0.39,0.31,0.39,Matches
85,Arthur Cabral,br BRA,FW,Benfica,27-010,1998,19,2,371,4.1,2,0,2,2,0,1,2,0,2.1,1.3,1.4,2.7,4,0,29,0.49,0.00,0.49,0.49,0.49,0.52,0.34,0.86,0.32,0.67,Matches
86,Daniel Cabral,br BRA,MF,Estrela,22-356,2002,1,0,3,0.0,0,0,0,0,0,0,0,0,0.0,0.0,0.0,0.0,0,0,0,0.00,0.00,0.00,0.00,0.00,0.00,0.00,0.00,0.00,0.00,Matches
87,Jovane Cabral,cv CPV,"FW,MF",Estrela,26-325,1998,23,10,922,10.2,2,1,3,2,0,1,4,0,2.3,1.5,1.2,2.7,15,37,49,0.20,0.10,0.29,0.20,0.29,0.22,0.12,0.34,0.14,0.26,Matches
88,Lucas Calegari,br BRA,DF,Famalicão,23-067,2002,18,17,1489,16.5,0,1,1,0,0,0,1,0,0.1,0.1,0.7,0.8,16,49,53,0.00,0.06,0.06,0.00,0.06,0.01,0.04,0.05,0.01,0.05,Matches
89,Diogo Calila,pt POR,"MF,DF",Santa Clara,26-207,1998,30,20,1721,19.1,1,2,3,1,0,0,8,0,0.8,0.8,1.1,1.9,35,39,100,0.05,0.10,0.16,0.05,0.16,0.04,0.06,0.10,0.04,0.10,Matches
90,Ibrahima Camará,gn GUI,MF,Boavista,26-100,1999,25,16,1331,14.8,0,0,0,0,0,0,6,1,0.1,0.1,0.7,0.8,4,48,7,0.00,0.00,0.00,0.00,0.00,0.01,0.04,0.05,0.01,0.05,Matches
91,André Candeias,pt POR,"FW,MF",Farense,22-105,2003,2,0,35,0.4,0,0,0,0,0,0,0,0,0.1,0.1,0.0,0.1,2,1,9,0.00,0.00,0.00,0.00,0.00,0.20,0.00,0.20,0.20,0.20,Matches
92,Lazar Carević,me MNE,GK,Famalicão,26-050,1999,18,18,1620,18.0,0,0,0,0,0,0,1,0,0.0,0.0,0.0,0.0,0,0,0,0.00,0.00,0.00,0.00,0.00,0.00,0.00,0.00,0.00,0.00,Matches
93,Zé Carlos,pt POR,"MF,DF",Vitória,23-187,2001,7,1,122,1.4,0,0,0,0,0,0,0,0,0.0,0.0,0.0,0.0,4,7,9,0.00,0.00,0.00,0.00,0.00,0.00,0.01,0.01,0.00,0.01,Matches
94,Zé Carlos,pt POR,MF,Farense,23-187,2001,9,8,670,7.4,0,0,0,0,0,0,1,1,0.1,0.1,0.1,0.1,2,27,9,0.00,0.00,0.00,0.00,0.00,0.01,0.01,0.02,0.01,0.02,Matches
95,Zé Carlos,pt POR,DF,Gil Vicente FC,26-278,1998,29,29,2527,28.1,0,0,0,0,0,0,4,0,0.6,0.6,1.9,2.5,53,86,92,0.00,0.00,0.00,0.00,0.00,0.02,0.07,0.09,0.02,0.09,Matches
96,Álvaro Carreras,es ESP,DF,Benfica,22-043,2003,30,28,2571,28.6,3,1,4,3,0,0,9,0,1.3,1.3,2.9,4.2,84,184,196,0.11,0.04,0.14,0.11,0.14,0.05,0.10,0.15,0.05,0.15,Matches
97,João Carvalho,pt POR,"MF,FW",Estoril,28-057,1997,26,25,2157,24.0,6,2,8,6,0,0,4,1,1.7,1.7,3.3,5.0,36,125,114,0.25,0.08,0.33,0.25,0.33,0.07,0.14,0.21,0.07,0.21,Matches
98,Pedro Carvalho,pt POR,"DF,MF",Estoril,22-080,2003,17,5,642,7.1,0,0,0,0,0,0,1,0,0.9,0.9,0.6,1.4,25,31,49,0.00,0.00,0.00,0.00,0.00,0.12,0.08,0.20,0.12,0.20,Matches
99,Vitor Carvalho,br BRA,MF,Braga,27-343,1997,22,18,1482,16.5,0,0,0,0,0,0,3,0,1.0,1.0,0.6,1.6,13,80,19,0.00,0.00,0.00,0.00,0.00,0.06,0.04,0.10,0.06,0.10,Matches
100,Facundo Cáseres,ar ARG,MF,Gil Vicente FC,23-342,2001,18,14,1241,13.8,0,0,0,0,0,0,3,0,0.3,0.3,0.7,1.0,7,54,9,0.00,0.00,0.00,0.00,0.00,0.02,0.05,0.07,0.02,0.07,Matches
Rk,Player,Nation,Pos,Squad,Age,Born,MP,Starts,Min,90s,Gls,Ast,G+A,G-PK,PK,PKatt,CrdY,CrdR,xG,npxG,xAG,npxG+xAG,PrgC,PrgP,PrgR,Gls,Ast,G+A,G-PK,G+A-PK,xG,xAG,xG+xAG,npxG,npxG+xAG,Matches
101,Cassiano,br BRA,FW,Casa Pia,35-323,1989,24,22,1797,20.0,10,1,11,6,4,4,4,0,8.5,5.4,1.2,6.6,20,19,58,0.50,0.05,0.55,0.30,0.35,0.43,0.06,0.49,0.27,0.33,Matches
102,Jesús Castillo,pe PER,MF,Gil Vicente FC,23-328,2001,15,9,822,9.1,0,0,0,0,0,0,1,0,0.7,0.7,0.9,1.6,4,37,10,0.00,0.00,0.00,0.00,0.00,0.08,0.09,0.18,0.08,0.18,Matches
103,André Castro,pt POR,MF,Moreirense,37-033,1988,1,0,17,0.2,0,0,0,0,0,0,0,0,0.0,0.0,0.0,0.0,0,0,0,0.00,0.00,0.00,0.00,0.00,0.00,0.00,0.00,0.00,0.00,Matches
104,Cristian Castro,co COL,DF,AVS Futebol,24-100,2001,29,29,2488,27.6,1,1,2,1,0,0,5,0,0.5,0.5,1.3,1.8,9,58,0,0.04,0.04,0.07,0.04,0.07,0.02,0.05,0.07,0.02,0.07,Matches
105,Geny Catamo,mz MOZ,"MF,DF",Sporting CP,24-099,2001,28,18,1734,19.3,5,2,7,5,0,0,2,0,5.3,5.3,4.6,9.8,105,101,233,0.26,0.10,0.36,0.26,0.36,0.27,0.24,0.51,0.27,0.51,Matches
106,Cauê,br BRA,FW,Gil Vicente FC,22-170,2002,15,7,667,7.4,1,0,1,1,0,0,3,1,0.8,0.8,0.1,0.9,7,12,35,0.13,0.00,0.13,0.13,0.13,0.11,0.01,0.12,0.11,0.12,Matches
107,Cauê,br BRA,"FW,MF",Casa Pia,22-170,2002,11,3,348,3.9,1,0,1,1,0,0,2,0,1.0,1.0,0.0,1.0,3,8,19,0.26,0.00,0.26,0.26,0.26,0.27,0.00,0.27,0.27,0.27,Matches
108,César,br BRA,GK,Boavista,33-098,1992,16,16,1440,16.0,0,0,0,0,0,0,1,0,0.0,0.0,0.0,0.0,0,0,0,0.00,0.00,0.00,0.00,0.00,0.00,0.00,0.00,0.00,0.00,Matches
109,Tidjany Chabrol,fr FRA,"FW,MF",Gil Vicente FC,22-294,2002,25,13,1046,11.6,1,2,3,1,0,0,4,1,1.8,1.8,1.0,2.8,37,29,78,0.09,0.17,0.26,0.09,0.26,0.16,0.08,0.24,0.16,0.24,Matches
110,Kevin Chamorro,cr CRC,GK,Estoril,25-027,2000,3,3,270,3.0,0,0,0,0,0,0,0,0,0.0,0.0,0.0,0.0,0,0,0,0.00,0.00,0.00,0.00,0.00,0.00,0.00,0.00,0.00,0.00,Matches
111,Francisco Chissumba,pt POR,DF,Braga,19-341,2005,14,14,1260,14.0,0,1,1,0,0,0,2,0,0.5,0.5,0.8,1.3,26,59,99,0.00,0.07,0.07,0.00,0.07,0.04,0.06,0.09,0.04,0.09,Matches
112,Till Cissokho,fr FRA,DF,Estrela,25-086,2000,4,4,360,4.0,0,0,0,0,0,0,1,0,0.1,0.1,0.0,0.1,1,8,0,0.00,0.00,0.00,0.00,0.00,0.02,0.00,0.02,0.02,0.02,Matches
113,Clayton,br BRA,DF,AVS Futebol,25-031,2000,2,2,180,2.0,0,0,0,0,0,0,1,0,0.0,0.0,0.0,0.0,0,8,0,0.00,0.00,0.00,0.00,0.00,0.00,0.00,0.00,0.00,0.00,Matches
114,Clayton,br BRA,FW,Rio Ave,26-114,1999,28,28,2438,27.1,13,2,15,11,2,2,11,1,11.5,9.9,1.6,11.5,33,25,130,0.48,0.07,0.55,0.41,0.48,0.42,0.06,0.48,0.37,0.43,Matches
115,Diego Collado,es ESP,"MF,FW",Gil Vicente FC,24-116,2001,5,0,24,0.3,0,0,0,0,0,0,0,0,0.0,0.0,0.0,0.0,1,0,1,0.00,0.00,0.00,0.00,0.00,0.08,0.00,0.08,0.08,0.08,Matches
116,Semeu Commey,gh GHA,DF,Estrela,20-358,2004,2,0,45,0.5,0,0,0,0,0,0,0,0,0.1,0.1,0.0,0.1,0,1,0,0.00,0.00,0.00,0.00,0.00,0.14,0.00,0.14,0.14,0.14,Matches
117,Fábio Conceição,pt POR,"FW,MF",Estrela,24-007,2001,9,7,615,6.8,0,0,0,0,0,0,0,0,0.5,0.5,0.7,1.2,9,18,39,0.00,0.00,0.00,0.00,0.00,0.07,0.10,0.17,0.07,0.17,Matches
118,Fábio Conceição,pt POR,"FW,DF",Rio Ave,24-007,2001,12,2,423,4.7,1,1,2,1,0,0,0,0,0.5,0.5,0.6,1.1,19,12,39,0.21,0.21,0.43,0.21,0.43,0.10,0.13,0.23,0.10,0.23,Matches
119,Leo Cordeiro,br BRA,MF,Estrela,29-220,1995,24,18,1735,19.3,1,1,2,1,0,0,3,0,1.6,1.6,0.5,2.1,22,100,45,0.05,0.05,0.10,0.05,0.10,0.08,0.03,0.11,0.08,0.11,Matches
120,Félix Correia,pt POR,"FW,MF",Gil Vicente FC,24-103,2001,31,30,2712,30.1,9,3,12,6,3,3,3,0,8.6,6.2,5.2,11.3,74,150,223,0.30,0.10,0.40,0.20,0.30,0.28,0.17,0.46,0.21,0.38,Matches
121,Alberto costa,pt POR,DF,Vitória,21-218,2003,10,7,675,7.5,0,2,2,0,0,0,0,0,0.2,0.2,1.5,1.7,30,31,52,0.00,0.27,0.27,0.00,0.27,0.03,0.20,0.23,0.03,0.23,Matches
122,Bruno Xavier Almeida Costa,pt POR,"MF,FW",Nacional,28-016,1997,18,11,927,10.3,2,1,3,1,1,1,0,0,1.7,0.9,1.8,2.7,16,40,35,0.19,0.10,0.29,0.10,0.19,0.17,0.17,0.34,0.09,0.26,Matches
123,Diogo Costa,pt POR,GK,Porto,25-228,1999,30,30,2700,30.0,0,0,0,0,0,0,0,0,0.0,0.0,0.0,0.0,0,0,0,0.00,0.00,0.00,0.00,0.00,0.00,0.00,0.00,0.00,0.00,Matches
124,Gonçalo Costa,pt POR,"DF,MF",Estoril,25-076,2000,16,2,393,4.4,2,0,2,2,0,0,1,0,0.1,0.1,0.2,0.4,15,9,31,0.46,0.00,0.46,0.46,0.46,0.03,0.05,0.08,0.03,0.08,Matches
125,Hélder Costa,ao ANG,"FW,MF",Estoril,31-113,1994,13,8,606,6.7,1,0,1,1,0,0,1,0,0.5,0.5,0.7,1.2,19,20,44,0.15,0.00,0.15,0.15,0.15,0.07,0.10,0.18,0.07,0.18,Matches
Rk,Player,Nation,Pos,Squad,Age,Born,MP,Starts,Min,90s,Gls,Ast,G+A,G-PK,PK,PKatt,CrdY,CrdR,xG,npxG,xAG,npxG+xAG,PrgC,PrgP,PrgR,Gls,Ast,G+A,G-PK,G+A-PK,xG,xAG,xG+xAG,npxG,npxG+xAG,Matches
126,João Costa,pt POR,FW,Santa Clara,25-059,2000,22,8,719,8.0,3,0,3,3,0,0,1,0,4.0,4.0,1.1,5.2,3,9,27,0.38,0.00,0.38,0.38,0.38,0.50,0.14,0.65,0.50,0.65,Matches
127,João Paulo Santos Costa,pt POR,GK,Estrela,29-092,1996,11,11,990,11.0,0,0,0,0,0,0,0,0,0.0,0.0,0.0,0.0,0,0,0,0.00,0.00,0.00,0.00,0.00,0.00,0.00,0.00,0.00,0.00,Matches
128,Michel Costa,br BRA,MF,Estoril,23-136,2001,10,7,597,6.6,0,0,0,0,0,0,4,0,0.0,0.0,0.1,0.2,3,26,8,0.00,0.00,0.00,0.00,0.00,0.01,0.02,0.03,0.01,0.03,Matches
129,Rui Costa,pt POR,"FW,MF",Farense,29-074,1996,13,4,533,5.9,2,0,2,2,0,0,0,0,1.7,1.7,0.4,2.1,5,5,40,0.34,0.00,0.34,0.34,0.34,0.29,0.06,0.35,0.29,0.35,Matches
130,Marco Cruz,pt POR,DF,Vitória,21-071,2004,1,0,10,0.1,0,0,0,0,0,0,0,0,0.0,0.0,0.0,0.0,0,0,2,0.00,0.00,0.00,0.00,0.00,0.00,0.00,0.00,0.00,0.00,Matches
131,Sandro Cruz,ao ANG,DF,Gil Vicente FC,23-358,2001,25,24,2082,23.1,0,0,0,0,0,0,11,1,0.8,0.8,0.9,1.7,33,73,63,0.00,0.00,0.00,0.00,0.00,0.03,0.04,0.07,0.03,0.07,Matches
132,Augusto Dabo,gw GNB,DF,Boavista,21-053,2004,13,7,546,6.1,0,1,1,0,0,0,0,0,0.1,0.1,0.1,0.2,6,17,10,0.00,0.16,0.16,0.00,0.16,0.02,0.01,0.03,0.02,0.03,Matches
133,Samuel Dahl,se SWE,"DF,MF",Benfica,25-062,2000,10,6,588,6.5,0,4,4,0,0,0,0,0,0.3,0.3,2.2,2.5,11,36,60,0.00,0.61,0.61,0.00,0.61,0.04,0.34,0.38,0.04,0.38,Matches
134,Amadou Dante,ml MLI,"DF,MF",Arouca,24-210,2000,14,12,1040,11.6,0,0,0,0,0,0,1,0,0.1,0.1,1.3,1.4,24,42,45,0.00,0.00,0.00,0.00,0.00,0.01,0.11,0.12,0.01,0.12,Matches
135,Mathias De Amorim,fr FRA,MF,Famalicão,20-146,2004,22,9,970,10.8,1,1,2,1,0,0,4,0,1.0,1.0,1.2,2.2,9,58,55,0.09,0.09,0.19,0.09,0.19,0.10,0.11,0.20,0.10,0.20,Matches
136,Zeno Debast,be BEL,"DF,MF",Sporting CP,21-193,2003,29,21,1979,22.0,0,3,3,0,0,0,2,0,0.5,0.5,1.9,2.4,21,181,20,0.00,0.14,0.14,0.00,0.14,0.02,0.09,0.11,0.02,0.11,Matches
137,Depú,ao ANG,FW,Gil Vicente FC,25-117,2000,3,0,43,0.5,0,0,0,0,0,0,0,0,0.2,0.2,0.0,0.2,0,0,3,0.00,0.00,0.00,0.00,0.00,0.53,0.00,0.53,0.53,0.53,Matches
138,Derick,br BRA,"DF,MF",Farense,31-246,1993,22,17,1413,15.7,1,3,4,1,0,0,3,0,0.6,0.6,2.0,2.7,31,25,59,0.06,0.19,0.25,0.06,0.25,0.04,0.13,0.17,0.04,0.17,Matches
139,Ángel Di María,ar ARG,FW,Benfica,37-080,1988,23,19,1569,17.4,8,4,12,3,5,5,5,0,8.7,4.8,5.0,9.9,66,153,182,0.46,0.23,0.69,0.17,0.40,0.50,0.29,0.79,0.28,0.57,Matches
140,Abdoulay Diaby,ml MLI,"FW,MF",Boavista,33-349,1991,9,6,631,7.0,0,0,0,0,0,0,1,0,1.3,1.3,0.3,1.6,4,13,30,0.00,0.00,0.00,0.00,0.00,0.19,0.04,0.23,0.19,0.23,Matches
141,Matheus Dias,br BRA,"MF,DF",Nacional,28-087,1997,24,19,1633,18.1,0,1,1,0,0,0,6,0,0.3,0.3,0.8,1.0,17,79,8,0.00,0.06,0.06,0.00,0.06,0.01,0.04,0.06,0.01,0.06,Matches
142,Tiago Dias,pt POR,"DF,FW",Casa Pia,27-001,1998,6,0,54,0.6,0,0,0,0,0,0,1,0,0.0,0.0,0.3,0.3,8,0,15,0.00,0.00,0.00,0.00,0.00,0.00,0.48,0.48,0.00,0.48,Matches
143,Ousmane Diomande,ci CIV,DF,Sporting CP,21-152,2003,29,27,2407,26.7,2,0,2,2,0,0,7,2,1.7,1.7,0.6,2.3,13,79,4,0.07,0.00,0.07,0.07,0.07,0.06,0.02,0.08,0.06,0.08,Matches
144,Tiago Djaló,pt POR,DF,Porto,25-026,2000,8,6,590,6.6,0,0,0,0,0,0,2,0,0.4,0.4,0.2,0.5,13,23,5,0.00,0.00,0.00,0.00,0.00,0.06,0.02,0.08,0.06,0.08,Matches
145,Maxime Dominguez,ch SUI,MF,Gil Vicente FC,29-093,1996,4,3,249,2.8,0,0,0,0,0,0,0,0,0.2,0.2,0.3,0.6,5,11,9,0.00,0.00,0.00,0.00,0.00,0.09,0.12,0.21,0.09,0.21,Matches
146,Issiar Dramé,ml MLI,DF,Estrela,26-078,1999,18,15,1319,14.7,0,0,0,0,0,0,2,0,0.5,0.5,0.2,0.8,10,13,4,0.00,0.00,0.00,0.00,0.00,0.04,0.01,0.05,0.04,0.05,Matches
147,Dudu,br BRA,"FW,MF",Nacional,25-268,1999,20,17,1341,14.9,3,2,5,2,1,2,0,0,4.8,3.3,1.1,4.3,27,19,63,0.20,0.13,0.34,0.13,0.27,0.31,0.07,0.38,0.21,0.28,Matches
148,Carlos Eduardo,br BRA,"FW,MF",Gil Vicente FC,22-268,2002,7,3,244,2.7,0,0,0,0,0,0,1,0,0.1,0.1,0.7,0.8,3,1,17,0.00,0.00,0.00,0.00,0.00,0.03,0.24,0.28,0.03,0.28,Matches
149,Marcus Edwards,eng ENG,"MF,FW",Sporting CP,26-153,1998,6,1,111,1.2,1,0,1,1,0,0,0,0,0.6,0.6,0.2,0.7,15,11,16,0.81,0.00,0.81,0.81,0.81,0.46,0.14,0.60,0.46,0.60,Matches
150,Marvin Elimbi,fr FRA,DF,Gil Vicente FC,22-074,2003,9,3,315,3.5,0,0,0,0,0,0,2,0,0.0,0.0,0.0,0.0,2,3,0,0.00,0.00,0.00,0.00,0.00,0.00,0.01,0.01,0.00,0.01,Matches
Rk,Player,Nation,Pos,Squad,Age,Born,MP,Starts,Min,90s,Gls,Ast,G+A,G-PK,PK,PKatt,CrdY,CrdR,xG,npxG,xAG,npxG+xAG,PrgC,PrgP,PrgR,Gls,Ast,G+A,G-PK,G+A-PK,xG,xAG,xG+xAG,npxG,npxG+xAG,Matches
151,Simon Elisor,fr FRA,FW,Famalicão,25-287,1999,14,5,507,5.6,2,0,2,2,0,0,2,0,1.7,1.7,0.5,2.3,11,9,32,0.36,0.00,0.36,0.36,0.36,0.31,0.10,0.40,0.31,0.40,Matches
152,Úmaro Embaló,pt POR,"FW,MF",Vitória,23-364,2001,7,0,148,1.6,2,0,2,2,0,0,0,0,1.7,1.7,0.0,1.7,4,4,16,1.22,0.00,1.22,1.22,1.22,1.06,0.00,1.06,1.06,1.06,Matches
153,Rui Encarnação,pt POR,GK,Nacional,27-030,1998,1,0,45,0.5,0,0,0,0,0,0,1,1,0.0,0.0,0.0,0.0,0,0,0,0.00,0.00,0.00,0.00,0.00,0.00,0.00,0.00,0.00,0.00,Matches
154,Ricardo Esgaio,pt POR,DF,Sporting CP,31-354,1993,9,2,230,2.6,0,0,0,0,0,0,0,0,0.0,0.0,0.4,0.4,5,13,4,0.00,0.00,0.00,0.00,0.00,0.00,0.16,0.16,0.00,0.16,Matches
155,Tiago Esgaio,pt POR,DF,Arouca,29-277,1995,25,25,2180,24.2,2,1,3,2,0,0,2,0,1.7,1.7,1.8,3.5,27,91,78,0.08,0.04,0.12,0.08,0.12,0.07,0.07,0.14,0.07,0.14,Matches
156,Dario Essugo,pt POR,MF,Sporting CP,20-052,2005,2,0,18,0.2,0,0,0,0,0,0,0,0,0.0,0.0,0.0,0.0,1,1,0,0.00,0.00,0.00,0.00,0.00,0.00,0.00,0.00,0.00,0.00,Matches
157,Luís Esteves,pt POR,MF,Nacional,27-026,1998,31,31,2719,30.2,0,3,3,0,0,0,6,0,2.7,2.7,3.0,5.8,52,161,75,0.00,0.10,0.10,0.00,0.10,0.09,0.10,0.19,0.09,0.19,Matches
158,Stephen Eustáquio,ca CAN,"MF,DF",Porto,28-135,1996,29,21,1840,20.4,0,0,0,0,0,0,6,0,1.0,1.0,1.4,2.3,11,143,36,0.00,0.00,0.00,0.00,0.00,0.05,0.07,0.11,0.05,0.11,Matches
159,Evanilson,br BRA,FW,Porto,25-211,1999,1,0,8,0.1,0,0,0,0,0,0,0,0,0.0,0.0,0.0,0.0,0,0,0,0.00,0.00,0.00,0.00,0.00,0.00,0.00,0.00,0.00,0.00,Matches
160,Claudio Falcão,br BRA,"DF,MF",Farense,30-306,1994,30,30,2671,29.7,1,2,3,1,0,0,10,1,2.2,2.2,1.7,3.9,7,77,13,0.03,0.07,0.10,0.03,0.10,0.07,0.06,0.13,0.07,0.13,Matches
161,Eduardo Felicíssimo,pt POR,MF,Sporting CP,18-117,2007,6,2,195,2.2,0,0,0,0,0,0,1,0,0.1,0.1,0.2,0.2,2,7,1,0.00,0.00,0.00,0.00,0.00,0.03,0.08,0.11,0.03,0.11,Matches
162,Nuno Felix,pt POR,MF,Benfica,21-050,2004,2,0,17,0.2,0,0,0,0,0,0,1,0,0.0,0.0,0.0,0.0,0,2,0,0.00,0.00,0.00,0.00,0.00,0.00,0.00,0.00,0.00,0.00,Matches
163,Vando Félix,gw GNB,"FW,MF",Vitória,22-244,2002,14,5,479,5.3,0,0,0,0,0,0,2,0,0.3,0.3,0.5,0.8,17,16,47,0.00,0.00,0.00,0.00,0.00,0.06,0.09,0.15,0.06,0.15,Matches
164,Jorge Filipe Oliveira Fernandes,pt POR,DF,Vitória,28-033,1997,6,5,415,4.6,0,0,0,0,0,0,0,0,0.1,0.1,0.3,0.4,2,25,1,0.00,0.00,0.00,0.00,0.00,0.02,0.08,0.10,0.02,0.10,Matches
165,Lucas Fernandes,br BRA,"MF,FW",AVS Futebol,27-227,1997,8,6,496,5.5,0,0,0,0,0,0,1,0,0.0,0.0,0.3,0.3,7,11,7,0.00,0.00,0.00,0.00,0.00,0.00,0.05,0.06,0.00,0.06,Matches
166,Martim Fernandes,pt POR,DF,Porto,19-107,2006,23,14,1257,14.0,0,5,5,0,0,0,5,0,0.7,0.7,4.7,5.4,36,42,104,0.00,0.36,0.36,0.00,0.36,0.05,0.35,0.40,0.05,0.40,Matches
167,Mateus Fernandes,pt POR,"FW,MF",Sporting CP,20-299,2004,1,0,26,0.3,0,0,0,0,0,0,0,0,0.0,0.0,0.1,0.1,4,2,2,0.00,0.00,0.00,0.00,0.00,0.08,0.25,0.33,0.08,0.33,Matches
168,Roger Fernandes,gw GNB,"FW,MF",Braga,19-165,2005,26,19,1559,17.3,3,3,6,3,0,0,2,0,2.6,2.6,3.5,6.1,80,47,165,0.17,0.17,0.35,0.17,0.35,0.15,0.20,0.35,0.15,0.35,Matches
169,Rúben Fernandes,pt POR,DF,Gil Vicente FC,38-364,1986,28,28,2503,27.8,1,1,2,1,0,0,4,1,1.2,1.2,0.6,1.8,21,85,10,0.04,0.04,0.07,0.04,0.07,0.04,0.02,0.06,0.04,0.06,Matches
170,Roberto Férnandez,es ESP,FW,Braga,22-306,2002,15,5,505,5.6,2,0,2,2,0,0,1,0,1.5,1.5,0.2,1.7,6,5,31,0.36,0.00,0.36,0.36,0.36,0.27,0.04,0.31,0.27,0.31,Matches
171,João Ferreira Barros,pt POR,"MF,FW",Boavista,19-115,2006,12,2,260,2.9,0,0,0,0,0,0,1,0,0.4,0.4,0.1,0.5,8,5,11,0.00,0.00,0.00,0.00,0.00,0.13,0.03,0.16,0.13,0.16,Matches
172,Filipe Ferreira,pt POR,DF,Boavista,34-220,1990,24,23,1972,21.9,0,0,0,0,0,0,2,0,0.2,0.2,0.3,0.6,18,60,22,0.00,0.00,0.00,0.00,0.00,0.01,0.02,0.03,0.01,0.03,Matches
173,Fernando Ferreira Fonseca,pt POR,"DF,MF",AVS Futebol,28-052,1997,23,18,1638,18.2,0,0,0,0,0,0,6,0,0.3,0.3,1.6,1.9,35,63,55,0.00,0.00,0.00,0.00,0.00,0.02,0.09,0.10,0.02,0.10,Matches
174,João Ferreira,pt POR,DF,Braga,24-044,2001,19,13,1299,14.4,0,1,1,0,0,0,6,0,0.6,0.6,0.9,1.5,25,67,37,0.00,0.07,0.07,0.00,0.07,0.04,0.06,0.10,0.04,0.10,Matches
175,Marcelo dos Santos Ferreira,br BRA,DF,Moreirense,35-282,1989,31,31,2790,31.0,0,0,0,0,0,0,7,0,0.9,0.9,0.6,1.5,3,49,3,0.00,0.00,0.00,0.00,0.00,0.03,0.02,0.05,0.03,0.05,Matches
Rk,Player,Nation,Pos,Squad,Age,Born,MP,Starts,Min,90s,Gls,Ast,G+A,G-PK,PK,PKatt,CrdY,CrdR,xG,npxG,xAG,npxG+xAG,PrgC,PrgP,PrgR,Gls,Ast,G+A,G-PK,G+A-PK,xG,xAG,xG+xAG,npxG,npxG+xAG,Matches
176,Pedro Ferreira,pt POR,MF,Santa Clara,27-120,1998,30,19,1708,19.0,0,3,3,0,0,0,8,0,0.9,0.9,1.2,2.0,8,47,27,0.00,0.16,0.16,0.00,0.16,0.05,0.06,0.11,0.05,0.11,Matches
177,Tiago Ferreira,pt POR,FW,Estrela,23-048,2002,1,1,39,0.4,0,0,0,0,0,0,0,0,0.0,0.0,0.1,0.1,0,1,4,0.00,0.00,0.00,0.00,0.00,0.00,0.15,0.15,0.00,0.15,Matches
178,Daniel Figueira,pt POR,GK,Estoril,26-289,1998,1,1,90,1.0,0,0,0,0,0,0,0,0,0.0,0.0,0.0,0.0,0,0,0,0.00,0.00,0.00,0.00,0.00,0.00,0.00,0.00,0.00,0.00,Matches
179,Sidoine Fogning,cm CMR,"DF,MF",Boavista,23-175,2001,10,10,900,10.0,0,0,0,0,0,0,2,0,0.1,0.1,0.1,0.2,2,19,2,0.00,0.00,0.00,0.00,0.00,0.01,0.01,0.02,0.01,0.02,Matches
180,Tiago Fonseca Morais,pt POR,"FW,MF",Rio Ave,21-244,2003,29,16,1424,15.8,4,0,4,4,0,1,1,0,3.6,2.8,1.7,4.5,31,58,97,0.25,0.00,0.25,0.25,0.25,0.23,0.11,0.33,0.18,0.28,Matches
181,José Fontán,es ESP,DF,Arouca,25-083,2000,28,28,2499,27.8,1,0,1,1,0,0,10,0,1.0,1.0,0.1,1.1,9,75,3,0.04,0.00,0.04,0.04,0.04,0.04,0.00,0.04,0.04,0.04,Matches
182,José Fonte,pt POR,DF,Casa Pia,41-134,1983,24,23,1935,21.5,0,0,0,0,0,0,5,1,1.0,1.0,0.1,1.0,4,31,4,0.00,0.00,0.00,0.00,0.00,0.04,0.00,0.05,0.04,0.05,Matches
183,Lucas França,br BRA,GK,Nacional,29-106,1996,32,32,2835,31.5,0,0,0,0,0,0,4,0,0.0,0.0,0.1,0.1,0,0,0,0.00,0.00,0.00,0.00,0.00,0.00,0.00,0.00,0.00,0.00,Matches
184,André Franco,pt POR,"MF,FW",Porto,27-023,1998,16,4,473,5.3,1,0,1,1,0,0,4,0,0.5,0.5,1.3,1.8,8,25,19,0.19,0.00,0.19,0.19,0.19,0.11,0.27,0.38,0.11,0.38,Matches
185,Afonso freitas,pt POR,DF,Nacional,25-028,2000,1,0,19,0.2,0,0,0,0,0,0,0,0,0.0,0.0,0.0,0.0,0,0,0,0.00,0.00,0.00,0.00,0.00,0.00,0.00,0.00,0.00,0.00,Matches
186,Iván Fresneda,es ESP,"DF,MF",Sporting CP,20-219,2004,17,11,958,10.6,3,0,3,3,0,0,2,0,1.9,1.9,1.0,3.0,28,42,70,0.28,0.00,0.28,0.28,0.28,0.18,0.10,0.28,0.18,0.28,Matches
187,Godfried Frimpong,nl NED,DF,Moreirense,25-288,1999,29,28,2449,27.2,1,3,4,1,0,0,6,0,0.5,0.5,2.8,3.3,28,64,96,0.04,0.11,0.15,0.04,0.15,0.02,0.10,0.12,0.02,0.12,Matches
188,Kanya Fujimoto,jp JPN,MF,Gil Vicente FC,25-308,1999,30,28,2219,24.7,5,5,10,4,1,1,1,0,4.0,3.2,4.2,7.4,34,93,124,0.20,0.20,0.41,0.16,0.37,0.16,0.17,0.33,0.13,0.30,Matches
189,Taichi Fukui,jp JPN,MF,Arouca,20-294,2004,29,24,2093,23.3,0,1,1,0,0,0,5,0,0.8,0.8,1.3,2.1,24,98,30,0.00,0.04,0.04,0.00,0.04,0.03,0.06,0.09,0.03,0.09,Matches
190,Rúben Furtado,pt POR,"FW,MF",Braga,19-155,2005,4,0,51,0.6,0,0,0,0,0,0,0,0,0.5,0.5,0.1,0.6,4,2,5,0.00,0.00,0.00,0.00,0.00,0.87,0.11,0.98,0.87,0.98,Matches
191,Tiago Gabriel,pt POR,DF,Estrela,20-130,2004,11,11,980,10.9,1,0,1,1,0,0,2,0,0.6,0.6,0.0,0.6,2,22,1,0.09,0.00,0.09,0.09,0.09,0.05,0.00,0.06,0.05,0.06,Matches
192,Galeno,br BRA,"FW,DF",Porto,27-195,1997,18,17,1445,16.1,8,0,8,4,4,6,4,0,9.1,4.2,2.2,6.4,56,58,175,0.50,0.00,0.50,0.25,0.25,0.57,0.14,0.71,0.26,0.40,Matches
193,Tiago Galletto,uy URU,MF,AVS Futebol,22-359,2002,2,0,60,0.7,0,0,0,0,0,0,1,0,0.0,0.0,0.0,0.0,0,1,0,0.00,0.00,0.00,0.00,0.00,0.02,0.00,0.02,0.02,0.02,Matches
194,Nino Galović,hr CRO,DF,Arouca,32-303,1992,1,1,90,1.0,0,0,0,0,0,0,0,0,0.0,0.0,0.0,0.0,0,1,0,0.00,0.00,0.00,0.00,0.00,0.00,0.00,0.00,0.00,0.00,Matches
195,García,br BRA,DF,Nacional,23-121,2002,32,31,2754,30.6,0,3,3,0,0,0,3,0,0.4,0.4,3.2,3.5,56,101,107,0.00,0.10,0.10,0.00,0.10,0.01,0.10,0.12,0.01,0.12,Matches
196,Fabrício Garcia,cv CPV,"FW,DF",Estoril,24-001,2001,24,15,1269,14.1,0,0,0,0,0,0,3,0,1.9,1.9,0.8,2.6,52,15,96,0.00,0.00,0.00,0.00,0.00,0.13,0.05,0.19,0.13,0.19,Matches
197,Santiago García,es ESP,MF,Gil Vicente FC,23-249,2001,25,15,1356,15.1,3,2,5,3,0,0,10,0,1.1,1.1,0.9,2.0,14,63,44,0.20,0.13,0.33,0.20,0.33,0.07,0.06,0.13,0.07,0.13,Matches
198,Bruno Gaspar,ao ANG,DF,Vitória,32-014,1993,11,10,866,9.6,0,0,0,0,0,0,2,0,0.2,0.2,0.6,0.8,14,42,62,0.00,0.00,0.00,0.00,0.00,0.02,0.06,0.08,0.02,0.08,Matches
199,Mory Gbane,ci CIV,"MF,DF",Gil Vicente FC,24-131,2000,18,16,1471,16.3,1,0,1,1,0,0,3,0,1.2,1.2,0.2,1.4,17,48,10,0.06,0.00,0.06,0.06,0.06,0.07,0.01,0.09,0.07,0.09,Matches
200,Geovanny,pt POR,MF,Farense,20-295,2004,6,1,164,1.8,0,0,0,0,0,0,0,0,0.1,0.1,0.0,0.1,0,6,5,0.00,0.00,0.00,0.00,0.00,0.04,0.00,0.04,0.04,0.04,Matches
Rk,Player,Nation,Pos,Squad,Age,Born,MP,Starts,Min,90s,Gls,Ast,G+A,G-PK,PK,PKatt,CrdY,CrdR,xG,npxG,xAG,npxG+xAG,PrgC,PrgP,PrgR,Gls,Ast,G+A,G-PK,G+A-PK,xG,xAG,xG+xAG,npxG,npxG+xAG,Matches
201,André Geraldes,pt POR,"MF,DF",Casa Pia,34-003,1991,24,11,1162,12.9,0,1,1,0,0,0,5,0,0.3,0.3,0.9,1.2,14,35,43,0.00,0.08,0.08,0.00,0.08,0.03,0.07,0.09,0.03,0.09,Matches
202,Ismaël Gharbi,es ESP,"FW,MF",Braga,21-025,2004,22,13,1036,11.5,4,3,7,4,0,0,2,0,2.7,2.7,1.4,4.1,32,43,113,0.35,0.26,0.61,0.35,0.61,0.24,0.12,0.36,0.24,0.36,Matches
203,Marco van Ginkel,nl NED,"FW,MF",Boavista,32-155,1992,8,7,550,6.1,1,0,1,0,1,1,2,0,1.4,0.6,0.4,1.1,3,14,16,0.16,0.00,0.16,0.00,0.00,0.23,0.07,0.30,0.10,0.18,Matches
204,José Gomes,pt POR,DF,Nacional,28-289,1996,27,26,2254,25.0,3,1,4,3,0,0,2,0,1.5,1.5,1.7,3.2,31,63,106,0.12,0.04,0.16,0.12,0.16,0.06,0.07,0.13,0.06,0.13,Matches
205,Pedro gomes,pt POR,DF,Boavista,21-335,2003,20,18,1429,15.9,0,0,0,0,0,0,7,1,0.8,0.8,0.1,0.9,2,35,13,0.00,0.00,0.00,0.00,0.00,0.05,0.01,0.06,0.05,0.06,Matches
206,Vítor Gomes,pt POR,MF,Rio Ave,37-131,1987,5,0,39,0.4,0,1,1,0,0,0,0,0,0.0,0.0,0.6,0.6,0,6,1,0.00,2.31,2.31,0.00,2.31,0.00,1.49,1.49,0.00,1.49,Matches
207,William Gomes,br BRA,"MF,FW",Porto,19-051,2006,7,0,138,1.5,0,0,0,0,0,0,0,0,0.2,0.2,0.3,0.5,4,7,17,0.00,0.00,0.00,0.00,0.00,0.15,0.21,0.36,0.15,0.36,Matches
208,Victor Gomez,es ESP,DF,Braga,25-034,2000,25,19,1740,19.3,0,2,2,0,0,0,1,0,0.4,0.4,1.7,2.0,35,116,148,0.00,0.10,0.10,0.00,0.10,0.02,0.09,0.11,0.02,0.11,Matches
209,Nuno Gonçalo Moreira,pt POR,"FW,MF",Casa Pia,25-323,1999,21,18,1491,16.6,5,5,10,5,0,0,3,1,3.1,3.1,2.1,5.2,40,79,89,0.30,0.30,0.60,0.30,0.60,0.19,0.13,0.31,0.19,0.31,Matches
210,João Gonçalves,pt POR,GK,Boavista,24-181,2000,4,4,360,4.0,0,0,0,0,0,0,0,0,0.0,0.0,0.0,0.0,0,0,0,0.00,0.00,0.00,0.00,0.00,0.00,0.00,0.00,0.00,0.00,Matches
211,Pedro Gonçalves,pt POR,"FW,MF",Sporting CP,26-311,1998,12,10,713,7.9,4,4,8,4,0,0,3,0,3.9,3.9,3.9,7.8,18,44,66,0.50,0.50,1.01,0.50,1.01,0.49,0.50,0.99,0.49,0.99,Matches
212,Cristo González,es ESP,MF,Arouca,27-193,1997,2,2,180,2.0,0,1,1,0,0,0,0,0,0.2,0.2,0.8,1.0,3,10,10,0.00,0.50,0.50,0.00,0.50,0.08,0.42,0.50,0.08,0.50,Matches
213,Juan González,co COL,FW,Estrela,20-282,2004,1,0,14,0.2,0,0,0,0,0,0,0,0,0.0,0.0,0.0,0.0,0,0,0,0.00,0.00,0.00,0.00,0.00,0.07,0.00,0.07,0.07,0.07,Matches
214,Mario González,es ESP,FW,Famalicão,29-069,1996,16,3,576,6.4,2,2,4,2,0,0,0,0,1.9,1.9,0.5,2.4,3,4,31,0.31,0.31,0.62,0.31,0.62,0.29,0.08,0.37,0.29,0.37,Matches
215,Nicolás González,es ESP,MF,Porto,23-122,2002,17,17,1441,16.0,5,3,8,5,0,0,6,1,4.3,4.3,0.7,5.0,22,114,42,0.31,0.19,0.50,0.31,0.50,0.27,0.05,0.31,0.27,0.31,Matches
216,Jean Gorby,fr FRA,MF,Braga,22-284,2002,23,14,1199,13.3,1,0,1,1,0,0,3,0,0.5,0.5,0.2,0.7,4,68,11,0.08,0.00,0.08,0.08,0.08,0.04,0.01,0.05,0.04,0.05,Matches
217,João Goulart Silva,pt POR,DF,Casa Pia,25-098,2000,31,30,2658,29.5,2,0,2,2,0,0,4,0,1.0,1.0,0.5,1.4,16,48,2,0.07,0.00,0.07,0.07,0.07,0.03,0.02,0.05,0.03,0.05,Matches
218,Tiago Gouveia,pt POR,"FW,DF",Benfica,23-321,2001,3,0,85,0.9,1,1,2,1,0,0,1,0,0.8,0.8,0.7,1.4,5,7,12,1.06,1.06,2.12,1.06,2.12,0.85,0.70,1.55,0.85,1.55,Matches
219,Pablo Gozalbez,es ESP,MF,Arouca,24-005,2001,17,8,648,7.2,1,0,1,1,0,0,1,0,0.9,0.9,0.5,1.5,9,37,45,0.14,0.00,0.14,0.14,0.14,0.13,0.07,0.20,0.13,0.20,Matches
220,João Graça,pt POR,"MF,FW",Rio Ave,29-321,1995,15,3,467,5.2,1,0,1,1,0,0,1,0,1.1,1.1,0.1,1.2,10,18,23,0.19,0.00,0.19,0.19,0.19,0.21,0.01,0.22,0.21,0.22,Matches
221,Samuel Granada,br BRA,FW,AVS Futebol,25-084,2000,4,3,240,2.7,0,1,1,0,0,0,2,1,0.9,0.9,0.4,1.4,1,4,12,0.00,0.37,0.37,0.00,0.37,0.35,0.16,0.51,0.35,0.51,Matches
222,Jaume Grau,es ESP,MF,AVS Futebol,28-000,1997,26,22,1849,20.5,2,2,4,2,0,0,12,0,0.6,0.6,1.0,1.5,10,72,9,0.10,0.10,0.19,0.10,0.19,0.03,0.05,0.08,0.03,0.08,Matches
223,Marko Grujić,rs SRB,MF,Porto,29-022,1996,2,0,33,0.4,0,0,0,0,0,0,0,0,0.0,0.0,0.4,0.4,1,3,5,0.00,0.00,0.00,0.00,0.00,0.00,1.14,1.14,0.00,1.14,Matches
224,Marko Gudžulić,rs SRB,GK,Estrela,22-304,2002,2,2,180,2.0,0,0,0,0,0,0,1,0,0.0,0.0,0.0,0.0,0,0,0,0.00,0.00,0.00,0.00,0.00,0.00,0.00,0.00,0.00,0.00,Matches
225,Rafik Guitane,fr FRA,"FW,MF",Estoril,25-344,1999,19,8,771,8.6,0,4,4,0,0,0,0,0,0.7,0.7,3.0,3.7,23,42,60,0.00,0.47,0.47,0.00,0.47,0.08,0.35,0.43,0.08,0.43,Matches
Rk,Player,Nation,Pos,Squad,Age,Born,MP,Starts,Min,90s,Gls,Ast,G+A,G-PK,PK,PKatt,CrdY,CrdR,xG,npxG,xAG,npxG+xAG,PrgC,PrgP,PrgR,Gls,Ast,G+A,G-PK,G+A-PK,xG,xAG,xG+xAG,npxG,npxG+xAG,Matches
226,Rafik Guitane,fr FRA,FW,Braga,25-344,1999,1,0,2,0.0,0,0,0,0,0,0,0,0,0.0,0.0,0.0,0.0,0,0,0,0.00,0.00,0.00,0.00,0.00,0.00,0.00,0.00,0.00,0.00,Matches
227,Deniz Gül,tr TUR,FW,Porto,20-307,2004,13,5,415,4.6,1,0,1,1,0,0,0,0,1.4,1.4,0.4,1.8,6,9,24,0.22,0.00,0.22,0.22,0.22,0.29,0.09,0.37,0.29,0.37,Matches
228,Viktor Gyökeres,se SWE,FW,Sporting CP,26-335,1998,31,29,2624,29.2,38,6,44,26,12,12,3,0,29.1,19.7,6.9,26.6,125,65,317,1.30,0.21,1.51,0.89,1.10,1.00,0.24,1.24,0.68,0.91,Matches
229,Justin de Haas,nl NED,DF,Famalicão,25-093,2000,28,26,2378,26.4,2,0,2,1,1,1,4,0,1.9,1.1,0.2,1.3,8,76,3,0.08,0.00,0.08,0.04,0.04,0.07,0.01,0.08,0.04,0.05,Matches
230,Habraão,br BRA,FW,Santa Clara,23-313,2001,1,0,1,0.0,0,0,0,0,0,0,0,0,0.0,0.0,0.0,0.0,0,0,0,0.00,0.00,0.00,0.00,0.00,0.00,0.00,0.00,0.00,0.00,Matches
231,Tomás Händel,pt POR,MF,Vitória,24-159,2000,31,28,2426,27.0,2,1,3,2,0,0,4,0,1.5,1.5,1.9,3.4,36,159,49,0.07,0.04,0.11,0.07,0.11,0.06,0.07,0.13,0.06,0.13,Matches
232,Conrad Harder,dk DEN,"FW,MF",Sporting CP,20-028,2005,26,6,772,8.6,5,5,10,5,0,0,0,0,3.0,3.0,2.9,5.8,19,10,79,0.58,0.58,1.17,0.58,1.17,0.35,0.33,0.68,0.35,0.68,Matches
233,Thiago Helguera,uy URU,MF,Braga,19-040,2006,1,0,9,0.1,0,0,0,0,0,0,0,0,0.0,0.0,0.0,0.0,0,0,0,0.00,0.00,0.00,0.00,0.00,0.00,0.00,0.00,0.00,0.00,Matches
234,Gustavo Henrique,br BRA,"MF,FW",Estrela,26-003,1999,4,4,228,2.5,0,1,1,0,0,0,0,0,0.0,0.0,0.1,0.2,3,2,14,0.00,0.39,0.39,0.00,0.39,0.01,0.05,0.06,0.01,0.06,Matches
235,Morten Hjulmand,dk DEN,MF,Sporting CP,25-314,1999,27,25,2124,23.6,2,2,4,1,1,1,10,1,2.0,1.2,1.7,3.0,12,154,32,0.08,0.08,0.17,0.04,0.13,0.08,0.07,0.16,0.05,0.13,Matches
236,Jordan Holsgrove,sct SCO,MF,Estoril,25-237,1999,26,24,2203,24.5,1,3,4,1,0,0,5,0,1.1,1.1,3.9,5.0,25,160,35,0.04,0.12,0.16,0.04,0.16,0.04,0.16,0.20,0.04,0.20,Matches
237,Lukáš Horníček,cz CZE,GK,Braga,22-296,2002,15,15,1350,15.0,0,0,0,0,0,0,0,0,0.0,0.0,0.0,0.0,0,0,0,0.00,0.00,0.00,0.00,0.00,0.00,0.00,0.00,0.00,0.00,Matches
238,André Horta,pt POR,MF,Braga,28-179,1996,12,6,508,5.6,0,4,4,0,0,0,0,0,0.6,0.6,1.2,1.8,21,57,18,0.00,0.71,0.71,0.00,0.71,0.10,0.21,0.31,0.10,0.31,Matches
239,Ricardo Horta,pt POR,"MF,FW",Braga,30-232,1994,32,30,2657,29.5,10,4,14,10,0,0,2,0,6.8,6.8,4.9,11.7,25,116,156,0.34,0.14,0.47,0.34,0.47,0.23,0.17,0.40,0.23,0.40,Matches
240,Igor,br BRA,MF,Estrela,22-059,2003,13,9,800,8.9,0,0,0,0,0,0,4,0,0.2,0.2,1.0,1.1,3,29,3,0.00,0.00,0.00,0.00,0.00,0.02,0.11,0.13,0.02,0.13,Matches
241,André Inácio,br BRA,"MF,FW",Estrela,23-071,2002,11,7,638,7.1,1,1,2,1,0,0,1,0,1.8,1.8,1.1,2.9,25,8,34,0.14,0.14,0.28,0.14,0.28,0.25,0.16,0.41,0.25,0.41,Matches
242,André Inácio,br BRA,"FW,MF",Rio Ave,23-071,2002,13,10,909,10.1,1,1,2,1,0,0,1,0,2.1,2.1,1.3,3.4,40,28,75,0.10,0.10,0.20,0.10,0.20,0.21,0.13,0.34,0.21,0.34,Matches
243,Gonçalo Inácio,pt POR,DF,Sporting CP,23-253,2001,26,23,2075,23.1,3,2,5,3,0,0,6,0,2.4,2.4,0.8,3.2,31,176,14,0.13,0.09,0.22,0.13,0.22,0.10,0.04,0.14,0.10,0.14,Matches
244,Isaac,br BRA,FW,Nacional,21-040,2004,26,15,1235,13.7,3,1,4,3,0,0,3,0,3.2,3.2,0.4,3.6,7,12,58,0.22,0.07,0.29,0.22,0.29,0.24,0.03,0.27,0.24,0.27,Matches
245,Ismael,pt POR,MF,Moreirense,26-041,1999,29,25,2021,22.5,1,1,2,1,0,0,6,0,1.9,1.9,0.7,2.6,14,95,35,0.04,0.04,0.09,0.04,0.09,0.08,0.03,0.12,0.08,0.12,Matches
246,Franco Israel,uy URU,GK,Sporting CP,25-013,2000,11,11,990,11.0,0,0,0,0,0,0,1,0,0.0,0.0,0.0,0.0,0,0,0,0.00,0.00,0.00,0.00,0.00,0.00,0.00,0.00,0.00,0.00,Matches
247,Ivan Jaime Pajuelo,es ESP,FW,Porto,24-221,2000,9,5,443,4.9,2,2,4,2,0,0,1,0,1.2,1.2,0.6,1.9,8,25,37,0.41,0.41,0.81,0.41,0.81,0.25,0.13,0.38,0.25,0.38,Matches
248,Jason,es ESP,"FW,MF",Arouca,30-303,1994,30,23,2076,23.1,5,1,6,4,1,3,5,0,6.3,3.9,3.3,7.2,24,74,167,0.22,0.04,0.26,0.17,0.22,0.27,0.14,0.41,0.17,0.31,Matches
249,Jhonatan,br BRA,GK,Rio Ave,33-362,1991,8,8,720,8.0,0,0,0,0,0,0,1,0,0.0,0.0,0.0,0.0,0,0,0,0.00,0.00,0.00,0.00,0.00,0.00,0.00,0.00,0.00,0.00,Matches
250,Diederrick Joel,cm CMR,FW,Nacional,31-150,1993,12,6,718,8.0,2,0,2,2,0,0,1,0,1.5,1.5,1.1,2.6,5,16,22,0.25,0.00,0.25,0.25,0.25,0.18,0.14,0.32,0.18,0.32,Matches
Rk,Player,Nation,Pos,Squad,Age,Born,MP,Starts,Min,90s,Gls,Ast,G+A,G-PK,PK,PKatt,CrdY,CrdR,xG,npxG,xAG,npxG+xAG,PrgC,PrgP,PrgR,Gls,Ast,G+A,G-PK,G+A-PK,xG,xAG,xG+xAG,npxG,npxG+xAG,Matches
251,Joel Jorquera,es ESP,FW,Moreirense,24-259,2000,10,2,282,3.1,0,0,0,0,0,0,0,0,0.1,0.1,0.1,0.2,9,12,13,0.00,0.00,0.00,0.00,0.00,0.03,0.03,0.06,0.03,0.06,Matches
252,Luiz Lúcio Reis Júnior,br BRA,GK,Famalicão,24-111,2001,1,1,90,1.0,0,0,0,0,0,0,1,0,0.0,0.0,0.0,0.0,0,0,0,0.00,0.00,0.00,0.00,0.00,0.00,0.00,0.00,0.00,0.00,Matches
253,Samuel Justo,pt POR,MF,Farense,21-033,2004,3,0,40,0.4,0,0,0,0,0,0,0,0,0.0,0.0,0.1,0.1,1,4,4,0.00,0.00,0.00,0.00,0.00,0.02,0.20,0.21,0.02,0.21,Matches
254,Issa Kaboré,bf BFA,DF,Benfica,23-358,2001,3,0,13,0.1,0,0,0,0,0,0,0,0,0.0,0.0,0.0,0.0,1,3,3,0.00,0.00,0.00,0.00,0.00,0.00,0.00,0.00,0.00,0.00,Matches
255,Kaio,br BRA,FW,Vitória,21-079,2004,17,16,1299,14.4,2,3,5,2,0,0,4,0,2.7,2.7,2.3,5.0,45,61,125,0.14,0.21,0.35,0.14,0.35,0.18,0.16,0.35,0.18,0.35,Matches
256,Kaique,br BRA,GK,Farense,22-019,2003,4,4,360,4.0,0,0,0,0,0,0,0,0,0.0,0.0,0.0,0.0,0,0,0,0.00,0.00,0.00,0.00,0.00,0.00,0.00,0.00,0.00,0.00,Matches
257,Osman Kakay,sl SLE,"DF,MF",Boavista,27-253,1997,7,4,398,4.4,0,0,0,0,0,0,1,0,0.0,0.0,0.1,0.1,4,8,17,0.00,0.00,0.00,0.00,0.00,0.00,0.03,0.03,0.00,0.03,Matches
258,Issiaka Kamate,fr FRA,"FW,MF",AVS Futebol,20-276,2004,8,4,350,3.9,0,0,0,0,0,0,0,0,0.1,0.1,0.4,0.5,8,8,19,0.00,0.00,0.00,0.00,0.00,0.03,0.10,0.13,0.03,0.13,Matches
259,Kazu,br BRA,DF,Gil Vicente FC,25-048,2000,11,6,533,5.9,0,0,0,0,0,0,2,0,0.0,0.0,0.3,0.3,7,25,30,0.00,0.00,0.00,0.00,0.00,0.00,0.05,0.05,0.00,0.05,Matches
260,Keliano,ao ANG,MF,Estrela,22-109,2003,20,13,956,10.6,0,1,1,0,0,0,7,0,0.2,0.2,0.2,0.4,8,37,8,0.00,0.09,0.09,0.00,0.09,0.02,0.02,0.04,0.02,0.04,Matches
261,Kewin,br BRA,GK,Moreirense,29-192,1995,29,29,2610,29.0,0,0,0,0,0,0,4,0,0.0,0.0,0.0,0.0,0,0,0,0.00,0.00,0.00,0.00,0.00,0.00,0.00,0.00,0.00,0.00,Matches
262,Kikas,pt POR,FW,Estrela,26-230,1998,29,20,1874,20.8,6,1,7,6,0,0,3,0,6.2,6.2,0.6,6.8,25,14,99,0.29,0.05,0.34,0.29,0.34,0.30,0.03,0.33,0.30,0.33,Matches
263,Gustavo Klismahn,br BRA,"MF,FW",Santa Clara,25-163,1999,17,9,822,9.1,0,3,3,0,0,0,2,0,0.5,0.5,1.7,2.1,15,35,30,0.00,0.33,0.33,0.00,0.33,0.05,0.18,0.23,0.05,0.23,Matches
264,Ruben Kluivert,nl NED,DF,Casa Pia,23-349,2001,21,13,1229,13.7,1,0,1,1,0,0,5,0,0.6,0.6,0.1,0.7,2,27,5,0.07,0.00,0.07,0.07,0.07,0.04,0.00,0.05,0.04,0.05,Matches
265,Koka,eg EGY,"FW,MF",Rio Ave,32-061,1993,9,0,167,1.9,1,0,1,1,0,0,2,0,0.8,0.8,0.2,1.1,3,4,5,0.54,0.00,0.54,0.54,0.54,0.45,0.13,0.58,0.45,0.58,Matches
266,Orkun Kökçü,tr TUR,MF,Benfica,24-127,2000,31,28,2457,27.3,7,7,14,5,2,2,6,0,4.5,3.0,6.9,9.8,54,278,109,0.26,0.26,0.51,0.18,0.44,0.17,0.25,0.42,0.11,0.36,Matches
267,Moussa Koné,sn SEN,"MF,FW",Boavista,28-126,1996,6,4,297,3.3,0,0,0,0,0,0,0,0,0.6,0.6,0.1,0.7,1,0,11,0.00,0.00,0.00,0.00,0.00,0.17,0.03,0.20,0.17,0.20,Matches
268,Konstantinos Kostoulas,gr GRE,DF,Rio Ave,20-086,2005,2,1,101,1.1,0,0,0,0,0,0,1,0,0.0,0.0,0.0,0.0,0,0,0,0.00,0.00,0.00,0.00,0.00,0.00,0.00,0.00,0.00,0.00,Matches
269,Vladen Kovačević,ba BIH,GK,Sporting CP,27-024,1998,6,6,540,6.0,0,0,0,0,0,0,0,0,0.0,0.0,0.0,0.0,0,0,0,0.00,0.00,0.00,0.00,0.00,0.00,0.00,0.00,0.00,0.00,Matches
270,Andrian Kraev,bg BUL,MF,Casa Pia,26-080,1999,24,18,1485,16.5,1,0,1,1,0,0,8,0,1.7,1.7,0.1,1.8,4,54,11,0.06,0.00,0.06,0.06,0.06,0.10,0.01,0.11,0.10,0.11,Matches
271,Layvin Kurzawa,fr FRA,"DF,MF",Boavista,32-243,1992,4,2,170,1.9,0,0,0,0,0,0,2,0,0.0,0.0,0.1,0.1,2,2,10,0.00,0.00,0.00,0.00,0.00,0.02,0.03,0.05,0.02,0.05,Matches
272,Chiheb Labidi,tn TUN,"MF,FW",Nacional,23-338,2001,16,3,366,4.1,1,0,1,1,0,0,3,0,0.1,0.1,0.1,0.3,4,17,5,0.25,0.00,0.25,0.25,0.25,0.03,0.03,0.06,0.03,0.06,Matches
273,André Lacximicant,pt POR,FW,Estoril,23-351,2001,25,10,899,10.0,4,2,6,4,0,0,4,0,4.9,4.9,0.7,5.6,26,13,46,0.40,0.20,0.60,0.40,0.60,0.49,0.07,0.56,0.49,0.56,Matches
274,Chico Lamba,pt POR,DF,Arouca,22-056,2003,24,23,2099,23.3,1,2,3,1,0,0,6,0,0.7,0.7,0.6,1.3,9,60,5,0.04,0.09,0.13,0.04,0.13,0.03,0.03,0.06,0.03,0.06,Matches
275,Larra,es ESP,"MF,DF",Casa Pia,27-139,1997,30,24,2078,23.1,1,3,4,1,0,0,9,1,1.7,1.7,2.8,4.6,49,54,112,0.04,0.13,0.17,0.04,0.17,0.08,0.12,0.20,0.08,0.20,Matches
Rk,Player,Nation,Pos,Squad,Age,Born,MP,Starts,Min,90s,Gls,Ast,G+A,G-PK,PK,PKatt,CrdY,CrdR,xG,npxG,xAG,npxG+xAG,PrgC,PrgP,PrgR,Gls,Ast,G+A,G-PK,G+A-PK,xG,xAG,xG+xAG,npxG,npxG+xAG,Matches
276,Leonardo Lelo,pt POR,"MF,DF",Casa Pia,25-036,2000,32,32,2848,31.6,1,4,5,1,0,0,2,0,1.4,1.4,4.5,5.9,32,107,141,0.03,0.13,0.16,0.03,0.16,0.04,0.14,0.19,0.04,0.19,Matches
277,Marcos Leonardo,br BRA,MF,Benfica,22-003,2003,3,0,82,0.9,1,0,1,0,1,1,0,0,1.3,0.5,0.0,0.5,4,2,6,1.10,0.00,1.10,0.00,0.00,1.38,0.03,1.41,0.52,0.55,Matches
278,Guilherme Liberato,br BRA,MF,Moreirense,23-323,2001,4,0,45,0.5,0,0,0,0,0,0,0,0,0.0,0.0,0.0,0.0,0,3,0,0.00,0.00,0.00,0.00,0.00,0.00,0.00,0.00,0.00,0.00,Matches
279,Otso Liimatta,fi FIN,"FW,MF",Famalicão,20-299,2004,5,1,121,1.3,0,0,0,0,0,0,1,0,0.3,0.3,0.1,0.4,2,4,12,0.00,0.00,0.00,0.00,0.00,0.21,0.07,0.28,0.21,0.28,Matches
280,Rúben Lima,pt POR,DF,Estrela,35-214,1989,24,20,1778,19.8,0,2,2,0,0,0,3,1,0.1,0.1,1.9,2.0,6,65,3,0.00,0.10,0.10,0.00,0.10,0.00,0.10,0.10,0.00,0.10,Matches
281,Yan Lincon,br BRA,FW,Moreirense,22-234,2002,6,3,234,2.6,3,0,3,3,0,0,2,0,0.6,0.6,0.0,0.6,2,3,7,1.15,0.00,1.15,1.15,1.15,0.23,0.00,0.23,0.23,0.23,Matches
282,Jérémy Livolant,fr FRA,"FW,MF",Casa Pia,27-116,1998,24,18,1623,18.0,3,2,5,3,0,0,1,1,3.9,3.9,2.3,6.1,47,42,109,0.17,0.11,0.28,0.17,0.28,0.21,0.13,0.34,0.21,0.34,Matches
283,Danny Loader,cm CMR,"FW,MF",Porto,24-250,2000,26,11,1010,11.2,3,1,4,2,1,1,3,0,4.2,3.4,0.8,4.1,17,31,69,0.27,0.09,0.36,0.18,0.27,0.35,0.06,0.42,0.29,0.35,Matches
284,Samuel Lobato,pt POR,"FW,MF",Famalicão,23-198,2001,11,0,73,0.8,0,0,0,0,0,0,1,0,0.0,0.0,0.0,0.0,2,1,7,0.00,0.00,0.00,0.00,0.00,0.00,0.00,0.00,0.00,0.00,Matches
285,Tom van de Looi,nl NED,MF,Famalicão,25-307,1999,25,16,1573,17.5,0,2,2,0,0,0,3,0,0.7,0.7,0.6,1.4,8,111,13,0.00,0.11,0.11,0.00,0.11,0.04,0.04,0.08,0.04,0.08,Matches
286,Miguel Lopes,pt POR,DF,Estrela,38-137,1986,14,13,1099,12.2,0,0,0,0,0,0,2,0,0.3,0.3,0.1,0.4,3,27,1,0.00,0.00,0.00,0.00,0.00,0.03,0.01,0.03,0.03,0.03,Matches
287,Rony Lopes,pt POR,"MF,FW",Farense,29-128,1995,12,12,977,10.9,1,0,1,1,0,0,3,0,2.3,2.3,1.2,3.4,11,36,41,0.09,0.00,0.09,0.09,0.09,0.21,0.11,0.32,0.21,0.32,Matches
288,Vasco Lopes,cv CPV,"FW,MF",AVS Futebol,25-245,1999,21,10,1002,11.1,2,1,3,2,0,0,5,0,1.7,1.7,1.2,2.9,52,45,77,0.18,0.09,0.27,0.18,0.27,0.15,0.11,0.26,0.15,0.26,Matches
289,Mamadou Loum,sn SEN,"MF,DF",Arouca,28-126,1996,19,7,696,7.7,0,0,0,0,0,0,4,1,0.4,0.4,0.5,0.9,5,42,2,0.00,0.00,0.00,0.00,0.00,0.05,0.06,0.12,0.05,0.11,Matches
290,Jonatan Lucca,br BRA,MF,AVS Futebol,30-337,1994,8,2,271,3.0,0,0,0,0,0,0,1,0,0.2,0.2,0.0,0.2,1,12,5,0.00,0.00,0.00,0.00,0.00,0.05,0.01,0.06,0.05,0.06,Matches
291,Florentino Luís,pt POR,MF,Benfica,25-259,1999,24,22,1820,20.2,2,1,3,2,0,0,6,0,1.4,1.4,0.6,2.0,12,116,15,0.10,0.05,0.15,0.10,0.15,0.07,0.03,0.10,0.07,0.10,Matches
292,Zé Luís,cv CPV,FW,AVS Futebol,34-101,1991,22,14,1219,13.5,2,1,3,0,2,2,3,0,3.9,2.3,1.8,4.1,10,22,47,0.15,0.07,0.22,0.00,0.07,0.29,0.14,0.42,0.17,0.31,Matches
293,Luismi,gq EQG,FW,Moreirense,23-300,2001,29,13,1349,15.0,5,3,8,5,0,0,1,0,5.3,5.3,1.1,6.3,21,20,64,0.33,0.20,0.53,0.33,0.53,0.35,0.07,0.42,0.35,0.42,Matches
294,Vitali Lystsov,ru RUS,DF,Boavista,29-298,1995,7,5,467,5.2,1,0,1,1,0,0,2,0,0.1,0.1,0.0,0.1,1,16,1,0.19,0.00,0.19,0.19,0.19,0.02,0.00,0.02,0.02,0.02,Matches
295,Rúben Macedo,pt POR,"FW,MF",Nacional,29-057,1996,25,9,1081,12.0,1,0,1,0,1,1,0,0,3.0,2.2,2.0,4.2,52,15,71,0.08,0.00,0.08,0.00,0.00,0.25,0.17,0.42,0.18,0.35,Matches
296,Tiago Machado,pt POR,"FW,MF",Boavista,21-033,2004,11,0,122,1.4,0,0,0,0,0,0,0,0,0.2,0.2,0.2,0.4,0,4,10,0.00,0.00,0.00,0.00,0.00,0.13,0.17,0.30,0.13,0.30,Matches
297,Madson,br BRA,FW,Moreirense,25-252,1999,19,16,1173,13.0,2,1,3,2,0,0,1,0,2.0,2.0,1.6,3.6,42,29,90,0.15,0.08,0.23,0.15,0.23,0.15,0.13,0.28,0.15,0.28,Matches
298,Miguel Maga,pt POR,DF,Vitória,22-170,2002,16,14,1263,14.0,0,1,1,0,0,0,2,0,0.2,0.2,1.1,1.3,20,56,86,0.00,0.07,0.07,0.00,0.07,0.02,0.07,0.09,0.02,0.09,Matches
299,Otar Mamageishvili,ge GEO,MF,Famalicão,22-110,2003,4,0,46,0.5,0,0,0,0,0,0,2,0,0.0,0.0,0.0,0.0,0,0,0,0.00,0.00,0.00,0.00,0.00,0.08,0.00,0.08,0.08,0.08,Matches
300,Eliaquim Mangala,fr FRA,DF,Estoril,34-081,1991,9,4,424,4.7,0,0,0,0,0,0,4,0,0.0,0.0,0.0,0.0,2,3,0,0.00,0.00,0.00,0.00,0.00,0.00,0.00,0.00,0.00,0.00,Matches
Rk,Player,Nation,Pos,Squad,Age,Born,MP,Starts,Min,90s,Gls,Ast,G+A,G-PK,PK,PKatt,CrdY,CrdR,xG,npxG,xAG,npxG+xAG,PrgC,PrgP,PrgR,Gls,Ast,G+A,G-PK,G+A-PK,xG,xAG,xG+xAG,npxG,npxG+xAG,Matches
301,Ricardo Mangas,pt POR,FW,Vitória,27-047,1998,4,4,339,3.8,0,0,0,0,0,0,0,0,0.9,0.9,0.3,1.2,9,4,25,0.00,0.00,0.00,0.00,0.00,0.24,0.07,0.32,0.24,0.32,Matches
302,Brian Mansilla,uy URU,"FW,MF",Arouca,22-356,2002,10,2,278,3.1,0,0,0,0,0,1,0,0,1.5,0.7,0.8,1.5,3,6,12,0.00,0.00,0.00,0.00,0.00,0.49,0.25,0.74,0.24,0.48,Matches
303,Nico Mantl,de GER,GK,Arouca,25-088,2000,29,29,2610,29.0,0,0,0,0,0,0,6,0,0.0,0.0,0.0,0.0,0,0,1,0.00,0.00,0.00,0.00,0.00,0.00,0.00,0.00,0.00,0.00,Matches
304,Manú,ao ANG,"FW,DF",Estrela,19-177,2005,3,0,41,0.5,0,0,0,0,0,0,1,0,0.0,0.0,0.0,0.0,0,0,2,0.00,0.00,0.00,0.00,0.00,0.00,0.00,0.00,0.00,0.00,Matches
305,Manuel Manu,pt POR,MF,Vitória,23-327,2001,15,7,680,7.6,1,1,2,1,0,0,2,0,0.4,0.4,0.6,1.0,1,73,14,0.13,0.13,0.26,0.13,0.26,0.06,0.08,0.14,0.06,0.14,Matches
306,Manuel Manu,pt POR,MF,Benfica,23-327,2001,3,2,136,1.5,0,1,1,0,0,0,1,0,0.0,0.0,0.1,0.1,0,8,1,0.00,0.66,0.66,0.00,0.66,0.02,0.04,0.05,0.02,0.05,Matches
307,Maracás,br BRA,DF,Moreirense,31-008,1994,29,26,2393,26.6,1,1,2,1,0,0,6,0,1.4,1.4,0.9,2.3,3,33,2,0.04,0.04,0.08,0.04,0.08,0.05,0.03,0.09,0.05,0.09,Matches
308,Iván Marcano,es ESP,DF,Porto,37-316,1987,9,9,761,8.5,0,0,0,0,0,0,0,0,0.1,0.1,0.5,0.6,9,39,4,0.00,0.00,0.00,0.00,0.00,0.01,0.06,0.07,0.01,0.07,Matches
309,Adrián Marín,es ESP,DF,Braga,28-116,1997,10,8,711,7.9,0,2,2,0,0,0,0,0,0.0,0.0,0.7,0.7,6,58,15,0.00,0.25,0.25,0.00,0.25,0.00,0.09,0.09,0.00,0.09,Matches
310,João Mário,pt POR,"FW,MF",Benfica,32-106,1993,2,2,154,1.7,0,0,0,0,0,0,1,0,0.1,0.1,0.3,0.4,3,18,17,0.00,0.00,0.00,0.00,0.00,0.05,0.19,0.24,0.05,0.24,Matches
311,João Mário Lopes,pt POR,DF,Porto,25-122,2000,24,17,1568,17.4,0,3,3,0,0,0,5,0,0.8,0.8,4.2,5.0,71,111,168,0.00,0.17,0.17,0.00,0.17,0.04,0.24,0.28,0.04,0.28,Matches
312,Uładzisłaŭ Marozaŭ,by BLR,FW,Arouca,24-205,2000,11,3,279,3.1,0,0,0,0,0,0,0,0,0.3,0.3,0.2,0.5,3,1,10,0.00,0.00,0.00,0.00,0.00,0.09,0.07,0.17,0.09,0.17,Matches
313,Alejandro Marqués,ve VEN,FW,Estoril,24-274,2000,31,15,1644,18.3,10,0,10,6,4,4,1,0,7.2,4.1,0.5,4.5,10,18,56,0.55,0.00,0.55,0.33,0.33,0.40,0.03,0.42,0.22,0.25,Matches
314,Alex Marques,pt POR,DF,Boavista,19-194,2005,2,1,99,1.1,0,0,0,0,0,0,0,0,0.0,0.0,0.0,0.0,0,1,0,0.00,0.00,0.00,0.00,0.00,0.00,0.00,0.00,0.00,0.00,Matches
315,João Marques,pt POR,"MF,FW",Braga,23-081,2002,3,0,37,0.4,0,0,0,0,0,0,1,0,0.1,0.1,0.0,0.1,0,1,6,0.00,0.00,0.00,0.00,0.00,0.22,0.04,0.26,0.22,0.26,Matches
316,João Marques,pt POR,"FW,MF",Gil Vicente FC,23-081,2002,9,4,430,4.8,0,0,0,0,0,0,2,0,0.6,0.6,0.0,0.6,7,14,24,0.00,0.00,0.00,0.00,0.00,0.12,0.00,0.12,0.12,0.12,Matches
317,Gabri Martínez,es ESP,"FW,MF",Braga,22-103,2003,29,14,1531,17.0,4,2,6,4,0,0,4,0,4.6,4.1,3.8,7.9,96,62,171,0.24,0.12,0.35,0.24,0.35,0.27,0.22,0.49,0.24,0.47,Matches
318,Toni Martínez,es ESP,FW,Porto,27-309,1997,1,0,4,0.0,0,0,0,0,0,0,0,0,0.0,0.0,0.0,0.0,0,0,0,0.00,0.00,0.00,0.00,0.00,0.00,0.00,0.00,0.00,0.00,Matches
319,Bernardo Martins,pt POR,"FW,MF",Moreirense,27-152,1997,29,17,1456,16.2,3,3,6,3,0,0,5,0,1.2,1.2,1.6,2.9,20,73,69,0.19,0.19,0.37,0.19,0.37,0.08,0.10,0.18,0.08,0.18,Matches
320,Matheus,br BRA,GK,Braga,32-290,1992,17,17,1530,17.0,0,0,0,0,0,0,1,0,0.0,0.0,0.0,0.0,0,2,0,0.00,0.00,0.00,0.00,0.00,0.00,0.00,0.00,0.00,0.00,Matches
321,Matheusinho,br BRA,"FW,MF",Santa Clara,27-083,1998,7,0,72,0.8,0,0,0,0,0,0,1,0,0.1,0.1,0.0,0.1,1,4,10,0.00,0.00,0.00,0.00,0.00,0.16,0.00,0.16,0.16,0.16,Matches
322,Marco Matias,pt POR,"FW,MF",Farense,35-360,1989,25,13,1088,12.1,2,3,5,2,0,0,2,0,1.7,1.7,1.4,3.1,13,29,53,0.17,0.25,0.41,0.17,0.41,0.14,0.12,0.25,0.14,0.25,Matches
323,Jordi Mboula,es ESP,"FW,MF",Gil Vicente FC,26-050,1999,24,12,1149,12.8,0,2,2,0,0,0,2,0,1.7,1.7,0.8,2.5,28,33,72,0.00,0.16,0.16,0.00,0.16,0.13,0.06,0.19,0.13,0.19,Matches
324,Tobías Medina,ar ARG,"MF,FW",Rio Ave,21-063,2004,2,0,30,0.3,0,0,0,0,0,0,0,0,0.0,0.0,0.0,0.0,2,0,1,0.00,0.00,0.00,0.00,0.00,0.00,0.00,0.00,0.00,0.00,Matches
325,Mauro Meireles Couto,pt POR,DF,Sporting CP,19-171,2005,1,0,4,0.0,0,0,0,0,0,0,0,0,0.0,0.0,0.0,0.0,0,1,2,0.00,0.00,0.00,0.00,0.00,0.00,0.00,0.00,0.00,0.00,Matches
Rk,Player,Nation,Pos,Squad,Age,Born,MP,Starts,Min,90s,Gls,Ast,G+A,G-PK,PK,PKatt,CrdY,CrdR,xG,npxG,xAG,npxG+xAG,PrgC,PrgP,PrgR,Gls,Ast,G+A,G-PK,G+A-PK,xG,xAG,xG+xAG,npxG,npxG+xAG,Matches
326,Francisco Meixedo,pt POR,GK,Estrela,23-351,2001,1,0,45,0.5,0,0,0,0,0,0,0,0,0.0,0.0,0.0,0.0,0,0,0,0.00,0.00,0.00,0.00,0.00,0.00,0.00,0.00,0.00,0.00,Matches
327,Yair Mena Palacios,co COL,"MF,FW",AVS Futebol,24-311,2000,10,0,93,1.0,0,0,0,0,0,0,4,0,0.1,0.1,0.0,0.1,1,1,8,0.00,0.00,0.00,0.00,0.00,0.05,0.04,0.10,0.05,0.10,Matches
328,João Mendes,pt POR,"MF,FW",Vitória,30-196,1994,33,17,1650,18.3,4,1,5,4,0,0,3,0,2.0,2.0,1.8,3.9,37,88,120,0.22,0.05,0.27,0.22,0.27,0.13,0.12,0.25,0.13,0.25,Matches
329,João Mendes,pt POR,DF,Vitória,25-022,2000,28,28,2418,26.9,0,0,0,0,0,0,9,0,0.7,0.7,1.5,2.2,62,134,193,0.00,0.00,0.00,0.00,0.00,0.02,0.05,0.07,0.02,0.07,Matches
330,Joe Mendes,se SWE,DF,Braga,22-125,2002,4,2,184,2.0,0,0,0,0,0,0,0,0,0.0,0.0,0.0,0.1,11,10,19,0.00,0.00,0.00,0.00,0.00,0.02,0.02,0.03,0.02,0.03,Matches
331,Gustavo Mendonça,pt POR,MF,AVS Futebol,22-055,2003,16,7,645,7.2,1,0,1,1,0,0,3,0,0.1,0.1,0.2,0.2,1,16,5,0.14,0.00,0.14,0.14,0.14,0.01,0.02,0.03,0.01,0.03,Matches
332,Miguel Menino,pt POR,MF,Farense,22-115,2003,27,22,1830,20.3,2,0,2,2,0,0,3,0,1.2,1.2,1.0,2.2,16,52,50,0.10,0.00,0.10,0.10,0.10,0.06,0.05,0.11,0.06,0.11,Matches
333,John Mercado,ec ECU,"FW,MF",AVS Futebol,22-336,2002,30,25,2099,23.3,3,1,4,3,0,0,2,0,2.6,2.6,3.1,5.8,76,30,147,0.13,0.04,0.17,0.13,0.17,0.11,0.13,0.25,0.11,0.25,Matches
334,Mehdi Merghem,fr FRA,"MF,FW",Farense,27-290,1997,12,5,460,5.1,0,0,0,0,0,0,2,0,0.3,0.3,1.5,1.8,17,23,24,0.00,0.00,0.00,0.00,0.00,0.05,0.30,0.35,0.05,0.35,Matches
335,Bruno Messi,pt POR,"FW,MF",Santa Clara,28-238,1996,7,0,113,1.3,0,0,0,0,0,0,1,0,0.1,0.1,0.1,0.2,8,4,18,0.00,0.00,0.00,0.00,0.00,0.09,0.05,0.15,0.09,0.15,Matches
336,Michel,br BRA,DF,Moreirense,21-350,2003,3,1,101,1.1,0,0,0,0,0,0,0,0,0.0,0.0,0.0,0.0,1,0,0,0.00,0.00,0.00,0.00,0.00,0.00,0.00,0.00,0.00,0.00,Matches
337,Dieu-Merci Michel,ca CAN,FW,Vitória,21-085,2004,8,4,349,3.9,2,0,2,2,0,0,0,0,1.5,1.5,0.1,1.5,2,2,12,0.52,0.00,0.52,0.52,0.52,0.37,0.01,0.39,0.37,0.39,Matches
338,Enea Mihaj,al ALB,DF,Famalicão,26-304,1998,29,29,2533,28.1,0,1,1,0,0,0,8,0,1.0,1.0,0.2,1.2,8,73,2,0.00,0.04,0.04,0.00,0.04,0.04,0.01,0.04,0.04,0.04,Matches
339,Álex Millán,es ESP,"FW,MF",Farense,25-179,1999,9,4,403,4.5,0,0,0,0,0,0,1,0,0.1,0.1,0.1,0.2,2,7,8,0.00,0.00,0.00,0.00,0.00,0.01,0.02,0.04,0.01,0.04,Matches
340,Cezary Miszta,pl POL,GK,Rio Ave,23-187,2001,23,23,2070,23.0,0,0,0,0,0,0,2,0,0.0,0.0,0.0,0.0,0,0,0,0.00,0.00,0.00,0.00,0.00,0.00,0.00,0.00,0.00,0.00,Matches
341,Iyad Mohamed,km COM,MF,Casa Pia,24-061,2001,9,4,413,4.6,0,0,0,0,0,0,1,1,0.0,0.0,0.1,0.1,2,15,11,0.00,0.00,0.00,0.00,0.00,0.00,0.02,0.02,0.00,0.02,Matches
342,Rodrigo Mora,pt POR,MF,Porto,18-000,2007,21,14,1249,13.9,8,4,12,8,0,0,2,0,4.1,4.1,1.4,5.4,36,63,85,0.58,0.29,0.86,0.58,0.86,0.30,0.10,0.40,0.30,0.40,Matches
343,Morato,br BRA,DF,Benfica,23-309,2001,1,1,90,1.0,0,0,0,0,0,0,0,0,0.1,0.1,0.0,0.1,4,10,0,0.00,0.00,0.00,0.00,0.00,0.05,0.00,0.05,0.05,0.05,Matches
344,Paulo Moreira,pt POR,MF,Estrela,25-077,2000,23,12,1086,12.1,1,0,1,1,0,0,3,0,0.2,0.2,0.5,0.7,14,32,17,0.08,0.00,0.08,0.08,0.08,0.02,0.04,0.06,0.02,0.06,Matches
345,Marco Moreno,es ESP,DF,Farense,24-074,2001,23,22,1864,20.7,0,0,0,0,0,0,6,1,0.7,0.7,0.1,0.8,7,45,3,0.00,0.00,0.00,0.00,0.00,0.04,0.00,0.04,0.04,0.04,Matches
346,Dani Morer,es ESP,DF,Moreirense,27-089,1998,1,0,9,0.1,0,0,0,0,0,0,0,0,0.0,0.0,0.0,0.0,0,1,1,0.00,0.00,0.00,0.00,0.00,0.00,0.00,0.00,0.00,0.00,Matches
347,Hidemasa Morita,jp JPN,MF,Sporting CP,29-360,1995,21,12,1185,13.2,2,3,5,2,0,0,1,0,1.5,1.5,2.7,4.2,18,98,38,0.15,0.23,0.38,0.15,0.38,0.11,0.20,0.32,0.11,0.32,Matches
348,Moura,pt POR,DF,Famalicão,25-262,1999,4,4,360,4.0,0,1,1,0,0,0,0,0,0.1,0.1,0.5,0.6,9,9,19,0.00,0.25,0.25,0.00,0.25,0.01,0.13,0.14,0.01,0.14,Matches
349,Moura,pt POR,DF,Porto,25-262,1999,25,24,2030,22.6,2,8,10,2,0,0,2,0,0.2,0.2,4.0,4.2,47,94,165,0.09,0.35,0.44,0.09,0.44,0.01,0.18,0.19,0.01,0.19,Matches
350,João Moutinho,pt POR,MF,Braga,38-239,1986,20,17,1511,16.8,1,2,3,1,0,0,6,1,0.5,0.5,1.1,1.6,15,137,19,0.06,0.12,0.18,0.06,0.18,0.03,0.07,0.10,0.03,0.10,Matches
Rk,Player,Nation,Pos,Squad,Age,Born,MP,Starts,Min,90s,Gls,Ast,G+A,G-PK,PK,PKatt,CrdY,CrdR,xG,npxG,xAG,npxG+xAG,PrgC,PrgP,PrgR,Gls,Ast,G+A,G-PK,G+A-PK,xG,xAG,xG+xAG,npxG,npxG+xAG,Matches
351,MT,br BRA,"DF,MF",Santa Clara,24-065,2001,32,31,2699,30.0,1,1,2,1,0,0,4,0,1.8,1.8,1.9,3.6,40,123,47,0.03,0.03,0.07,0.03,0.07,0.06,0.06,0.12,0.06,0.12,Matches
352,Jonathan Mutombo,fr FRA,DF,Gil Vicente FC,22-251,2002,13,5,589,6.5,0,0,0,0,0,0,3,0,0.1,0.1,0.4,0.5,12,25,29,0.00,0.00,0.00,0.00,0.00,0.01,0.07,0.08,0.01,0.08,Matches
353,Manuel Namora,pt POR,"MF,FW",Boavista,27-082,1998,8,4,307,3.4,0,0,0,0,0,0,1,0,0.1,0.1,0.1,0.1,0,7,9,0.00,0.00,0.00,0.00,0.00,0.02,0.01,0.03,0.02,0.03,Matches
354,Dylan Nandín,uy URU,FW,Arouca,23-066,2002,13,5,596,6.6,2,1,3,2,0,0,2,0,1.4,1.4,0.8,2.2,10,5,36,0.30,0.15,0.45,0.30,0.45,0.21,0.13,0.33,0.21,0.33,Matches
355,Nani,pt POR,"FW,MF",Estrela,38-169,1986,9,4,465,5.2,1,0,1,1,0,0,3,0,0.3,0.3,0.4,0.7,9,11,20,0.19,0.00,0.19,0.19,0.19,0.06,0.07,0.13,0.06,0.13,Matches
356,Fran Navarro,es ESP,FW,Porto,27-091,1998,4,1,91,1.0,0,0,0,0,0,0,0,0,0.4,0.4,0.0,0.4,0,1,5,0.00,0.00,0.00,0.00,0.00,0.43,0.00,0.43,0.43,0.43,Matches
357,Fran Navarro,es ESP,FW,Braga,27-091,1998,9,9,601,6.7,4,0,4,3,1,1,1,0,2.8,2.0,0.2,2.2,2,6,22,0.60,0.00,0.60,0.45,0.45,0.42,0.03,0.45,0.30,0.33,Matches
358,Christian Neiva Afonso,pt POR,"DF,MF",AVS Futebol,30-146,1994,23,19,1504,16.7,1,2,3,1,0,0,2,0,0.3,0.3,1.7,2.0,13,39,41,0.06,0.12,0.18,0.06,0.18,0.02,0.10,0.12,0.02,0.12,Matches
359,Nenê,br BRA,FW,AVS Futebol,41-281,1983,16,7,734,8.2,3,1,4,3,0,1,3,0,3.3,2.5,0.4,2.9,2,17,37,0.37,0.12,0.49,0.37,0.49,0.40,0.05,0.45,0.31,0.36,Matches
360,Neto,br BRA,MF,Farense,33-245,1991,22,20,1606,17.8,1,0,1,1,0,0,9,0,0.4,0.4,0.6,0.9,3,71,6,0.06,0.00,0.06,0.06,0.06,0.02,0.03,0.05,0.02,0.05,Matches
361,Martim Neto,pt POR,MF,Rio Ave,22-111,2003,21,13,1160,12.9,1,1,2,1,0,0,6,1,0.3,0.3,1.2,1.4,24,75,23,0.08,0.08,0.16,0.08,0.16,0.02,0.09,0.11,0.02,0.11,Matches
362,Renato Nhaga,gw GNB,MF,Casa Pia,18-039,2007,1,0,1,0.0,0,0,0,0,0,0,0,0,0.0,0.0,0.0,0.0,0,1,0,0.00,0.00,0.00,0.00,0.00,0.00,0.00,0.00,0.00,0.00,Matches
363,Sikou Niakaté,ml MLI,DF,Braga,25-299,1999,22,20,1796,20.0,1,1,2,1,0,0,4,0,1.1,1.1,0.9,2.0,9,96,4,0.05,0.05,0.10,0.05,0.10,0.05,0.04,0.10,0.05,0.10,Matches
364,Yusupha Njie,gm GAM,"FW,MF",Farense,31-122,1994,12,7,604,6.7,0,0,0,0,0,0,1,0,1.4,1.4,0.3,1.7,11,9,23,0.00,0.00,0.00,0.00,0.00,0.21,0.04,0.25,0.21,0.25,Matches
365,Miguel Nóbrega,pt POR,DF,Rio Ave,25-018,2000,1,1,90,1.0,0,0,0,0,0,0,0,0,0.0,0.0,0.0,0.0,1,3,0,0.00,0.00,0.00,0.00,0.00,0.00,0.00,0.00,0.00,0.00,Matches
366,Jonatás Noro,pt POR,DF,Braga,19-300,2005,1,0,13,0.1,0,0,0,0,0,0,0,0,0.0,0.0,0.0,0.0,0,0,0,0.00,0.00,0.00,0.00,0.00,0.07,0.00,0.07,0.07,0.07,Matches
367,João Novais,pt POR,MF,Rio Ave,31-299,1993,27,15,1298,14.4,0,0,0,0,0,0,1,0,1.7,1.7,2.9,4.6,33,64,48,0.00,0.00,0.00,0.00,0.00,0.12,0.20,0.32,0.12,0.32,Matches
368,Andreas Ntoi,gr GRE,DF,Rio Ave,22-092,2003,14,13,1184,13.2,0,0,0,0,0,0,1,0,0.3,0.3,0.6,0.9,3,38,0,0.00,0.00,0.00,0.00,0.00,0.02,0.04,0.07,0.02,0.07,Matches
369,Samuel Obeng,gh GHA,FW,Casa Pia,27-355,1997,11,4,369,4.1,1,0,1,1,0,0,0,0,0.7,0.7,0.1,0.7,3,4,8,0.24,0.00,0.24,0.24,0.24,0.17,0.01,0.18,0.17,0.18,Matches
370,Guillermo Ochoa,mx MEX,GK,AVS Futebol,39-296,1985,20,20,1800,20.0,0,0,0,0,0,0,3,0,0.0,0.0,0.3,0.3,0,0,0,0.00,0.00,0.00,0.00,0.00,0.00,0.01,0.01,0.00,0.01,Matches
371,Lawrence Ofori,gh GHA,MF,Moreirense,26-311,1998,25,20,1780,19.8,1,1,2,1,0,0,1,0,0.1,0.1,0.8,1.0,17,93,13,0.05,0.05,0.10,0.05,0.10,0.01,0.04,0.05,0.01,0.05,Matches
372,Leonardo Oliveira,pt POR,FW,Famalicão,20-086,2005,1,0,31,0.3,0,0,0,0,0,0,0,0,0.0,0.0,0.0,0.0,0,0,0,0.00,0.00,0.00,0.00,0.00,0.00,0.00,0.00,0.00,0.00,Matches
373,Nélson Oliveira,pt POR,FW,Vitória,33-270,1991,29,20,1674,18.6,3,4,7,3,0,0,3,0,3.3,3.3,2.8,6.0,21,36,84,0.16,0.22,0.38,0.16,0.38,0.18,0.15,0.32,0.18,0.32,Matches
374,Paulo Oliveira,pt POR,DF,Braga,33-117,1992,19,19,1530,17.0,1,0,1,1,0,0,5,0,2.0,2.0,0.0,2.1,2,46,1,0.06,0.00,0.06,0.06,0.06,0.12,0.00,0.12,0.12,0.12,Matches
375,Talys Oliveira,br BRA,DF,Farense,26-084,1999,3,3,250,2.8,0,0,0,0,0,0,0,0,0.0,0.0,0.2,0.3,4,13,12,0.00,0.00,0.00,0.00,0.00,0.01,0.08,0.10,0.01,0.10,Matches
Rk,Player,Nation,Pos,Squad,Age,Born,MP,Starts,Min,90s,Gls,Ast,G+A,G-PK,PK,PKatt,CrdY,CrdR,xG,npxG,xAG,npxG+xAG,PrgC,PrgP,PrgR,Gls,Ast,G+A,G-PK,G+A-PK,xG,xAG,xG+xAG,npxG,npxG+xAG,Matches
376,Samu Omorodion,es ESP,FW,Porto,21-000,2004,28,21,2089,23.2,18,3,21,15,3,3,3,1,12.6,10.2,2.0,12.2,20,24,120,0.78,0.13,0.90,0.65,0.78,0.54,0.09,0.63,0.44,0.53,Matches
377,Bruno Onyemaechi,ng NGA,"DF,MF",Boavista,26-032,1999,18,17,1566,17.4,3,1,4,3,0,0,5,0,1.6,1.6,1.2,2.8,23,34,68,0.17,0.06,0.23,0.17,0.23,0.09,0.07,0.16,0.09,0.16,Matches
378,Jandro Orellana,es ESP,MF,Estoril,24-271,2000,23,11,1018,11.3,1,1,2,1,0,0,3,0,1.2,1.2,0.4,1.5,9,39,14,0.09,0.09,0.18,0.09,0.18,0.10,0.03,0.13,0.10,0.13,Matches
379,Korede Osundina,us USA,FW,Casa Pia,21-081,2004,6,2,168,1.9,0,0,0,0,0,0,0,0,0.2,0.2,0.2,0.3,3,3,16,0.00,0.00,0.00,0.00,0.00,0.09,0.10,0.18,0.09,0.18,Matches
380,Nicolás Otamendi,ar ARG,DF,Benfica,37-082,1988,29,28,2526,28.1,6,2,8,6,0,0,2,0,3.0,3.0,1.4,4.4,14,123,8,0.21,0.07,0.29,0.21,0.29,0.11,0.05,0.16,0.11,0.16,Matches
381,Amine El Ouazzani,ma MAR,FW,Braga,23-294,2001,31,15,1564,17.4,7,1,8,7,0,0,1,0,6.5,6.5,1.8,8.3,12,21,67,0.40,0.06,0.46,0.40,0.46,0.37,0.10,0.48,0.37,0.48,Matches
382,Amine Oudrhiri,ma MAR,MF,Estrela,32-182,1992,8,6,534,5.9,0,0,0,0,0,0,1,0,0.1,0.1,0.0,0.1,3,22,4,0.00,0.00,0.00,0.00,0.00,0.02,0.00,0.02,0.02,0.02,Matches
383,Amine Oudrhiri,ma MAR,MF,Rio Ave,32-182,1992,13,8,650,7.2,0,0,0,0,0,0,2,1,0.0,0.0,0.1,0.1,1,19,4,0.00,0.00,0.00,0.00,0.00,0.00,0.01,0.02,0.00,0.02,Matches
384,Pablo,br BRA,"FW,MF",Gil Vicente FC,21-123,2004,18,6,659,7.3,5,0,5,5,0,0,2,0,2.0,2.0,0.5,2.5,9,7,40,0.68,0.00,0.68,0.68,0.68,0.27,0.06,0.34,0.27,0.34,Matches
385,Renato Pantalon,hr CRO,DF,Estrela,27-190,1997,9,4,480,5.3,0,0,0,0,0,0,1,0,0.0,0.0,0.0,0.0,0,7,0,0.00,0.00,0.00,0.00,0.00,0.00,0.01,0.01,0.00,0.01,Matches
386,Renato Pantalon,hr CRO,DF,Rio Ave,27-190,1997,9,7,695,7.7,0,0,0,0,0,0,1,0,0.8,0.8,0.1,0.9,2,27,6,0.00,0.00,0.00,0.00,0.00,0.11,0.01,0.12,0.11,0.12,Matches
387,Jonathan Panzo,eng ENG,DF,Rio Ave,24-192,2000,15,13,1096,12.2,1,0,1,1,0,0,4,1,0.7,0.7,0.4,1.1,6,39,0,0.08,0.00,0.08,0.08,0.08,0.06,0.04,0.09,0.06,0.09,Matches
388,David Pastor,br BRA,"DF,MF",Farense,25-074,2000,29,28,2422,26.9,0,2,2,0,0,0,4,0,0.2,0.2,1.5,1.7,51,70,93,0.00,0.07,0.07,0.00,0.07,0.01,0.05,0.06,0.01,0.06,Matches
389,Afonso Patrão,pt POR,FW,Braga,18-091,2007,6,2,171,1.9,1,1,2,1,0,0,0,0,0.5,0.5,0.5,1.0,1,4,7,0.53,0.53,1.05,0.53,1.05,0.25,0.26,0.51,0.25,0.51,Matches
390,Patrick,br BRA,DF,Rio Ave,27-336,1997,13,11,995,11.1,1,0,1,1,0,0,5,1,1.1,1.1,0.1,1.2,10,34,6,0.09,0.00,0.09,0.09,0.09,0.10,0.01,0.10,0.10,0.10,Matches
391,Vangelis Pavlidis,gr GRE,FW,Benfica,26-165,1998,32,25,2078,23.1,18,6,24,15,3,3,3,0,17.7,15.3,4.6,19.9,34,49,158,0.78,0.26,1.04,0.65,0.91,0.76,0.20,0.96,0.66,0.86,Matches
392,Zé Pedro Figueiredo,pt POR,DF,Porto,27-333,1997,18,14,1317,14.6,0,0,0,0,0,0,2,0,0.9,0.9,0.3,1.2,9,85,7,0.00,0.00,0.00,0.00,0.00,0.06,0.02,0.08,0.06,0.08,Matches
393,João Pedro,br BRA,DF,Rio Ave,22-052,2003,3,0,97,1.1,0,1,1,0,0,0,0,0,0.0,0.0,0.0,0.0,0,3,4,0.00,0.93,0.93,0.00,0.93,0.00,0.04,0.04,0.00,0.04,Matches
394,Daniel Penha,br BRA,MF,Nacional,26-200,1998,28,17,1435,15.9,4,1,5,4,0,0,2,0,2.9,2.9,1.7,4.6,27,63,60,0.25,0.06,0.31,0.25,0.31,0.18,0.11,0.29,0.18,0.29,Matches
395,Pepê,br BRA,"FW,MF",Porto,28-070,1997,29,24,1958,21.8,3,2,5,3,0,0,4,0,4.7,4.7,2.8,7.6,40,87,167,0.14,0.09,0.23,0.14,0.23,0.22,0.13,0.36,0.22,0.36,Matches
396,Pereira,pt POR,"FW,MF",Casa Pia,23-079,2002,23,7,732,8.1,1,1,2,1,0,0,1,0,0.7,0.7,2.1,2.8,35,13,71,0.12,0.12,0.25,0.12,0.25,0.09,0.25,0.34,0.09,0.34,Matches
397,Diogo Pereira,pt POR,MF,Gil Vicente FC,22-001,2003,1,0,15,0.2,0,0,0,0,0,0,0,0,0.0,0.0,0.0,0.0,0,0,0,0.00,0.00,0.00,0.00,0.00,0.00,0.00,0.00,0.00,0.00,Matches
398,Francisco Pereira,pt POR,MF,Estoril,23-088,2002,1,0,12,0.1,0,0,0,0,0,0,0,0,0.0,0.0,0.0,0.0,0,1,0,0.00,0.00,0.00,0.00,0.00,0.00,0.00,0.00,0.00,0.00,Matches
399,Matheus Pereira,br BRA,"MF,DF",Santa Clara,24-135,2000,27,17,1633,18.1,0,4,4,0,0,0,11,1,1.3,1.3,3.3,4.6,29,34,64,0.00,0.22,0.22,0.00,0.22,0.07,0.18,0.25,0.07,0.25,Matches
400,Sebastián Pérez Cardona,co COL,"MF,DF",Boavista,32-037,1993,26,21,1761,19.6,0,0,0,0,0,0,8,2,0.6,0.6,0.8,1.3,7,89,15,0.00,0.00,0.00,0.00,0.00,0.03,0.04,0.07,0.03,0.07,Matches
Rk,Player,Nation,Pos,Squad,Age,Born,MP,Starts,Min,90s,Gls,Ast,G+A,G-PK,PK,PKatt,CrdY,CrdR,xG,npxG,xAG,npxG+xAG,PrgC,PrgP,PrgR,Gls,Ast,G+A,G-PK,G+A-PK,xG,xAG,xG+xAG,npxG,npxG+xAG,Matches
401,Nehuén Pérez,ar ARG,DF,Porto,24-315,2000,24,23,1988,22.1,1,1,2,1,0,0,8,0,1.2,1.2,0.4,1.6,16,122,7,0.05,0.05,0.09,0.05,0.09,0.06,0.02,0.07,0.06,0.07,Matches
402,Tomás Pérez,ar ARG,"DF,MF",Porto,19-252,2005,4,1,111,1.2,0,0,0,0,0,0,1,0,0.0,0.0,0.0,0.0,0,6,0,0.00,0.00,0.00,0.00,0.00,0.00,0.02,0.02,0.00,0.02,Matches
403,Francisco Petrasso,ar ARG,DF,Rio Ave,23-066,2002,5,4,337,3.7,0,0,0,0,0,0,2,0,0.6,0.6,0.0,0.6,0,2,0,0.00,0.00,0.00,0.00,0.00,0.16,0.00,0.17,0.16,0.17,Matches
404,Petterson,br BRA,"MF,FW",Estrela,21-121,2004,3,0,69,0.8,0,0,0,0,0,0,0,0,0.1,0.1,0.0,0.1,1,4,9,0.00,0.00,0.00,0.00,0.00,0.18,0.00,0.18,0.18,0.18,Matches
405,Lucas Piazon,br BRA,"MF,FW",AVS Futebol,31-105,1994,27,24,2167,24.1,0,2,2,0,0,0,3,0,2.7,2.7,2.0,4.6,25,97,95,0.00,0.08,0.08,0.00,0.08,0.11,0.08,0.19,0.11,0.19,Matches
406,Wagner Pina,cv CPV,"DF,MF",Estoril,22-183,2002,29,27,2311,25.7,2,4,6,2,0,0,5,1,2.0,2.0,2.7,4.7,42,53,139,0.08,0.16,0.23,0.08,0.23,0.08,0.10,0.18,0.08,0.18,Matches
407,Rodrigo Pinheiro,pt POR,DF,Famalicão,22-250,2002,27,19,1819,20.2,0,2,2,0,0,0,5,0,0.5,0.5,1.9,2.4,39,89,100,0.00,0.10,0.10,0.00,0.10,0.03,0.09,0.12,0.03,0.12,Matches
408,Rodrigo Pinho,br BRA,FW,Estrela,33-340,1991,30,18,1580,17.6,5,0,5,4,1,2,5,0,5.9,4.4,0.6,5.0,12,31,46,0.28,0.00,0.28,0.23,0.23,0.34,0.04,0.37,0.25,0.28,Matches
409,Alexandre Pinto,pt POR,DF,Arouca,26-301,1998,12,7,643,7.1,0,0,0,0,0,0,3,0,0.6,0.6,0.3,0.8,7,25,42,0.00,0.00,0.00,0.00,0.00,0.08,0.04,0.12,0.08,0.12,Matches
410,Dinis Pinto,pt POR,DF,Moreirense,24-254,2000,25,22,1991,22.1,2,1,3,2,0,0,7,0,1.6,1.6,1.5,3.1,51,67,90,0.09,0.05,0.14,0.09,0.14,0.07,0.07,0.14,0.07,0.14,Matches
411,Jaime Pinto,pt POR,"MF,FW",Farense,27-219,1997,8,1,231,2.6,0,0,0,0,0,0,1,0,0.6,0.6,0.0,0.6,9,2,8,0.00,0.00,0.00,0.00,0.00,0.23,0.00,0.23,0.23,0.23,Matches
412,João Pinto,pt POR,MF,Gil Vicente FC,22-247,2002,1,0,1,0.0,0,0,0,0,0,0,0,0,0.0,0.0,0.0,0.0,0,0,0,0.00,0.00,0.00,0.00,0.00,0.00,0.00,0.00,0.00,0.00,Matches
413,Ole Pohlmann,de GER,"MF,FW",Rio Ave,24-030,2001,26,19,1510,16.8,1,2,3,1,0,0,0,0,1.4,1.4,1.6,3.0,36,47,69,0.06,0.12,0.18,0.06,0.18,0.08,0.10,0.18,0.08,0.18,Matches
414,Carlos Ponck,cv CPV,DF,Moreirense,30-112,1995,9,5,485,5.4,0,0,0,0,0,0,0,0,0.1,0.1,0.1,0.1,0,13,0,0.00,0.00,0.00,0.00,0.00,0.01,0.01,0.02,0.01,0.02,Matches
415,Boris Popović,rs SRB,DF,Arouca,25-068,2000,15,9,808,9.0,0,0,0,0,0,0,0,1,0.1,0.1,0.0,0.1,2,21,1,0.00,0.00,0.00,0.00,0.00,0.01,0.00,0.01,0.01,0.01,Matches
416,Darío Poveda,es ESP,"FW,MF",Farense,28-053,1997,20,10,922,10.2,3,1,4,3,0,0,1,0,1.8,1.8,0.1,1.9,11,16,48,0.29,0.10,0.39,0.29,0.39,0.18,0.01,0.18,0.18,0.18,Matches
417,Gianluca Prestianni,ar ARG,"MF,FW",Benfica,19-094,2006,8,4,287,3.2,0,0,0,0,0,0,1,0,0.7,0.7,0.1,0.8,7,22,38,0.00,0.00,0.00,0.00,0.00,0.22,0.04,0.26,0.22,0.26,Matches
418,Diogo Prioste,pt POR,MF,Benfica,21-040,2004,1,0,8,0.1,0,0,0,0,0,0,0,0,0.0,0.0,0.0,0.0,1,3,0,0.00,0.00,0.00,0.00,0.00,0.00,0.00,0.00,0.00,0.00,Matches
419,Miguel Puche García,es ESP,"FW,MF",Arouca,24-005,2001,20,2,367,4.1,0,0,0,0,0,0,0,0,0.7,0.7,1.1,1.8,16,15,34,0.00,0.00,0.00,0.00,0.00,0.17,0.27,0.44,0.17,0.44,Matches
420,Quaresma,br BRA,DF,Arouca,28-256,1996,3,0,78,0.9,0,0,0,0,0,0,1,0,0.0,0.0,0.0,0.0,5,4,5,0.00,0.00,0.00,0.00,0.00,0.01,0.00,0.01,0.01,0.01,Matches
421,Eduardo Quaresma,pt POR,DF,Sporting CP,23-064,2002,18,16,1220,13.6,1,0,1,1,0,0,2,0,0.1,0.1,0.1,0.2,29,101,17,0.07,0.00,0.07,0.07,0.07,0.01,0.01,0.01,0.01,0.01,Matches
422,Geovany Quenda,pt POR,"MF,DF",Sporting CP,18-005,2007,32,26,2219,24.7,2,4,6,2,0,0,2,0,3.4,3.4,4.8,8.2,97,121,221,0.08,0.16,0.24,0.08,0.24,0.14,0.19,0.33,0.14,0.33,Matches
423,Uroš Račić,rs SRB,MF,Braga,27-049,1998,12,6,581,6.5,3,1,4,3,0,0,4,0,0.9,0.9,0.2,1.1,5,40,12,0.46,0.15,0.62,0.46,0.62,0.14,0.03,0.17,0.14,0.17,Matches
424,Rafinha,pt POR,MF,Farense,19-107,2006,1,0,1,0.0,0,0,0,0,0,0,0,0,0.0,0.0,0.0,0.0,0,0,0,0.00,0.00,0.00,0.00,0.00,0.00,0.00,0.00,0.00,0.00,Matches
425,Jesús Ramírez,ve VEN,FW,Vitória,27-001,1998,23,5,654,7.3,3,2,5,3,0,0,2,0,4.2,4.2,0.4,4.6,5,9,42,0.41,0.28,0.69,0.41,0.69,0.58,0.05,0.64,0.58,0.64,Matches
Rk,Player,Nation,Pos,Squad,Age,Born,MP,Starts,Min,90s,Gls,Ast,G+A,G-PK,PK,PKatt,CrdY,CrdR,xG,npxG,xAG,npxG+xAG,PrgC,PrgP,PrgR,Gls,Ast,G+A,G-PK,G+A-PK,xG,xAG,xG+xAG,npxG,npxG+xAG,Matches
426,Cláudio Ramos,pt POR,GK,Porto,33-170,1991,2,2,180,2.0,0,0,0,0,0,0,1,0,0.0,0.0,0.0,0.0,0,0,0,0.00,0.00,0.00,0.00,0.00,0.00,0.00,0.00,0.00,0.00,Matches
427,Guilherme Ramos,pt POR,DF,Santa Clara,27-267,1997,5,3,241,2.7,0,0,0,0,0,0,2,0,0.0,0.0,0.0,0.1,3,12,0,0.00,0.00,0.00,0.00,0.00,0.02,0.01,0.02,0.02,0.02,Matches
428,Leonardo Realpe,ec ECU,DF,Famalicão,24-068,2001,3,3,270,3.0,0,0,0,0,0,0,1,0,0.2,0.2,0.0,0.2,1,10,0,0.00,0.00,0.00,0.00,0.00,0.07,0.01,0.08,0.07,0.08,Matches
429,João Rêgo,pt POR,FW,Benfica,19-319,2005,3,0,21,0.2,0,0,0,0,0,0,0,0,0.0,0.0,0.0,0.0,2,1,3,0.00,0.00,0.00,0.00,0.00,0.00,0.00,0.00,0.00,0.00,Matches
430,Francisco Reis Ferreira,pt POR,DF,Estrela,28-040,1997,17,16,1372,15.2,0,0,0,0,0,0,6,0,0.4,0.4,0.4,0.7,6,50,4,0.00,0.00,0.00,0.00,0.00,0.02,0.02,0.05,0.02,0.05,Matches
431,Matheus Reis,br BRA,DF,Sporting CP,30-076,1995,28,14,1306,14.5,0,2,2,0,0,0,5,1,0.6,0.6,1.1,1.7,34,103,54,0.00,0.14,0.14,0.00,0.14,0.04,0.07,0.12,0.04,0.12,Matches
432,Tiago Reis,br BRA,FW,Nacional,25-264,1999,7,3,231,2.6,0,0,0,0,0,0,1,0,1.6,1.6,0.1,1.8,0,2,8,0.00,0.00,0.00,0.00,0.00,0.64,0.06,0.70,0.64,0.70,Matches
433,Miguel Reisinho,pt POR,"MF,FW",Boavista,26-026,1999,27,21,1992,22.1,4,0,4,0,4,4,10,1,4.8,1.7,0.7,2.4,8,72,65,0.18,0.00,0.18,0.00,0.00,0.22,0.03,0.25,0.07,0.11,Matches
434,Filipe Relvas,pt POR,DF,Vitória,25-227,1999,10,8,753,8.4,0,0,0,0,0,0,1,0,0.6,0.6,0.0,0.6,1,30,0,0.00,0.00,0.00,0.00,0.00,0.07,0.00,0.07,0.07,0.07,Matches
435,Marco Ribeiro,pt POR,"MF,DF",Boavista,19-325,2005,11,3,344,3.8,0,0,0,0,0,0,0,0,0.3,0.3,0.4,0.7,3,18,11,0.00,0.00,0.00,0.00,0.00,0.07,0.11,0.18,0.07,0.18,Matches
436,Rodrigo Ribeiro,pt POR,FW,Sporting CP,20-007,2005,1,0,2,0.0,0,0,0,0,0,0,0,0,0.4,0.4,0.0,0.4,0,0,1,0.00,0.00,0.00,0.00,0.00,16.35,0.00,16.35,16.35,16.35,Matches
437,Rodrigo Ribeiro,pt POR,FW,AVS Futebol,20-007,2005,19,11,981,10.9,1,0,1,1,0,0,0,0,3.4,3.4,0.6,4.0,19,14,44,0.09,0.00,0.09,0.09,0.09,0.31,0.05,0.37,0.31,0.37,Matches
438,Tomás Ribeiro,pt POR,DF,Vitória,26-005,1999,4,3,315,3.5,1,0,1,1,0,0,0,0,0.3,0.3,0.0,0.3,0,7,1,0.29,0.00,0.29,0.29,0.29,0.07,0.00,0.07,0.07,0.07,Matches
439,Tomás Ribeiro,pt POR,DF,Farense,26-005,1999,9,8,645,7.2,1,0,1,1,0,0,2,0,0.5,0.5,0.0,0.5,1,12,3,0.14,0.00,0.14,0.14,0.14,0.07,0.01,0.08,0.07,0.08,Matches
440,Yuri Ribeiro,pt POR,"DF,MF",Braga,28-101,1997,9,6,460,5.1,0,0,0,0,0,0,2,0,0.2,0.2,0.2,0.3,9,38,33,0.00,0.00,0.00,0.00,0.00,0.03,0.04,0.07,0.03,0.07,Matches
441,Ricardinho,pt POR,"FW,MF",Santa Clara,26-272,1998,27,9,1184,13.2,7,0,7,7,0,0,4,0,4.1,4.1,1.3,5.4,40,41,53,0.53,0.00,0.53,0.53,0.53,0.31,0.10,0.41,0.31,0.41,Matches
442,Riccieli,br BRA,DF,Famalicão,26-230,1998,8,6,586,6.5,0,0,0,0,0,0,1,0,0.1,0.1,0.1,0.2,3,19,1,0.00,0.00,0.00,0.00,0.00,0.02,0.01,0.03,0.02,0.03,Matches
443,Omar Richards,eng ENG,DF,Rio Ave,27-079,1998,25,23,1899,21.1,0,1,1,0,0,0,4,0,0.1,0.1,0.8,0.9,30,81,70,0.00,0.05,0.05,0.00,0.05,0.00,0.04,0.04,0.00,0.04,Matches
444,Rivaldo,,"DF,MF",Farense,24-229,2000,7,4,451,5.0,0,1,1,0,0,0,0,0,0.1,0.1,1.0,1.1,12,19,27,0.00,0.20,0.20,0.00,0.20,0.01,0.21,0.22,0.01,0.22,Matches
445,Óscar Rivas,es ESP,DF,Vitória,25-039,2000,10,9,797,8.9,1,0,1,1,0,0,4,0,1.0,1.0,0.0,1.0,3,27,2,0.11,0.00,0.11,0.11,0.11,0.12,0.00,0.12,0.12,0.12,Matches
446,Pablo Roberto,br BRA,"MF,FW",Casa Pia,25-172,1999,21,11,1031,11.5,0,0,0,0,0,0,4,0,0.8,0.8,0.4,1.2,20,59,34,0.00,0.00,0.00,0.00,0.00,0.07,0.04,0.10,0.07,0.10,Matches
447,Joel Robles,es ESP,GK,Estoril,34-322,1990,28,28,2520,28.0,0,0,0,0,0,0,3,0,0.0,0.0,0.0,0.0,0,2,0,0.00,0.00,0.00,0.00,0.00,0.00,0.00,0.00,0.00,0.00,Matches
448,Matí­as Rocha,uy URU,DF,Arouca,24-081,2001,4,3,287,3.2,0,0,0,0,0,0,2,1,0.1,0.1,0.0,0.1,0,11,0,0.00,0.00,0.00,0.00,0.00,0.03,0.00,0.03,0.03,0.03,Matches
449,Rochinha,pt POR,FW,Famalicão,30-002,1995,22,12,902,10.0,0,0,0,0,0,0,4,0,0.6,0.6,0.7,1.3,16,35,48,0.00,0.00,0.00,0.00,0.00,0.06,0.07,0.13,0.06,0.13,Matches
450,Afonso Rodrigues,pt POR,"MF,FW",Famalicão,22-259,2002,3,0,9,0.1,0,0,0,0,0,0,0,0,0.1,0.1,0.0,0.1,0,0,2,0.00,0.00,0.00,0.00,0.00,0.68,0.00,0.68,0.68,0.68,Matches
Rk,Player,Nation,Pos,Squad,Age,Born,MP,Starts,Min,90s,Gls,Ast,G+A,G-PK,PK,PKatt,CrdY,CrdR,xG,npxG,xAG,npxG+xAG,PrgC,PrgP,PrgR,Gls,Ast,G+A,G-PK,G+A-PK,xG,xAG,xG+xAG,npxG,npxG+xAG,Matches
451,Diego Rodrigues,pt POR,MF,Braga,19-346,2005,8,0,162,1.8,0,1,1,0,0,0,0,0,0.2,0.2,0.8,1.0,6,16,6,0.00,0.56,0.56,0.00,0.56,0.13,0.45,0.58,0.13,0.58,Matches
452,Gerson Rodrigues,lu LUX,FW,AVS Futebol,29-319,1995,5,2,190,2.1,1,0,1,1,0,0,0,0,1.1,1.1,0.1,1.2,6,5,15,0.47,0.00,0.47,0.47,0.47,0.51,0.04,0.55,0.51,0.55,Matches
453,Ivo Rodrigues,pt POR,"MF,FW",Arouca,30-036,1995,11,8,641,7.1,0,1,1,0,0,0,4,0,0.7,0.7,0.9,1.6,14,48,48,0.00,0.14,0.14,0.00,0.14,0.09,0.13,0.22,0.09,0.22,Matches
454,Ivo Rodrigues,pt POR,"MF,FW",Moreirense,30-036,1995,11,6,574,6.4,1,0,1,1,0,0,2,0,0.4,0.4,0.2,0.6,10,27,12,0.16,0.00,0.16,0.16,0.16,0.07,0.03,0.09,0.07,0.09,Matches
455,Luís Carlos Rocha Rodrigues,pt POR,DF,Santa Clara,38-265,1986,28,28,2488,27.6,0,0,0,0,0,0,9,0,0.4,0.4,0.4,0.8,5,38,3,0.00,0.00,0.00,0.00,0.00,0.02,0.01,0.03,0.02,0.03,Matches
456,Rafael Rodrigues,pt POR,"DF,MF",AVS Futebol,23-067,2002,19,10,958,10.6,1,0,1,1,0,0,5,0,0.5,0.5,0.3,0.8,10,26,24,0.09,0.00,0.09,0.09,0.09,0.05,0.03,0.08,0.05,0.08,Matches
457,Ignacio Rodríguez,uy URU,DF,AVS Futebol,21-176,2003,16,12,1188,13.2,0,0,0,0,0,0,5,1,0.2,0.2,0.3,0.5,2,29,0,0.00,0.00,0.00,0.00,0.00,0.02,0.02,0.04,0.02,0.04,Matches
458,Benjamín Rollheiser,ar ARG,"MF,FW",Benfica,25-042,2000,9,1,139,1.5,1,1,2,1,0,0,1,0,0.6,0.6,0.1,0.7,6,11,16,0.65,0.65,1.29,0.65,1.29,0.41,0.05,0.45,0.41,0.45,Matches
459,Baptiste Roux,fr FRA,"DF,MF",AVS Futebol,25-160,1999,20,19,1638,18.2,1,1,2,1,0,0,4,0,0.2,0.2,0.3,0.5,4,40,3,0.05,0.05,0.11,0.05,0.11,0.01,0.02,0.03,0.01,0.03,Matches
460,Alan Ruiz,ar ARG,"MF,FW",Estrela,31-259,1993,25,16,1373,15.3,1,2,3,0,1,1,11,0,1.3,0.5,1.7,2.2,14,75,55,0.07,0.13,0.20,0.00,0.13,0.09,0.11,0.20,0.04,0.15,Matches
461,Gustavo sá,pt POR,MF,Famalicão,20-175,2004,31,30,2340,26.0,3,6,9,3,0,0,7,0,2.9,2.9,3.0,6.0,38,109,140,0.12,0.23,0.35,0.12,0.35,0.11,0.12,0.23,0.11,0.23,Matches
462,Josué Sá,pt POR,DF,Gil Vicente FC,32-322,1992,18,15,1290,14.3,1,0,1,1,0,0,2,0,0.6,0.6,0.1,0.6,11,47,3,0.07,0.00,0.07,0.07,0.07,0.04,0.00,0.04,0.04,0.04,Matches
463,Safira,br BRA,FW,Santa Clara,30-049,1995,16,12,987,11.0,2,2,4,1,1,2,7,0,4.1,2.5,2.6,5.1,6,13,34,0.18,0.18,0.36,0.09,0.27,0.37,0.23,0.61,0.23,0.46,Matches
464,Sala,es ESP,"FW,MF",Estoril,21-360,2003,11,0,156,1.7,0,0,0,0,0,0,0,0,0.2,0.2,0.3,0.5,2,6,17,0.00,0.00,0.00,0.00,0.00,0.11,0.19,0.30,0.11,0.30,Matches
465,Samu,pt POR,MF,Vitória,29-014,1996,31,20,1743,19.4,2,1,3,2,0,0,3,0,3.0,3.0,4.0,7.0,24,101,107,0.10,0.05,0.15,0.10,0.15,0.16,0.21,0.36,0.16,0.36,Matches
466,Renato Sanches,pt POR,MF,Benfica,27-260,1997,10,1,201,2.2,0,0,0,0,0,0,1,0,0.0,0.0,0.1,0.1,7,27,9,0.00,0.00,0.00,0.00,0.00,0.00,0.03,0.03,0.00,0.03,Matches
467,Caio Santana,br BRA,"FW,MF",Estrela,21-044,2004,8,1,178,2.0,0,0,0,0,0,0,1,0,0.0,0.0,0.1,0.1,3,1,9,0.00,0.00,0.00,0.00,0.00,0.02,0.03,0.05,0.02,0.05,Matches
468,Aderlan Santos,br BRA,DF,AVS Futebol,36-026,1989,8,8,584,6.5,0,0,0,0,0,0,1,0,0.0,0.0,0.0,0.0,0,4,1,0.00,0.00,0.00,0.00,0.00,0.00,0.00,0.00,0.00,0.00,Matches
469,Aderlan Santos,br BRA,DF,Rio Ave,36-026,1989,18,18,1580,17.6,0,0,0,0,0,0,3,0,1.1,1.1,0.0,1.1,3,23,1,0.00,0.00,0.00,0.00,0.00,0.06,0.00,0.06,0.06,0.06,Matches
470,Bruno Santos,pt POR,FW,Farense,22-019,2003,3,0,57,0.6,0,0,0,0,0,0,0,0,0.0,0.0,0.0,0.0,0,0,2,0.00,0.00,0.00,0.00,0.00,0.00,0.04,0.04,0.00,0.04,Matches
471,Gabriel Santos,br BRA,"FW,MF",Nacional,26-050,1999,3,0,89,1.0,0,0,0,0,0,0,0,0,0.3,0.3,0.1,0.4,3,1,4,0.00,0.00,0.00,0.00,0.00,0.27,0.10,0.37,0.27,0.37,Matches
472,Hevertton Santos,br BRA,DF,Vitória,24-093,2001,5,2,252,2.8,0,0,0,0,0,0,0,0,0.0,0.0,0.0,0.0,3,12,15,0.00,0.00,0.00,0.00,0.00,0.00,0.00,0.00,0.00,0.00,Matches
473,Leandro Santos,pt POR,"DF,MF",Benfica,19-219,2005,3,3,265,2.9,0,0,0,0,0,0,0,0,0.0,0.0,0.6,0.6,4,18,30,0.00,0.00,0.00,0.00,0.00,0.02,0.20,0.22,0.02,0.22,Matches
474,Léo Santos,br BRA,DF,Nacional,26-147,1998,13,6,593,6.6,0,0,0,0,0,0,2,0,0.3,0.3,0.0,0.3,1,3,2,0.00,0.00,0.00,0.00,0.00,0.05,0.00,0.05,0.05,0.05,Matches
475,Nuno Santos,pt POR,"MF,DF",Sporting CP,30-081,1995,7,4,354,3.9,0,0,0,0,0,0,0,0,0.2,0.2,0.6,0.8,13,23,58,0.00,0.00,0.00,0.00,0.00,0.05,0.15,0.20,0.05,0.20,Matches
Rk,Player,Nation,Pos,Squad,Age,Born,MP,Starts,Min,90s,Gls,Ast,G+A,G-PK,PK,PKatt,CrdY,CrdR,xG,npxG,xAG,npxG+xAG,PrgC,PrgP,PrgR,Gls,Ast,G+A,G-PK,G+A-PK,xG,xAG,xG+xAG,npxG,npxG+xAG,Matches
476,Nuno Santos,pt POR,"FW,MF",Vitória,26-064,1999,31,20,1772,19.7,3,4,7,3,0,0,4,0,4.4,4.4,2.5,6.9,31,104,155,0.15,0.20,0.36,0.15,0.36,0.22,0.13,0.35,0.22,0.35,Matches
477,Pedro Santos,pt POR,MF,Arouca,24-205,2000,29,12,1354,15.0,0,0,0,0,0,0,5,0,0.6,0.5,0.1,0.6,20,96,36,0.00,0.00,0.00,0.00,0.00,0.04,0.00,0.04,0.04,0.04,Matches
478,Pedro Santos,pt POR,"FW,MF",Moreirense,22-084,2003,21,5,560,6.2,0,0,0,0,0,0,4,0,0.1,0.1,0.4,0.5,4,9,35,0.00,0.00,0.00,0.00,0.00,0.02,0.07,0.09,0.02,0.09,Matches
479,Zaidu Sanusi,ng NGA,DF,Porto,27-326,1997,3,0,56,0.6,0,0,0,0,0,0,0,0,0.1,0.1,0.0,0.1,2,3,7,0.00,0.00,0.00,0.00,0.00,0.10,0.00,0.10,0.10,0.10,Matches
480,Guilherme Schettine,br BRA,FW,Moreirense,29-207,1995,28,17,1547,17.2,5,3,8,5,0,0,4,1,4.4,4.4,1.5,5.9,21,18,50,0.29,0.17,0.47,0.29,0.47,0.25,0.09,0.34,0.25,0.34,Matches
481,Andreas Schjelderup,no NOR,"FW,MF",Benfica,20-338,2004,18,2,421,4.7,1,3,4,1,0,0,0,0,2.3,2.3,2.8,5.1,22,16,53,0.21,0.64,0.86,0.21,0.86,0.50,0.60,1.10,0.50,1.10,Matches
482,Caio Secco,br BRA,GK,Moreirense,34-134,1990,3,3,270,3.0,0,0,0,0,0,0,0,0,0.0,0.0,0.0,0.0,0,0,0,0.00,0.00,0.00,0.00,0.00,0.00,0.00,0.00,0.00,0.00,Matches
483,Telasco Segovia,ve VEN,MF,Casa Pia,22-033,2003,15,10,905,10.1,2,0,2,2,0,0,3,0,2.2,2.2,0.4,2.6,9,54,20,0.20,0.00,0.20,0.20,0.20,0.22,0.03,0.26,0.22,0.26,Matches
484,Václav Sejk,cz CZE,FW,Famalicão,22-352,2002,15,9,814,9.0,3,1,4,3,0,0,0,0,3.0,3.0,0.9,3.9,7,12,41,0.33,0.11,0.44,0.33,0.44,0.33,0.10,0.43,0.33,0.43,Matches
485,Patrick Sequeira,cr CRC,GK,Casa Pia,26-065,1999,31,31,2790,31.0,0,0,0,0,0,0,4,0,0.0,0.0,0.2,0.2,0,0,0,0.00,0.00,0.00,0.00,0.00,0.00,0.01,0.01,0.00,0.01,Matches
486,Serginho,pt POR,MF,Santa Clara,25-155,1999,27,13,1165,12.9,1,1,2,1,0,0,4,0,1.4,1.4,1.3,2.7,13,39,14,0.08,0.08,0.15,0.08,0.15,0.11,0.10,0.21,0.11,0.21,Matches
487,Guilherme Serrão,pt POR,"MF,DF",Estrela,21-233,2003,9,7,582,6.5,0,0,0,0,0,0,4,1,0.0,0.0,0.4,0.4,8,13,25,0.00,0.00,0.00,0.00,0.00,0.00,0.05,0.06,0.00,0.06,Matches
488,André Seruca,pt POR,"MF,DF",Farense,24-188,2000,3,0,22,0.2,0,0,0,0,0,0,1,0,0.0,0.0,0.0,0.0,0,0,0,0.00,0.00,0.00,0.00,0.00,0.00,0.00,0.00,0.00,0.00,Matches
489,Naziru Shuabiu,ng NGA,FW,Rio Ave,21-084,2004,1,0,1,0.0,0,0,0,0,0,0,0,0,0.0,0.0,0.0,0.0,1,1,0,0.00,0.00,0.00,0.00,0.00,0.00,0.00,0.00,0.00,0.00,Matches
490,Sidney,br BRA,DF,Santa Clara,28-108,1997,30,25,2303,25.6,3,1,4,3,0,0,10,1,1.5,1.5,1.4,2.9,22,97,14,0.12,0.04,0.16,0.12,0.16,0.06,0.06,0.11,0.06,0.11,Matches
491,Alysson Silva,br BRA,DF,Santa Clara,22-221,2002,2,2,163,1.8,0,0,0,0,0,0,0,0,0.0,0.0,0.0,0.0,0,2,0,0.00,0.00,0.00,0.00,0.00,0.00,0.00,0.00,0.00,0.00,Matches
492,António Silva,pt POR,DF,Benfica,21-187,2003,21,20,1857,20.6,1,2,3,1,0,0,2,0,2.2,2.2,1.0,3.2,22,86,1,0.05,0.10,0.15,0.05,0.15,0.11,0.05,0.16,0.11,0.16,Matches
493,Gustavo da Silva,br BRA,FW,Vitória,25-338,1999,19,7,758,8.4,6,0,6,6,0,0,4,0,4.6,4.6,1.0,5.6,22,13,61,0.71,0.00,0.71,0.71,0.71,0.55,0.11,0.66,0.55,0.66,Matches
494,Joel silva,pt POR,"MF,DF",Boavista,22-083,2003,27,24,2127,23.6,2,1,3,2,0,0,3,0,1.8,1.8,1.6,3.3,29,63,72,0.08,0.04,0.13,0.08,0.13,0.08,0.07,0.14,0.08,0.14,Matches
495,José Silva,pt POR,DF,Sporting CP,19-258,2005,1,0,12,0.1,0,0,0,0,0,0,0,0,0.0,0.0,0.0,0.0,0,0,0,0.00,0.00,0.00,0.00,0.00,0.00,0.00,0.00,0.00,0.00,Matches
496,Luís Manuel Costa Silva,pt POR,MF,AVS Futebol,32-218,1992,8,6,464,5.2,0,0,0,0,0,0,3,0,0.6,0.6,0.1,0.7,2,13,5,0.00,0.00,0.00,0.00,0.00,0.12,0.01,0.13,0.12,0.13,Matches
497,Raul Silva,br BRA,DF,Farense,35-182,1989,9,5,466,5.2,1,0,1,1,0,0,4,0,0.7,0.7,0.6,1.3,6,10,4,0.19,0.00,0.19,0.19,0.19,0.14,0.12,0.26,0.14,0.26,Matches
498,Rui Silva,pt POR,GK,Sporting CP,31-087,1994,15,15,1350,15.0,0,0,0,0,0,0,1,0,0.0,0.0,0.2,0.2,0,0,0,0.00,0.00,0.00,0.00,0.00,0.00,0.02,0.02,0.00,0.02,Matches
499,Tiago Silva,pt POR,MF,Vitória,31-337,1993,29,26,2236,24.8,5,4,9,2,3,3,6,1,3.5,1.1,3.8,5.0,18,222,37,0.20,0.16,0.36,0.08,0.24,0.14,0.15,0.29,0.05,0.20,Matches
500,Tomás Silva,pt POR,"DF,MF",Boavista,18-345,2006,5,0,88,1.0,0,0,0,0,0,0,0,0,0.1,0.1,0.0,0.1,2,0,3,0.00,0.00,0.00,0.00,0.00,0.06,0.00,0.06,0.06,0.06,Matches
Rk,Player,Nation,Pos,Squad,Age,Born,MP,Starts,Min,90s,Gls,Ast,G+A,G-PK,PK,PKatt,CrdY,CrdR,xG,npxG,xAG,npxG+xAG,PrgC,PrgP,PrgR,Gls,Ast,G+A,G-PK,G+A-PK,xG,xAG,xG+xAG,npxG,npxG+xAG,Matches
501,David Simão,pt POR,MF,Arouca,34-355,1990,24,23,1772,19.7,1,0,1,1,0,0,8,0,0.3,0.3,2.3,2.6,10,145,34,0.05,0.00,0.05,0.05,0.05,0.02,0.12,0.13,0.02,0.13,Matches
502,João Simões,pt POR,MF,Sporting CP,18-119,2007,9,4,397,4.4,1,0,1,1,0,0,0,0,0.4,0.4,0.3,0.7,11,27,15,0.23,0.00,0.23,0.23,0.23,0.08,0.08,0.16,0.08,0.16,Matches
503,Sphephelo Sithole,za RSA,"FW,MF",Gil Vicente FC,26-063,1999,2,0,53,0.6,0,0,0,0,0,0,0,0,0.0,0.0,0.0,0.0,1,4,0,0.00,0.00,0.00,0.00,0.00,0.00,0.00,0.00,0.00,0.00,Matches
504,Filipe Soares,pt POR,MF,Farense,25-350,1999,20,6,582,6.5,1,1,2,1,0,0,5,0,1.3,1.3,0.4,1.7,12,42,13,0.15,0.15,0.31,0.15,0.31,0.20,0.06,0.26,0.20,0.26,Matches
505,Lucas Soares,br BRA,"MF,DF",Santa Clara,27-001,1998,28,16,1480,16.4,0,1,1,0,0,0,7,1,0.7,0.7,0.6,1.3,22,27,77,0.00,0.06,0.06,0.00,0.06,0.04,0.04,0.08,0.04,0.08,Matches
506,Rafa Soares,pt POR,DF,Famalicão,29-361,1995,24,23,1973,21.9,0,2,2,0,0,0,5,0,0.2,0.2,3.3,3.5,30,92,106,0.00,0.09,0.09,0.00,0.09,0.01,0.15,0.16,0.01,0.16,Matches
507,Samuel Soares,pt POR,GK,Benfica,22-324,2002,2,2,180,2.0,0,0,0,0,0,0,0,0,0.0,0.0,0.0,0.0,0,0,0,0.00,0.00,0.00,0.00,0.00,0.00,0.00,0.00,0.00,0.00,Matches
508,Alexandre Sola,ad AND,MF,Estrela,21-142,2003,1,0,21,0.2,0,0,0,0,0,0,0,0,0.0,0.0,0.0,0.0,0,0,0,0.00,0.00,0.00,0.00,0.00,0.00,0.00,0.00,0.00,0.00,Matches
509,Djibril Soumaré,sn SEN,MF,Nacional,22-118,2003,21,19,1747,19.4,1,1,2,1,0,0,8,1,1.0,1.0,0.3,1.3,21,87,11,0.05,0.05,0.10,0.05,0.10,0.05,0.01,0.07,0.05,0.07,Matches
510,André Sousa,pt POR,MF,Nacional,34-300,1990,10,0,108,1.2,0,0,0,0,0,0,3,0,0.0,0.0,0.3,0.3,2,5,2,0.00,0.00,0.00,0.00,0.00,0.02,0.25,0.27,0.02,0.27,Matches
511,Dyego Sousa,pt POR,FW,Nacional,35-233,1989,6,0,127,1.4,0,0,0,0,0,0,0,0,0.1,0.1,0.0,0.1,0,2,4,0.00,0.00,0.00,0.00,0.00,0.04,0.00,0.04,0.04,0.04,Matches
512,Gerson Sousa,pt POR,"FW,MF",Estrela,22-360,2002,6,0,62,0.7,0,0,0,0,0,0,1,0,0.1,0.1,0.0,0.1,0,1,6,0.00,0.00,0.00,0.00,0.00,0.12,0.00,0.12,0.12,0.12,Matches
513,Miguel Sousa,pt POR,"MF,FW",Casa Pia,26-228,1998,24,12,1049,11.7,0,0,0,0,0,0,3,0,1.4,1.4,0.7,2.2,19,72,46,0.00,0.00,0.00,0.00,0.00,0.12,0.06,0.18,0.12,0.18,Matches
514,Valentim Sousa,pt POR,FW,Rio Ave,20-080,2005,5,0,85,0.9,0,0,0,0,0,0,0,0,0.1,0.1,0.0,0.1,2,1,7,0.00,0.00,0.00,0.00,0.00,0.12,0.00,0.12,0.12,0.12,Matches
515,Vasco Sousa,pt POR,MF,Porto,22-032,2003,11,5,390,4.3,0,0,0,0,0,0,1,0,0.8,0.8,0.3,1.0,4,28,12,0.00,0.00,0.00,0.00,0.00,0.16,0.06,0.22,0.16,0.22,Matches
516,Fabiano Souza,br BRA,DF,Moreirense,25-052,2000,11,8,704,7.8,0,0,0,0,0,0,2,0,0.0,0.0,0.1,0.1,15,23,18,0.00,0.00,0.00,0.00,0.00,0.01,0.01,0.02,0.01,0.02,Matches
517,Gabriel Airton de Souza,br BRA,"FW,MF",Moreirense,29-037,1996,18,8,910,10.1,3,1,4,3,0,0,1,0,1.8,1.8,0.2,1.9,23,14,64,0.30,0.10,0.40,0.30,0.40,0.17,0.02,0.19,0.17,0.19,Matches
518,Jerry St. Juste,nl NED,DF,Sporting CP,28-198,1996,12,5,506,5.6,0,0,0,0,0,0,3,0,0.3,0.3,0.0,0.3,5,33,2,0.00,0.00,0.00,0.00,0.00,0.05,0.00,0.05,0.05,0.05,Matches
519,Max Svensson,es ESP,"FW,MF",Casa Pia,,,24,8,844,9.4,1,3,4,1,0,0,3,0,2.1,2.1,2.0,4.0,20,21,45,0.11,0.32,0.43,0.11,0.43,0.22,0.21,0.43,0.22,0.43,Matches
520,Morlaye Sylla,gn GUI,"FW,MF",Arouca,26-282,1998,31,26,2273,25.3,2,1,3,2,0,0,4,0,5.5,5.5,1.8,7.3,57,122,123,0.08,0.04,0.12,0.08,0.12,0.22,0.07,0.29,0.22,0.29,Matches
521,Sidnei Tavares,pt POR,MF,Moreirense,23-218,2001,28,15,1295,14.4,1,1,2,1,0,0,8,1,0.4,0.4,0.6,1.0,15,44,17,0.07,0.07,0.14,0.07,0.14,0.03,0.04,0.07,0.03,0.07,Matches
522,Tomás Tavares,pt POR,DF,AVS Futebol,24-059,2001,11,9,789,8.8,0,1,1,0,0,0,1,0,0.0,0.0,0.5,0.5,4,29,20,0.00,0.11,0.11,0.00,0.11,0.00,0.06,0.06,0.00,0.06,Matches
523,Duplexe Tchamba,cm CMR,DF,Casa Pia,26-299,1998,19,19,1634,18.2,2,1,3,2,0,0,4,0,0.5,0.5,0.5,1.0,5,63,1,0.11,0.06,0.17,0.11,0.17,0.03,0.03,0.06,0.03,0.06,Matches
524,Cédric Teguia,es ESP,FW,Moreirense,23-216,2001,11,9,746,8.3,1,0,1,1,0,0,1,0,0.6,0.6,0.6,1.1,15,23,43,0.12,0.00,0.12,0.12,0.12,0.07,0.07,0.14,0.07,0.14,Matches
525,João Teixeira,pt POR,MF,Gil Vicente FC,31-088,1994,15,2,318,3.5,0,0,0,0,0,0,0,0,0.3,0.3,0.2,0.5,6,23,8,0.00,0.00,0.00,0.00,0.00,0.08,0.05,0.13,0.08,0.13,Matches
Rk,Player,Nation,Pos,Squad,Age,Born,MP,Starts,Min,90s,Gls,Ast,G+A,G-PK,PK,PKatt,CrdY,CrdR,xG,npxG,xAG,npxG+xAG,PrgC,PrgP,PrgR,Gls,Ast,G+A,G-PK,G+A-PK,xG,xAG,xG+xAG,npxG,npxG+xAG,Matches
526,Jorge Teixeira,pt POR,DF,AVS Futebol,38-251,1986,12,7,710,7.9,0,0,0,0,0,0,3,1,0.8,0.8,0.0,0.8,0,14,1,0.00,0.00,0.00,0.00,0.00,0.11,0.00,0.11,0.11,0.11,Matches
527,Nigel Thomas,nl NED,"FW,MF",Nacional,24-093,2001,9,8,629,7.0,1,0,1,1,0,0,3,0,0.5,0.5,1.1,1.6,13,10,34,0.14,0.00,0.14,0.14,0.14,0.08,0.18,0.26,0.08,0.26,Matches
528,Demir Tıknaz,tr TUR,MF,Rio Ave,20-261,2004,25,22,1805,20.1,2,2,4,2,0,0,6,0,1.7,1.7,1.6,3.3,18,85,16,0.10,0.10,0.20,0.10,0.20,0.09,0.08,0.16,0.09,0.16,Matches
529,Tomané,pt POR,FW,Farense,32-194,1992,23,18,1646,18.3,3,0,3,2,1,1,1,0,2.8,2.0,1.3,3.3,15,33,71,0.16,0.00,0.16,0.11,0.11,0.15,0.07,0.22,0.11,0.18,Matches
530,Tomé,pt POR,GK,Boavista,18-140,2006,2,2,180,2.0,0,0,0,0,0,0,1,0,0.0,0.0,0.0,0.0,0,0,0,0.00,0.00,0.00,0.00,0.00,0.00,0.00,0.00,0.00,0.00,Matches
531,João Tomé,pt POR,"DF,MF",Rio Ave,22-082,2003,13,7,591,6.6,0,0,0,0,0,0,2,0,0.0,0.0,0.3,0.3,8,21,29,0.00,0.00,0.00,0.00,0.00,0.00,0.04,0.04,0.00,0.04,Matches
532,Mirko Topić,rs SRB,MF,Famalicão,24-089,2001,32,24,2276,25.3,1,0,1,1,0,0,3,0,1.2,1.2,0.6,1.8,32,133,35,0.04,0.00,0.04,0.04,0.04,0.05,0.02,0.07,0.05,0.07,Matches
533,Diogo Travassos,pt POR,"MF,DF",Estrela,21-035,2004,22,16,1546,17.2,1,0,1,1,0,0,4,0,0.4,0.4,1.2,1.7,41,40,80,0.06,0.00,0.06,0.06,0.06,0.02,0.07,0.10,0.02,0.10,Matches
534,Alfonso Trezza,uy URU,"FW,MF",Arouca,25-317,1999,32,27,2330,25.9,4,1,5,4,0,0,4,1,5.0,5.0,2.3,7.3,48,30,157,0.15,0.04,0.19,0.15,0.19,0.19,0.09,0.28,0.19,0.28,Matches
535,Francisco Trincão,pt POR,"MF,FW",Sporting CP,25-127,1999,32,32,2769,30.8,8,14,22,8,0,0,1,0,8.9,8.9,8.0,16.9,87,151,204,0.26,0.46,0.72,0.26,0.72,0.29,0.26,0.55,0.29,0.55,Matches
536,Anatolii Trubin,ua UKR,GK,Benfica,23-277,2001,30,30,2700,30.0,0,0,0,0,0,0,1,0,0.0,0.0,0.0,0.0,0,1,0,0.00,0.00,0.00,0.00,0.00,0.00,0.00,0.00,0.00,0.00,Matches
537,Ulisses,br BRA,DF,Nacional,25-219,1999,29,29,2559,28.4,2,0,2,2,0,0,5,1,1.6,1.6,0.1,1.7,14,53,5,0.07,0.00,0.07,0.07,0.07,0.06,0.00,0.06,0.06,0.06,Matches
538,Tomáš Vaclík,cz CZE,GK,Boavista,36-037,1989,9,9,810,9.0,0,0,0,0,0,0,1,0,0.0,0.0,0.0,0.0,0,0,0,0.00,0.00,0.00,0.00,0.00,0.00,0.00,0.00,0.00,0.00,Matches
539,João Valido,pt POR,GK,Arouca,25-063,2000,3,3,270,3.0,0,0,0,0,0,0,0,0,0.0,0.0,0.1,0.1,0,0,0,0.00,0.00,0.00,0.00,0.00,0.00,0.03,0.03,0.00,0.03,Matches
540,Alan Varela,ar ARG,MF,Porto,23-305,2001,29,24,2101,23.3,0,2,2,0,0,0,8,0,0.7,0.7,1.2,1.9,15,160,19,0.00,0.09,0.09,0.00,0.09,0.03,0.05,0.08,0.03,0.08,Matches
541,Bruno Varela,cv CPV,GK,Vitória,30-182,1994,32,32,2880,32.0,0,0,0,0,0,0,3,0,0.0,0.0,0.0,0.0,0,0,0,0.00,0.00,0.00,0.00,0.00,0.00,0.00,0.00,0.00,0.00,Matches
542,Nilton Varela,pt POR,"DF,MF",Estrela,23-345,2001,25,24,2021,22.5,0,2,2,0,0,0,3,0,0.3,0.3,1.3,1.6,21,35,73,0.00,0.09,0.09,0.00,0.09,0.01,0.06,0.07,0.01,0.07,Matches
543,João Vasconcelos,pt POR,MF,Braga,20-068,2005,1,0,4,0.0,0,0,0,0,0,0,0,0,0.0,0.0,0.0,0.0,0,0,0,0.00,0.00,0.00,0.00,0.00,0.00,0.00,0.00,0.00,0.00,Matches
544,Danilo Veiga,pt POR,"DF,MF",Estrela,22-222,2002,15,14,1280,14.2,0,2,2,0,0,0,5,1,0.7,0.7,1.5,2.2,20,39,47,0.00,0.14,0.14,0.00,0.14,0.05,0.11,0.16,0.05,0.16,Matches
545,Eric Veiga,lu LUX,"DF,MF",AVS Futebol,28-076,1997,7,3,298,3.3,0,0,0,0,0,0,0,0,0.0,0.0,0.1,0.1,9,4,6,0.00,0.00,0.00,0.00,0.00,0.01,0.03,0.04,0.01,0.04,Matches
546,Jhon Velásquez,co COL,"FW,MF",Farense,30-003,1995,2,0,15,0.2,0,1,1,0,0,0,0,0,0.0,0.0,0.4,0.4,0,2,2,0.00,6.00,6.00,0.00,6.00,0.14,2.38,2.52,0.14,2.52,Matches
547,Ricardo Velho,pt POR,GK,Farense,26-258,1998,28,28,2520,28.0,0,0,0,0,0,0,1,0,0.0,0.0,0.0,0.0,0,2,0,0.00,0.00,0.00,0.00,0.00,0.00,0.00,0.00,0.00,0.00,Matches
548,Frederico Venâncio,pt POR,DF,Santa Clara,32-090,1993,25,20,1717,19.1,0,0,0,0,0,0,4,0,0.3,0.3,0.3,0.5,6,49,2,0.00,0.00,0.00,0.00,0.00,0.01,0.01,0.03,0.01,0.03,Matches
549,Paulo Victor,br BRA,"DF,MF",Farense,24-022,2001,22,16,1444,16.0,0,0,0,0,0,0,4,0,0.4,0.4,0.3,0.7,26,42,50,0.00,0.00,0.00,0.00,0.00,0.02,0.02,0.04,0.02,0.04,Matches
550,Fabio Vieira,pt POR,"MF,FW",Porto,24-340,2000,23,19,1638,18.2,4,4,8,4,0,0,5,0,2.4,2.2,3.7,5.9,22,112,107,0.22,0.22,0.44,0.22,0.44,0.13,0.20,0.33,0.12,0.32,Matches
Rk,Player,Nation,Pos,Squad,Age,Born,MP,Starts,Min,90s,Gls,Ast,G+A,G-PK,PK,PKatt,CrdY,CrdR,xG,npxG,xAG,npxG+xAG,PrgC,PrgP,PrgR,Gls,Ast,G+A,G-PK,G+A-PK,xG,xAG,xG+xAG,npxG,npxG+xAG,Matches
551,Gabriel Vieira,br BRA,FW,Santa Clara,23-044,2002,31,31,2670,29.7,5,3,8,4,1,1,2,0,8.4,7.6,3.1,10.7,50,43,152,0.17,0.10,0.27,0.13,0.24,0.28,0.10,0.39,0.26,0.36,Matches
552,Mikel Villanueva,ve VEN,DF,Vitória,32-021,1993,18,14,1252,13.9,0,0,0,0,0,0,7,0,0.6,0.6,0.0,0.6,8,53,0,0.00,0.00,0.00,0.00,0.00,0.04,0.00,0.04,0.04,0.04,Matches
553,Marcos Vinicios Sorriso,br BRA,"FW,MF",Famalicão,24-071,2001,27,23,1885,20.9,8,3,11,8,0,0,1,0,4.9,4.9,3.3,8.2,43,57,164,0.38,0.14,0.53,0.38,0.53,0.23,0.16,0.39,0.23,0.39,Matches
554,Vinícius,br BRA,"FW,MF",Santa Clara,25-363,1999,31,27,2086,23.2,8,1,9,8,0,1,8,0,8.2,7.4,2.7,10.1,39,50,92,0.35,0.04,0.39,0.35,0.39,0.35,0.12,0.47,0.32,0.43,Matches
555,Bernardo Vital,pt POR,MF,Estoril,24-127,2000,1,0,31,0.3,0,0,0,0,0,0,0,0,0.0,0.0,0.0,0.0,0,1,0,0.00,0.00,0.00,0.00,0.00,0.03,0.00,0.03,0.03,0.03,Matches
556,Zé Vitor,br BRA,DF,Nacional,24-085,2001,29,29,2586,28.7,2,0,2,2,0,0,10,0,2.5,2.5,0.8,3.3,9,62,1,0.07,0.00,0.07,0.07,0.07,0.09,0.03,0.12,0.09,0.12,Matches
557,Steven Vitória,ca CAN,DF,Boavista,38-114,1987,6,2,211,2.3,0,0,0,0,0,0,1,1,0.2,0.2,0.0,0.2,0,4,1,0.00,0.00,0.00,0.00,0.00,0.07,0.02,0.08,0.07,0.08,Matches
558,Marious Vrousai,gr GRE,"DF,MF",Rio Ave,26-307,1998,30,27,2457,27.3,1,3,4,1,0,0,4,0,2.3,2.3,1.8,4.0,47,110,95,0.04,0.11,0.15,0.04,0.15,0.08,0.06,0.15,0.08,0.15,Matches
559,Ilija Vukotić,me MNE,MF,Boavista,26-118,1999,26,21,1757,19.5,3,0,3,3,0,0,4,1,3.0,3.0,0.8,3.8,17,76,28,0.15,0.00,0.15,0.15,0.15,0.15,0.04,0.20,0.15,0.20,Matches
560,Wendel,br BRA,FW,Santa Clara,24-276,2000,4,0,78,0.9,0,0,0,0,0,0,0,0,0.3,0.3,0.0,0.3,1,3,3,0.00,0.00,0.00,0.00,0.00,0.40,0.00,0.40,0.40,0.40,Matches
561,Wendell,br BRA,DF,Porto,31-289,1993,1,0,23,0.3,0,0,0,0,0,0,0,0,0.1,0.1,0.0,0.1,1,1,0,0.00,0.00,0.00,0.00,0.00,0.47,0.00,0.47,0.47,0.47,Matches
562,Weverson,br BRA,DF,Arouca,24-304,2000,24,20,1698,18.9,1,1,2,1,0,0,4,0,0.6,0.6,1.2,1.8,39,37,101,0.05,0.05,0.11,0.05,0.11,0.03,0.06,0.10,0.03,0.10,Matches
563,Xeka,pt POR,MF,Estoril,30-176,1994,14,12,939,10.4,1,1,2,1,0,0,6,0,0.8,0.8,0.8,1.6,12,49,17,0.10,0.10,0.19,0.10,0.19,0.08,0.08,0.16,0.08,0.16,Matches
564,Güven Yalçın,tr TUR,FW,Arouca,26-107,1999,22,8,749,8.3,4,1,5,2,2,2,5,1,4.4,2.8,0.7,3.5,16,11,49,0.48,0.12,0.60,0.24,0.36,0.53,0.08,0.62,0.34,0.42,Matches
565,Fūki Yamada,jp JPN,"FW,MF",Nacional,23-299,2001,12,6,448,5.0,1,2,3,1,0,0,2,1,0.9,0.9,0.9,1.8,7,9,45,0.20,0.40,0.60,0.20,0.60,0.17,0.19,0.36,0.17,0.36,Matches
566,Zaydou Youssouf,km COM,MF,Famalicão,25-298,1999,17,17,1336,14.8,2,0,2,2,0,0,4,0,2.2,2.2,0.6,2.7,9,50,38,0.13,0.00,0.13,0.13,0.13,0.15,0.04,0.18,0.15,0.18,Matches
567,Yassir Zabiri,ma MAR,"FW,MF",Famalicão,20-071,2005,5,0,58,0.6,1,0,1,1,0,0,0,0,0.6,0.6,0.0,0.6,0,2,4,1.55,0.00,1.55,1.55,1.55,0.98,0.00,0.98,0.98,0.98,Matches
568,Rodrigo Zalazar,uy URU,"MF,FW",Braga,25-266,1999,17,15,1229,13.7,2,6,8,2,0,0,4,0,2.4,2.4,3.6,6.0,53,62,95,0.15,0.44,0.59,0.15,0.59,0.18,0.26,0.44,0.18,0.44,Matches
569,Vinícius Zanocelo,br BRA,MF,Estoril,24-095,2001,28,21,1914,21.3,2,0,2,2,0,0,8,0,2.1,2.0,0.2,2.2,12,98,32,0.09,0.00,0.09,0.09,0.09,0.10,0.01,0.11,0.09,0.10,Matches
570,Ivan Zlobin,ru RUS,GK,Famalicão,28-059,1997,13,13,1170,13.0,0,0,0,0,0,0,2,0,0.0,0.0,0.0,0.0,0,0,0,0.00,0.00,0.00,0.00,0.00,0.00,0.00,0.00,0.00,0.00,Matches
571,Karem Zoabi,il ISR,"FW,MF",Rio Ave,19-002,2006,11,2,221,2.5,0,1,1,0,0,0,1,0,0.0,0.0,1.1,1.1,2,1,10,0.00,0.41,0.41,0.00,0.41,0.00,0.46,0.46,0.00,0.46,Matches
572,Nermin Zolotić,ba BIH,DF,Casa Pia,31-302,1993,7,7,626,7.0,0,0,0,0,0,0,4,0,0.0,0.0,0.0,0.0,9,29,0,0.00,0.00,0.00,0.00,0.00,0.00,0.00,0.00,0.00,0.00,Matches
