Unnamed: 0_level_0,Unnamed: 1_level_0,Unnamed: 2_level_0,Unnamed: 3_level_0,Unnamed: 4_level_0,Unnamed: 5_level_0,Unnamed: 6_level_0,Unnamed: 7_level_0,Unnamed: 8_level_0,Pass Types,Pass Types,Pass Types,Pass Types,Pass Types,Pass Types,Pass Types,Pass Types,Corner Kicks,Corner Kicks,Corner Kicks,Outcomes,Outcomes,Outcomes,Unnamed: 23_level_0
Rk,Player,Nation,Pos,Squad,Age,Born,90s,Att,Live,Dead,FK,TB,Sw,Crs,TI,CK,In,Out,Str,Cmp,Off,Blocks,Matches
1,Saminu Abdullahi,ng NGA,MF,FC Juárez,24-122,2001,0.5,17,16,0,0,0,0,0,0,0,0,0,0,11,1,0,Matches
2,José Abella,mx MEX,DF,Santos,31-084,1994,16.8,885,674,206,44,0,10,74,145,17,2,11,0,658,5,23,Matches
3,José Abella,mx MEX,DF,FC Juárez,31-084,1994,11.3,583,445,138,13,0,9,15,125,0,0,0,0,448,0,12,Matches
4,Diego Abitia,mx MEX,FW,Atlético,22-019,2003,3.6,65,57,8,0,0,1,3,0,0,0,0,0,48,0,5,Matches
5,Carlos Acevedo,mx MEX,GK,Santos,29-016,1996,33.0,1137,727,405,96,0,4,0,0,0,0,0,0,831,5,0,Matches
6,Alonso Aceves,mx MEX,DF,Pachuca,24-038,2001,14.8,760,700,60,16,1,13,17,44,0,0,0,0,629,0,10,Matches
7,Gilberto Adame,mx MEX,"DF,MF",Mazatlán,20-185,2004,4.6,147,126,21,0,0,0,23,19,2,0,2,0,96,0,9,Matches
8,Sergio Aguayo,us USA,FW,Pachuca,22-162,2002,1.8,38,38,0,0,0,0,0,0,0,0,0,0,26,0,1,Matches
9,Eduardo Águila,mx MEX,DF,Atlético,22-353,2002,30.0,1556,1510,44,37,1,11,1,4,0,0,0,0,1351,2,7,Matches
10,Eduardo Aguirre,mx MEX,"FW,MF",Atlas,26-275,1998,24.4,461,405,53,5,3,0,26,7,5,5,0,0,316,3,28,Matches
11,Érick Aguirre,mx MEX,DF,Monterrey,28-071,1997,10.4,640,549,91,4,1,1,33,86,1,1,0,0,510,0,13,Matches
12,Gaddi Aguirre,mx MEX,DF,Atlas,29-035,1996,11.7,565,456,108,9,0,3,6,84,0,0,0,0,424,1,10,Matches
13,Rodrigo Aguirre,uy URU,"FW,MF",América,30-216,1994,9.8,185,170,13,2,0,1,6,1,0,0,0,0,123,2,7,Matches
14,Jorge Agustín Rodríguez,ar ARG,"MF,DF",Monterrey,29-232,1995,26.5,1555,1499,55,46,1,11,3,3,1,0,0,0,1346,1,19,Matches
15,Arnaud Ake,ci CIV,FW,Querétaro,27-034,1998,2.6,51,43,7,0,0,0,0,1,0,0,0,0,35,1,3,Matches
16,Jesús Alberto Angulo,mx MEX,DF,UANL,27-095,1998,26.3,1572,1364,202,31,4,11,31,158,0,0,0,0,1279,6,23,Matches
17,Gil Alcalá,mx MEX,GK,UNAM,32-280,1992,4.0,147,124,23,5,0,0,0,0,0,0,0,0,124,0,0,Matches
18,Jesús Alcantar,mx MEX,DF,Necaxa,21-279,2003,6.8,240,207,33,2,0,1,0,29,0,0,0,0,195,0,1,Matches
19,Jordy Alcivar,ec ECU,"MF,FW",León,25-273,1999,4.4,184,172,11,3,1,2,10,1,7,3,3,1,138,1,3,Matches
20,Luis Alfonso Rodríguez,mx MEX,DF,Pachuca,34-104,1991,15.3,1004,799,202,18,4,8,36,184,0,0,0,0,810,3,17,Matches
21,Guillermo Allison,mx MEX,GK,Querétaro,34-222,1990,25.0,744,412,328,64,0,2,0,1,0,0,0,0,445,4,1,Matches
22,Facundo Almada,ar ARG,DF,Mazatlán,26-299,1998,19.5,835,766,67,29,0,15,4,32,0,0,0,0,672,2,9,Matches
23,Carlos Alonso Vargas,mx MEX,"DF,FW",Cruz Azul,26-080,1999,0.6,35,24,11,1,0,2,3,10,0,0,0,0,23,0,2,Matches
24,Alfonso Alvarado,mx MEX,"FW,MF",Monterrey,25-051,2000,4.1,76,68,8,0,0,1,1,1,0,0,0,0,54,0,2,Matches
25,Alfonso Alvarado,mx MEX,"FW,MF",León,25-051,2000,8.4,154,140,13,1,0,0,4,5,0,0,0,0,112,1,6,Matches
Rk,Player,Nation,Pos,Squad,Age,Born,90s,Att,Live,Dead,FK,TB,Sw,Crs,TI,CK,In,Out,Str,Cmp,Off,Blocks,Matches
26,Daniel Alvarado,mx MEX,MF,América,20-229,2004,0.0,0,0,0,0,0,0,0,0,0,0,0,0,0,0,0,Matches
27,Roberto Alvarado,mx MEX,"MF,FW",Guadalajara,26-240,1998,26.3,1246,1092,147,51,4,14,138,17,78,47,16,0,944,7,27,Matches
28,Ventura Alvarado,us USA,DF,Mazatlán,32-262,1992,4.4,173,164,9,7,0,1,0,1,0,0,0,0,152,0,0,Matches
29,Alek Álvarez,mx MEX,MF,Necaxa,22-033,2003,3.6,,,,,,,20,,,,,,,,,Matches
30,Antonio Álvarez,mx MEX,"FW,MF",América,21-130,2003,1.3,41,37,4,0,0,0,3,0,4,0,2,0,33,0,2,Matches
31,Daniel Álvarez,mx MEX,"MF,FW",Puebla,30-287,1994,5.9,174,161,12,1,1,0,23,11,0,0,0,0,109,1,9,Matches
32,Efrain Alvarez,mx MEX,"FW,MF",Tijuana,22-320,2002,24.9,1234,1120,109,31,6,16,105,35,42,11,11,0,951,5,33,Matches
33,Gael Álvarez,mx MEX,FW,Pachuca,19-057,2006,2.5,84,73,10,0,0,0,9,0,10,3,1,0,61,1,5,Matches
34,Jaime Alvarez,mx MEX,"FW,MF",FC Juárez,22-074,2003,0.5,4,4,0,0,0,0,1,0,0,0,0,0,3,0,0,Matches
35,Jaime Alvarez,mx MEX,"FW,MF",Tijuana,22-074,2003,3.8,145,140,5,0,0,0,18,0,5,0,0,0,116,0,7,Matches
36,Kevin Álvarez,mx MEX,DF,América,26-110,1999,15.2,690,543,145,7,0,1,41,138,0,0,0,0,544,2,18,Matches
37,Luis Amarilla,py PAR,FW,Mazatlán,29-253,1995,15.5,448,403,43,3,1,2,3,3,0,0,0,0,312,2,4,Matches
38,Frankie Amaya,us USA,MF,Toluca,24-221,2000,4.0,188,184,4,4,1,2,4,0,0,0,0,0,165,0,3,Matches
39,Fidel Ambríz,mx MEX,MF,Monterrey,22-045,2003,13.3,589,572,17,14,1,4,2,3,0,0,0,0,509,0,8,Matches
40,Fidel Ambríz,mx MEX,MF,León,22-045,2003,4.7,228,222,5,3,1,3,1,2,0,0,0,0,194,1,2,Matches
41,Bruno Amione,ar ARG,DF,Santos,23-122,2002,16.9,809,696,113,27,0,4,9,71,0,0,0,0,660,0,9,Matches
42,Esteban Andrada,ar ARG,GK,Monterrey,34-099,1991,24.0,944,734,208,60,0,1,0,0,0,0,0,0,739,2,0,Matches
43,Alejandro Andrade,mx MEX,"DF,MF",Necaxa,23-262,2001,5.7,193,165,28,6,0,0,4,22,0,0,0,0,156,0,6,Matches
44,Luis Ángel Malagón,mx MEX,GK,América,28-064,1997,28.5,935,656,275,51,0,5,0,0,0,0,0,0,735,4,1,Matches
45,Brayan Angulo,co COL,"DF,MF",Puebla,35-184,1989,28.1,1395,1136,245,18,1,14,54,223,3,0,3,0,1071,14,35,Matches
46,Jesús Angulo,mx MEX,"MF,FW",Toluca,28-074,1997,20.1,1022,926,87,37,1,12,57,9,41,21,17,0,861,9,11,Matches
47,José Antonio Rodríguez,mx MEX,GK,Tijuana,32-305,1992,20.9,992,840,152,30,0,3,0,0,0,0,0,0,777,0,0,Matches
48,Uriel Antuna,mx MEX,"FW,MF",Cruz Azul,27-257,1997,2.6,77,76,1,0,1,1,7,0,1,0,0,0,60,0,3,Matches
49,Uriel Antuna,mx MEX,"FW,MF",UANL,27-257,1997,8.7,365,342,22,4,0,2,52,15,2,0,2,0,275,1,15,Matches
50,Javier Aquino,mx MEX,DF,UANL,35-083,1990,29.0,1816,1485,326,27,0,4,82,299,0,0,0,0,1450,5,29,Matches
Rk,Player,Nation,Pos,Squad,Age,Born,90s,Att,Live,Dead,FK,TB,Sw,Crs,TI,CK,In,Out,Str,Cmp,Off,Blocks,Matches
51,Pedro Aquino,pe PER,MF,Santos,30-022,1995,7.4,457,424,33,32,0,5,2,1,0,0,0,0,398,0,6,Matches
52,Diego Araujo,mx MEX,MF,Querétaro,22-076,2003,1.2,45,44,1,1,0,0,0,0,0,0,0,0,37,0,0,Matches
53,Maximiliano Araújo,uy URU,FW,Toluca,25-079,2000,1.1,32,30,1,1,0,0,2,0,0,0,0,0,20,1,0,Matches
54,Néstor Araujo,mx MEX,DF,América,33-249,1991,13.4,641,627,14,13,1,0,0,0,0,0,0,0,546,0,3,Matches
55,Fernando Arce Jr.,us USA,"MF,FW",Puebla,28-159,1996,2.2,54,50,3,2,0,0,1,1,0,0,0,0,39,1,1,Matches
56,Fernando Arce Jr.,us USA,MF,Necaxa,28-159,1996,11.5,349,333,16,11,0,9,4,5,0,0,0,0,272,0,3,Matches
57,Ramiro Árciga,mx MEX,"MF,FW",Tijuana,20-248,2004,3.3,126,104,19,8,0,0,24,2,7,4,2,0,80,3,6,Matches
58,Ramiro Árciga,mx MEX,"MF,FW",Mazatlán,20-248,2004,10.6,416,404,12,1,4,3,47,11,0,0,0,0,307,0,21,Matches
59,Eduardo Armenta,mx MEX,MF,Querétaro,23-140,2001,2.3,75,72,3,0,0,1,1,2,0,0,0,0,58,0,4,Matches
60,Aarón Arredondo,mx MEX,MF,América,22-065,2003,2.0,105,103,2,2,2,1,2,0,0,0,0,0,95,0,1,Matches
61,Diego Arriaga,mx MEX,"FW,MF",América,21-005,2004,1.6,24,23,0,0,0,0,0,0,0,0,0,0,17,1,1,Matches
62,Gerardo Arteaga,mx MEX,DF,Monterrey,26-240,1998,25.5,1283,1068,214,14,0,6,56,200,0,0,0,0,1092,1,22,Matches
63,Víctor Arteaga,mx MEX,MF,Toluca,21-068,2004,9.2,447,438,7,5,0,5,4,2,0,0,0,0,396,2,5,Matches
64,Ali Ávila,mx MEX,"FW,MF",UNAM,21-224,2003,2.5,70,70,0,0,0,0,2,0,0,0,0,0,55,0,7,Matches
65,Ettson Ayon,mx MEX,FW,León,24-040,2001,5.8,93,82,11,0,0,0,2,1,0,0,0,0,63,0,6,Matches
66,Angel Azuaje,ve VEN,DF,UNAM,20-222,2004,2.4,125,108,17,7,0,1,0,2,0,0,0,0,109,0,0,Matches
67,Tomás Badaloni,ar ARG,FW,Necaxa,25-003,2000,10.3,207,190,16,0,0,1,2,2,0,0,0,0,147,1,7,Matches
68,Claudio Baeza,cl CHI,"MF,DF",Toluca,31-133,1993,11.3,633,619,14,10,0,12,2,3,0,0,0,0,567,0,3,Matches
69,Kevin Balanta,co COL,DF,Tijuana,28-007,1997,7.6,461,435,25,16,0,5,1,7,0,0,0,0,402,1,4,Matches
70,Fidel Barajas,mx MEX,"MF,FW",Guadalajara,19-030,2006,1.0,41,41,0,0,0,0,6,0,0,0,0,0,28,0,1,Matches
71,Víctor Barajas,mx MEX,DF,León,22-053,2003,0.0,4,4,0,0,0,0,4,0,0,0,0,0,0,0,1,Matches
72,Diego Barbosa,mx MEX,DF,Toluca,28-222,1996,10.8,557,431,124,10,0,5,22,114,0,0,0,0,462,2,4,Matches
73,Diego Barbosa,mx MEX,DF,Tijuana,28-222,1996,2.7,118,93,25,1,0,0,2,24,0,0,0,0,94,0,1,Matches
74,Jaine Barreiro,co COL,DF,León,30-320,1994,33.7,1749,1625,116,78,1,36,4,13,0,0,0,0,1408,8,14,Matches
75,Pablo Barrera,mx MEX,"MF,FW",Querétaro,37-318,1987,23.4,866,739,118,38,0,7,168,17,62,12,44,0,583,9,33,Matches
Rk,Player,Nation,Pos,Squad,Age,Born,90s,Att,Live,Dead,FK,TB,Sw,Crs,TI,CK,In,Out,Str,Cmp,Off,Blocks,Matches
76,Sergio Barreto,ar ARG,DF,Pachuca,26-015,1999,18.2,793,759,32,27,0,5,0,5,0,0,0,0,668,2,6,Matches
77,Bruno Barticciotto,cl CHI,FW,Santos,23-363,2001,7.4,162,140,22,0,1,2,1,6,0,0,0,0,115,0,6,Matches
78,Abraham Bass,mx MEX,MF,Atlas,23-269,2001,0.1,1,1,0,0,0,0,0,0,0,0,0,0,1,0,0,Matches
79,Borja Bastón,es ESP,FW,Pachuca,32-253,1992,3.9,52,46,6,0,0,0,2,0,1,1,0,0,37,0,4,Matches
80,Alán Bautista,mx MEX,"MF,FW",Pachuca,22-180,2002,9.9,469,419,46,18,4,8,17,2,17,5,1,0,374,4,8,Matches
81,Paul Bellón,mx MEX,DF,León,27-335,1997,28.3,1275,1217,56,39,0,4,0,10,0,0,0,0,1090,2,9,Matches
82,Fernando Beltrán,mx MEX,"MF,FW",Guadalajara,26-362,1998,20.4,1057,999,51,20,4,15,54,10,18,9,7,1,868,7,14,Matches
83,Nicolás Benedetti,co COL,"FW,MF",Mazatlán,28-010,1997,14.2,591,476,112,34,1,4,116,14,58,17,32,0,425,3,14,Matches
84,Darío Benedetto,ar ARG,FW,Querétaro,34-353,1990,4.7,107,95,11,0,0,6,4,1,0,0,0,0,64,1,1,Matches
85,Pablo Bennevendo Peña,mx MEX,DF,UNAM,25-122,2000,27.0,1209,990,215,34,0,7,25,178,0,0,0,0,976,4,24,Matches
86,Jorge Berlanga,mx MEX,DF,Pachuca,21-291,2003,11.2,466,396,69,14,1,1,7,54,0,0,0,0,384,1,9,Matches
87,Germán Berterame,mx MEX,FW,Monterrey,26-173,1998,26.0,527,468,52,1,2,1,7,4,0,0,0,0,400,7,19,Matches
88,Unai Bilbao,es ESP,DF,Tijuana,31-090,1994,26.2,1752,1592,158,66,1,20,2,15,0,0,0,0,1543,2,7,Matches
89,Alfonso Blanco Antúnez,mx MEX,GK,León,37-278,1987,26.0,938,636,300,58,0,2,0,1,0,0,0,0,714,2,0,Matches
90,Domingo Blanco,ar ARG,"FW,MF",Tijuana,30-013,1995,16.7,506,438,64,5,1,1,44,27,32,2,6,0,392,4,18,Matches
91,Rodrigo Bogarín,py PAR,"MF,FW",Querétaro,27-346,1997,7.9,265,246,19,11,0,1,7,1,6,2,2,0,199,0,5,Matches
92,Mateusz Bogusz,pl POL,"MF,FW",Cruz Azul,23-256,2001,8.0,260,241,17,4,0,0,18,7,1,1,0,0,192,2,6,Matches
93,Franck Boli,ci CIV,FW,Atlético,31-149,1993,9.0,124,103,21,1,0,0,0,0,0,0,0,0,102,0,3,Matches
94,Léo Bonatini,br BRA,FW,Atlético,31-038,1994,11.8,276,244,30,0,1,2,3,1,0,0,0,0,201,2,9,Matches
95,Cristian Borja,co COL,DF,América,32-076,1993,14.7,812,650,160,16,0,4,34,143,1,0,1,0,704,2,14,Matches
96,Frank Boya,cm CMR,MF,Tijuana,28-308,1996,8.2,319,307,12,11,1,0,1,1,0,0,0,0,255,0,4,Matches
97,Juan Brigido,mx MEX,"FW,MF",Pachuca,23-218,2001,0.6,33,33,0,0,0,1,7,0,0,0,0,0,22,0,0,Matches
98,Antonio Briseño,mx MEX,DF,Toluca,31-089,1994,3.2,239,230,9,6,0,2,0,1,0,0,0,0,218,0,0,Matches
99,Antonio Briseño,mx MEX,DF,Guadalajara,31-089,1994,6.0,264,253,9,9,0,0,0,0,0,0,0,0,220,2,0,Matches
100,Isaác Brizuela,mx MEX,"MF,DF",Guadalajara,34-250,1990,1.4,92,79,13,2,0,0,7,11,0,0,0,0,63,0,6,Matches
Rk,Player,Nation,Pos,Squad,Age,Born,90s,Att,Live,Dead,FK,TB,Sw,Crs,TI,CK,In,Out,Str,Cmp,Off,Blocks,Matches
101,Juan Brunetta,ar ARG,MF,UANL,27-358,1997,24.7,1199,1047,144,35,5,20,145,5,102,48,48,0,924,8,34,Matches
102,Gustavo Cabral,ar ARG,DF,Pachuca,39-203,1985,12.1,531,508,22,22,0,0,0,0,0,0,0,0,469,1,2,Matches
103,Luciano Cabral,cl CHI,"FW,MF",León,30-009,1995,11.9,562,516,42,11,4,2,35,5,25,12,11,0,415,4,12,Matches
104,Sebastián Cáceres,uy URU,DF,América,25-260,1999,9.1,483,464,18,16,0,7,1,1,0,0,0,0,416,1,4,Matches
105,Jhonder Cádiz,ve VEN,FW,León,29-280,1995,23.3,427,365,60,2,1,3,12,7,0,0,0,0,257,2,20,Matches
106,José Caicedo,co COL,MF,UNAM,22-347,2002,31.9,1780,1731,46,37,0,22,2,7,0,0,0,0,1525,3,24,Matches
107,Cristian Calderón,mx MEX,DF,América,27-346,1997,18.3,1081,874,206,23,0,5,30,182,1,0,1,0,889,1,17,Matches
108,Francisco Calvo,cr CRC,DF,FC Juárez,32-301,1992,3.0,163,151,12,10,0,8,0,2,0,0,0,0,134,0,1,Matches
109,Raúl Camacho,mx MEX,"FW,DF",Mazatlán,23-047,2002,3.8,59,51,6,0,0,1,1,0,1,0,0,0,43,2,3,Matches
110,Hugo Camberos,mx MEX,"FW,MF",Guadalajara,18-288,2006,9.7,298,249,46,9,0,1,34,15,22,6,9,0,213,3,6,Matches
111,Diber Cambindo,co COL,FW,Necaxa,29-077,1996,24.0,347,324,21,0,0,1,6,3,0,0,0,0,214,2,14,Matches
112,Diego Campillo,mx MEX,MF,FC Juárez,23-198,2001,24.5,1000,963,35,27,1,15,15,7,0,0,0,0,835,2,15,Matches
113,Omar Campos,mx MEX,DF,Cruz Azul,22-289,2002,1.6,70,60,10,0,0,0,7,10,0,0,0,0,48,0,2,Matches
114,Sergio Canales,es ESP,"MF,FW",Monterrey,34-078,1991,29.3,1826,1578,235,83,12,16,176,38,112,48,41,0,1440,13,34,Matches
115,Luis Cañamar,mx MEX,DF,Atlético,22-354,2002,1.0,59,43,15,0,0,0,0,15,0,0,0,0,46,1,2,Matches
116,Camilo Cándido,uy URU,"DF,MF",Cruz Azul,29-337,1995,2.5,179,151,28,3,0,0,7,25,0,0,0,0,136,0,6,Matches
117,Luis Cárdenas,mx MEX,GK,Monterrey,31-232,1993,10.0,337,243,93,20,0,0,0,0,0,0,0,0,292,1,0,Matches
118,Rafael Carioca,br BRA,MF,UANL,35-321,1989,15.7,1041,984,56,46,2,8,13,4,2,0,1,0,943,1,9,Matches
119,Jan Carmona,mx MEX,"MF,FW",FC Juárez,21-014,2004,1.2,22,21,0,0,0,0,0,0,0,0,0,0,15,1,2,Matches
120,Héctor Carranza,mx MEX,MF,Santos,21-122,2004,0.1,5,5,0,0,0,0,0,0,0,0,0,0,4,0,0,Matches
121,Adalberto Carrasquilla,pa PAN,MF,UNAM,26-158,1998,11.2,530,501,26,11,6,4,17,6,8,4,3,0,414,3,8,Matches
122,Jordan Carrillo,mx MEX,"MF,FW",Santos,23-156,2001,15.4,795,712,83,39,2,10,76,6,35,13,19,0,647,0,16,Matches
123,Stephano Carrillo,mx MEX,"FW,MF",Santos,19-059,2006,4.5,102,91,11,1,0,1,2,1,0,0,0,0,74,0,3,Matches
124,Guilherme Carvalho,br BRA,MF,FC Juárez,25-228,1999,24.2,1017,848,163,56,1,13,141,17,90,47,36,1,721,6,25,Matches
125,Kevin Castañeda,mx MEX,"MF,FW",Tijuana,25-189,1999,21.9,1308,1246,55,14,3,12,42,3,25,6,7,0,1085,7,21,Matches
Rk,Player,Nation,Pos,Squad,Age,Born,90s,Att,Live,Dead,FK,TB,Sw,Crs,TI,CK,In,Out,Str,Cmp,Off,Blocks,Matches
126,Christian Castillo,cl CHI,FW,Querétaro,28-153,1996,0.5,5,4,1,0,0,0,0,0,0,0,0,0,5,0,0,Matches
127,Klever Castillo,mx MEX,FW,Toluca,19-266,2005,0.8,37,37,0,0,0,1,0,0,0,0,0,0,32,0,1,Matches
128,Moises Castillo,co COL,DF,FC Juárez,23-346,2001,21.5,1002,945,56,45,0,16,3,9,0,0,0,0,874,1,11,Matches
129,José Castillo Pérez,mx MEX,DF,Guadalajara,23-154,2001,25.0,1205,994,208,19,0,2,25,189,0,0,0,0,1019,3,24,Matches
130,Raúl Castillo,mx MEX,"MF,FW",Puebla,23-154,2001,16.6,604,509,95,26,2,9,82,9,56,23,27,0,469,0,15,Matches
131,Christopher Castro,mx MEX,DF,Mazatlán,19-315,2005,1.2,34,27,7,1,0,0,0,6,0,0,0,0,25,0,1,Matches
132,Manuel Castro,uy URU,"MF,FW",FC Juárez,29-220,1995,1.0,33,27,6,2,0,0,5,1,2,0,0,0,21,0,1,Matches
133,Lucas Cavallini,ca CAN,FW,Puebla,32-128,1992,3.6,72,60,12,0,0,0,2,0,0,0,0,0,53,0,0,Matches
134,Alan Cervantes,mx MEX,MF,Santos,27-108,1998,1.0,54,52,2,2,0,1,0,0,0,0,0,0,52,0,0,Matches
135,Alan Cervantes,mx MEX,MF,América,27-108,1998,14.4,804,775,28,23,0,11,5,5,0,0,0,0,737,1,7,Matches
136,Luís Cervantes,mx MEX,DF,León,24-085,2001,0.4,16,13,3,0,0,0,1,3,0,0,0,0,12,0,0,Matches
137,Ángel Chávez,mx MEX,DF,Necaxa,20-075,2005,0.1,16,15,1,0,0,0,1,1,0,0,0,0,11,0,0,Matches
138,Mateo Chávez,mx MEX,DF,Guadalajara,20-358,2004,19.9,982,757,222,19,2,9,57,203,0,0,0,0,727,3,46,Matches
139,Ricardo Chávez Soto,mx MEX,"DF,MF",Atlético,30-167,1994,13.7,704,572,131,12,1,10,51,119,0,0,0,0,555,1,14,Matches
140,Ricardo Chávez Soto,mx MEX,DF,Monterrey,30-167,1994,11.3,687,586,98,9,0,5,40,89,0,0,0,0,556,3,10,Matches
141,Ronaldo Cisneros,mx MEX,FW,Querétaro,28-117,1997,8.2,130,109,19,1,0,0,6,1,0,0,0,0,93,2,4,Matches
142,Matías Cóccaro,uy URU,"FW,MF",Atlas,27-171,1997,2.4,56,52,3,0,1,0,3,1,0,0,0,0,40,1,0,Matches
143,Josué Colmán,py PAR,"MF,FW",Querétaro,26-284,1998,8.4,255,207,48,13,0,4,35,3,28,14,8,0,194,0,7,Matches
144,Josué Colmán,py PAR,"MF,DF",Mazatlán,26-284,1998,6.1,248,213,33,6,5,0,34,3,23,7,5,0,177,2,5,Matches
145,Bryan Colula,mx MEX,DF,Mazatlán,29-029,1996,24.5,1213,968,239,6,0,4,39,233,0,0,0,0,927,6,37,Matches
146,Francisco Contreras,mx MEX,"DF,MF",Tijuana,25-324,1999,7.3,476,416,60,6,0,5,7,54,0,0,0,0,410,0,6,Matches
147,Mario Cordero,mx MEX,FW,Santos,21-156,2003,0.1,3,3,0,0,0,0,0,0,0,0,0,0,2,0,0,Matches
148,Jesús Corona,mx MEX,"FW,MF",Monterrey,32-119,1993,14.6,693,642,46,17,1,5,89,10,19,9,5,0,530,5,16,Matches
149,Joe Corona,us USA,MF,Tijuana,34-300,1990,10.9,610,593,16,16,0,2,4,0,0,0,0,0,533,1,7,Matches
150,José Corona,mx MEX,GK,Tijuana,44-099,1981,10.1,383,323,59,15,0,0,0,0,0,0,0,0,328,1,0,Matches
Rk,Player,Nation,Pos,Squad,Age,Born,90s,Att,Live,Dead,FK,TB,Sw,Crs,TI,CK,In,Out,Str,Cmp,Off,Blocks,Matches
151,Rogelio Cortéz Pineda,mx MEX,"FW,MF",Necaxa,20-302,2004,1.9,103,95,6,1,0,3,5,1,4,4,0,0,76,2,3,Matches
152,Jordi Cortizo,mx MEX,"MF,FW",Monterrey,28-309,1996,10.2,459,437,22,7,2,4,13,6,7,1,3,0,388,0,10,Matches
153,Rodolfo Cota,mx MEX,GK,América,37-306,1987,5.5,201,165,36,6,0,0,0,0,0,0,0,0,171,0,0,Matches
154,Cade Cowell,us USA,"FW,MF",Guadalajara,21-203,2003,13.6,305,292,7,1,2,4,54,6,0,0,0,0,203,6,17,Matches
155,Aldo Cruz,mx MEX,DF,Atlético,27-223,1997,26.7,1603,1467,133,33,0,21,38,100,0,0,0,0,1308,3,39,Matches
156,Cristián Dajome,co COL,"FW,MF",Santos,31-122,1994,7.6,159,148,9,2,0,1,15,6,1,0,0,0,108,2,13,Matches
157,Jürgen Damm,mx MEX,DF,Atlético,32-179,1992,0.3,17,16,1,0,0,0,1,0,1,0,1,0,15,0,0,Matches
158,Jesús David Murillo,co COL,DF,FC Juárez,31-076,1994,8.7,411,368,43,21,1,3,0,2,0,0,0,0,338,0,4,Matches
159,José David Ramírez,mx MEX,"MF,DF",León,29-142,1995,13.4,601,563,36,7,1,7,15,29,0,0,0,0,538,2,8,Matches
160,Víctor Dávila,cl CHI,"FW,MF",América,27-182,1997,12.8,411,382,25,2,1,3,24,3,9,4,1,0,326,4,8,Matches
161,Diego De Buen,mx MEX,MF,Puebla,33-306,1991,15.9,519,468,49,29,1,2,2,8,0,0,0,0,405,2,9,Matches
162,Diego De Buen,mx MEX,"MF,DF",Necaxa,33-306,1991,8.1,303,272,30,5,2,1,5,24,0,0,0,0,231,1,3,Matches
163,Sergio De los Ríos,mx MEX,"MF,DF",Pachuca,21-311,2003,1.2,69,67,2,0,1,0,3,1,1,0,1,0,58,0,2,Matches
164,Gustavo Del Prete,ar ARG,"MF,FW",Atlas,28-327,1996,6.2,193,160,33,10,0,0,29,3,18,9,8,0,132,0,5,Matches
165,Gustavo Del Prete,ar ARG,"MF,FW",Mazatlán,28-327,1996,2.6,97,91,6,2,0,0,6,0,4,2,1,0,77,0,2,Matches
166,Everardo Del Villar,mx MEX,DF,Toluca,20-043,2005,8.6,455,436,19,0,0,6,2,10,0,0,0,0,408,0,5,Matches
167,Diego Delgadillo,mx MEX,FW,Guadalajara,21-104,2004,0.1,1,1,0,0,0,0,0,0,0,0,0,0,0,0,0,Matches
168,Arturo Delgado,mx MEX,GK,FC Juárez,23-076,2002,2.0,79,58,21,2,0,0,0,0,0,0,0,0,56,0,0,Matches
169,Nelson Deossa,co COL,MF,Pachuca,25-088,2000,13.5,656,573,77,33,2,21,20,38,6,1,0,0,490,6,17,Matches
170,Nelson Deossa,co COL,"MF,FW",Monterrey,25-088,2000,12.1,534,512,21,10,2,13,12,10,0,0,0,0,422,1,7,Matches
171,Benny Díaz,mx MEX,GK,FC Juárez,26-141,1998,11.0,402,277,125,22,0,1,0,0,0,0,0,0,301,0,1,Matches
172,Nicolás Díaz Huincales,cl CHI,DF,Tijuana,25-350,1999,7.5,378,309,68,7,0,1,7,61,0,0,0,0,314,1,1,Matches
173,Jair Díaz,mx MEX,DF,Mazatlán,26-257,1998,22.7,958,819,131,24,2,7,33,105,0,0,0,0,712,8,19,Matches
174,Javairô Dilrosun,nl NED,"FW,MF",América,26-317,1998,11.7,405,383,21,3,2,4,30,5,13,4,0,0,323,1,14,Matches
175,Willer Ditta,co COL,DF,Cruz Azul,28-102,1997,32.7,2117,2016,99,56,4,31,5,42,0,0,0,0,1854,2,11,Matches
Rk,Player,Nation,Pos,Squad,Age,Born,90s,Att,Live,Dead,FK,TB,Sw,Crs,TI,CK,In,Out,Str,Cmp,Off,Blocks,Matches
176,Alexei Dominguez,mx MEX,"FW,MF",Pachuca,20-122,2005,1.9,72,71,1,0,0,0,8,1,0,0,0,0,50,0,5,Matches
177,Idekel Domínguez,mx MEX,DF,Atlas,24-337,2000,6.5,222,175,46,2,1,2,13,43,0,0,0,0,150,1,10,Matches
178,Joel Domínguez,mx MEX,MF,Monterrey,20-116,2005,0.0,4,4,0,0,0,0,0,0,0,0,0,0,4,0,0,Matches
179,Jose Domínguez,py PAR,DF,Querétaro,28-289,1996,20.5,708,661,45,29,0,16,1,11,0,0,0,0,592,2,7,Matches
180,Juan Domínguez,mx MEX,"FW,MF",Toluca,26-187,1998,16.4,660,607,50,5,0,4,35,38,7,3,3,0,534,3,13,Matches
181,Julio Domínguez,mx MEX,DF,Atlético,37-178,1987,19.9,1091,1066,24,17,0,2,1,6,0,0,0,0,972,1,3,Matches
182,Misael Domínguez,mx MEX,"FW,MF",Querétaro,25-190,1999,0.9,30,25,4,0,1,0,0,3,0,0,0,0,23,1,2,Matches
183,Dória,br BRA,DF,Atlas,30-178,1994,29.0,1294,1136,156,37,0,15,3,115,0,0,0,0,1027,2,10,Matches
184,Jonathan dos Santos,mx MEX,MF,América,35-009,1990,12.5,901,865,32,26,0,8,5,3,0,0,0,0,834,4,3,Matches
185,Rodrigo Dourado,br BRA,MF,Atlético,30-322,1994,32.7,1660,1530,125,111,0,15,9,14,0,0,0,0,1457,5,18,Matches
186,Anderson Duarte,uy URU,"MF,FW",Toluca,21-043,2004,1.5,47,42,4,0,0,0,5,0,4,0,2,0,34,1,3,Matches
187,Anderson Duarte,uy URU,"FW,MF",Mazatlán,21-043,2004,6.5,89,76,13,2,1,0,6,4,0,0,0,0,68,0,5,Matches
188,Rubén Duarte,es ESP,DF,UNAM,29-199,1995,25.5,1483,1295,182,73,1,24,34,106,0,0,0,0,1254,6,11,Matches
189,Jeyson Duran,mx MEX,MF,Cruz Azul,20-099,2005,0.1,5,5,0,0,0,0,0,0,0,0,0,0,3,0,0,Matches
190,Rafael Durán,mx MEX,"MF,FW",Puebla,27-258,1997,1.7,25,25,0,0,0,0,3,0,0,0,0,0,13,0,3,Matches
191,Emmanuel Echeverría,mx MEX,DF,Santos,21-213,2003,24.0,1084,872,211,19,0,4,79,192,0,0,0,0,826,1,49,Matches
192,Rodrigo Echeverría,cl CHI,"MF,FW",León,30-018,1995,13.9,656,633,23,11,1,8,2,12,0,0,0,0,576,0,11,Matches
193,Edson,br BRA,DF,FC Juárez,27-011,1998,5.8,334,246,88,11,0,3,6,77,0,0,0,0,268,0,7,Matches
194,José Eduardo Castillo,mx MEX,DF,Pachuca,21-078,2004,1.0,60,53,7,0,0,0,1,7,0,0,0,0,47,0,1,Matches
195,Javier Eduardo López,mx MEX,"MF,FW",Pachuca,30-230,1994,4.7,271,219,49,15,6,0,33,7,26,15,4,1,214,3,3,Matches
196,Jorge Eduardo Sánchez,mx MEX,"DF,FW",Cruz Azul,27-146,1997,25.5,1349,1094,250,13,2,6,83,237,0,0,0,0,1093,5,35,Matches
197,Francisco Eduardo Venegas,mx MEX,DF,Querétaro,26-293,1998,21.5,875,721,151,31,3,16,30,113,7,1,6,0,658,3,12,Matches
198,Luis Enrique Quiñones,co COL,"FW,MF",Puebla,33-313,1991,15.2,631,575,53,14,1,2,43,11,14,5,5,0,451,3,21,Matches
199,Luis Enrique Quiñones,co COL,"FW,MF",UANL,33-313,1991,1.9,78,73,5,0,0,1,8,1,4,3,0,0,58,0,2,Matches
200,Robert Ergas,uy URU,DF,UNAM,27-110,1998,25.0,1103,912,188,18,0,7,131,154,16,11,4,0,822,3,32,Matches
Rk,Player,Nation,Pos,Squad,Age,Born,90s,Att,Live,Dead,FK,TB,Sw,Crs,TI,CK,In,Out,Str,Cmp,Off,Blocks,Matches
201,Carlos Ernesto Cisneros,mx MEX,"FW,MF",Guadalajara,31-248,1993,3.6,118,99,18,1,1,1,26,5,12,8,2,0,84,1,3,Matches
202,Carlos Ernesto Cisneros,mx MEX,"FW,MF",León,31-248,1993,2.2,59,57,2,0,0,1,4,2,0,0,0,0,49,0,3,Matches
203,Kevin Escamilla,mx MEX,"MF,DF",Querétaro,31-073,1994,22.1,817,773,39,39,0,11,1,0,0,0,0,0,698,5,7,Matches
204,Alonso Escoboza,mx MEX,"DF,MF",Mazatlán,32-103,1993,9.6,431,337,93,11,0,2,59,58,24,5,11,0,291,1,16,Matches
205,Dagoberto Espinoza,mx MEX,"DF,MF",América,21-018,2004,11.0,520,433,87,8,0,1,18,79,0,0,0,0,430,0,12,Matches
206,Luis Espinoza,mx MEX,"DF,FW",Santos,21-101,2004,1.8,74,62,12,0,0,1,1,12,0,0,0,0,58,0,4,Matches
207,Ángel Estrada,mx MEX,MF,León,22-105,2003,14.6,486,471,11,8,0,10,5,2,1,0,0,0,401,4,11,Matches
208,Oscar Estupiñan,co COL,FW,FC Juárez,28-127,1996,21.1,374,315,56,0,1,4,10,1,0,0,0,0,249,3,12,Matches
209,José Eulogio,mx MEX,GK,Pachuca,21-083,2004,2.0,43,26,17,1,0,0,0,0,0,0,0,0,34,0,0,Matches
210,Franco Fagúndez,uy URU,"MF,FW",Santos,24-290,2000,9.1,548,457,90,28,1,11,77,7,54,31,21,0,403,1,7,Matches
211,Lorenzo Faravelli,ar ARG,MF,Cruz Azul,32-037,1993,23.1,1180,1124,52,26,6,11,14,19,4,0,1,0,1016,4,11,Matches
212,Juan Fedorco,ar ARG,DF,Puebla,24-158,2000,9.2,228,219,8,8,0,1,1,0,0,0,0,0,180,1,0,Matches
213,Carlos Felipe Rodríguez,mx MEX,GK,UANL,36-032,1989,3.0,75,50,25,6,0,0,0,0,0,0,0,0,54,0,0,Matches
214,Gabriel Fernández,uy URU,FW,Cruz Azul,30-357,1994,7.6,136,123,12,0,0,0,12,3,0,0,0,0,80,1,10,Matches
215,Joaquín Fernández,uy URU,DF,Tijuana,26-103,1999,2.2,83,60,22,3,0,1,2,19,0,0,0,0,63,1,2,Matches
216,Rafael Fernández,mx MEX,DF,Tijuana,24-273,2000,19.5,1219,1087,130,38,0,4,15,83,0,0,0,0,1022,2,22,Matches
217,Gustavo Ferrareis,br BRA,"DF,MF",Puebla,29-123,1996,23.2,877,679,193,10,0,12,45,183,0,0,0,0,657,5,27,Matches
218,Álvaro Fidalgo,es ESP,MF,América,28-026,1997,23.8,1795,1716,70,51,6,17,47,8,11,4,0,0,1582,9,28,Matches
219,Sebastián Fierro,mx MEX,MF,León,23-261,2001,2.1,102,97,4,4,0,0,0,0,0,0,0,0,89,1,0,Matches
220,Iker Fimbres,mx MEX,MF,Monterrey,19-337,2005,14.3,747,733,12,10,0,7,3,1,0,0,0,0,646,2,11,Matches
221,Daniel Flores,us USA,DF,Guadalajara,21-359,2003,0.1,3,1,2,0,0,0,0,2,0,0,0,0,2,0,0,Matches
222,Jonathan Flores,mx MEX,DF,UNAM,18-295,2006,1.0,46,31,14,1,0,0,0,12,0,0,0,0,36,1,2,Matches
223,Leonardo Flores,mx MEX,"FW,MF",Atlas,22-014,2003,7.4,198,181,17,0,0,2,12,16,0,0,0,0,126,0,10,Matches
224,Marcelo Flores,mx MEX,"FW,MF",UANL,21-216,2003,11.3,479,458,17,1,1,1,50,13,3,3,0,0,379,4,16,Matches
225,Nicolas Fonseca,uy URU,MF,León,26-198,1998,13.3,660,640,16,13,0,12,2,2,1,0,0,0,581,4,8,Matches
Rk,Player,Nation,Pos,Squad,Age,Born,90s,Att,Live,Dead,FK,TB,Sw,Crs,TI,CK,In,Out,Str,Cmp,Off,Blocks,Matches
226,Alexis Francisco Peña,mx MEX,DF,Necaxa,29-112,1996,17.0,686,631,52,16,0,2,0,4,0,0,0,0,614,3,1,Matches
227,Ramiro Franco,mx MEX,DF,Tijuana,21-192,2003,7.1,309,259,49,10,0,3,0,38,0,0,0,0,267,1,1,Matches
228,Ramiro Franco,mx MEX,DF,Mazatlán,21-192,2003,4.1,182,171,10,8,0,5,1,2,0,0,0,0,155,1,1,Matches
229,Adonis Frías,ar ARG,"DF,MF",León,27-049,1998,9.5,463,449,13,7,1,4,4,6,0,0,0,0,407,1,3,Matches
230,Raymundo Fulgencio,mx MEX,"FW,MF",Atlas,25-082,2000,11.7,521,426,95,32,0,7,106,8,54,17,30,0,376,0,8,Matches
231,Raymundo Fulgencio,mx MEX,FW,UANL,25-082,2000,1.8,75,72,3,0,0,2,8,2,1,1,0,0,56,0,0,Matches
232,Rogelio Funes Mori,mx MEX,FW,UNAM,34-061,1991,13.3,292,271,20,0,1,1,3,1,0,0,0,0,223,1,8,Matches
233,Eduardo Gabriel,br BRA,DF,Pachuca,29-081,1996,14.4,593,561,30,27,1,1,0,3,0,0,0,0,519,2,5,Matches
234,Benjamín Galdames,mx MEX,"MF,FW",Atlético,24-070,2001,5.6,329,272,56,6,0,6,26,43,7,2,3,0,245,1,11,Matches
235,José Galindo,mx MEX,"DF,MF",UNAM,27-112,1998,0.6,18,16,2,1,0,0,0,1,0,0,0,0,14,0,0,Matches
236,Jesús Gallardo,mx MEX,DF,Toluca,30-263,1994,28.2,1523,1288,227,21,0,6,68,203,3,0,2,0,1221,8,38,Matches
237,Bryan Gamboa,mx MEX,"MF,FW",Cruz Azul,23-053,2002,0.4,9,9,0,0,0,0,0,0,0,0,0,0,3,0,1,Matches
238,Aitor García,es ESP,"FW,MF",FC Juárez,31-041,1994,4.7,157,147,8,2,0,3,13,5,1,0,0,0,115,2,6,Matches
239,Amaury García,mx MEX,"MF,FW",Cruz Azul,23-137,2001,0.2,14,14,0,0,0,0,0,0,0,0,0,0,11,0,1,Matches
240,Brian García,mx MEX,DF,Toluca,27-186,1997,17.1,1006,824,181,14,0,13,38,164,3,0,2,0,803,1,17,Matches
241,Denzell García,mx MEX,"DF,MF",FC Juárez,21-263,2003,16.6,881,708,172,19,1,13,14,148,4,1,2,0,728,1,11,Matches
242,Eduardo García,mx MEX,GK,Guadalajara,22-298,2002,2.0,65,42,23,4,0,0,0,0,0,0,0,0,49,0,0,Matches
243,Francisco García,mx MEX,FW,América,21-209,2003,0.2,2,1,0,0,0,0,0,0,0,0,0,0,1,1,0,Matches
244,Gael García,mx MEX,FW,Guadalajara,16-335,2008,0.0,4,4,0,0,0,0,0,0,0,0,0,0,3,0,0,Matches
245,Jorge García,mx MEX,"MF,FW",Cruz Azul,23-103,2002,0.9,27,26,1,0,0,1,1,1,0,0,0,0,23,0,1,Matches
246,José García,mx MEX,DF,FC Juárez,28-317,1996,14.3,675,611,63,32,0,6,0,1,0,0,0,0,581,1,3,Matches
247,Luan Garcia,br BRA,DF,Toluca,31-360,1993,24.5,1273,1214,56,31,1,8,4,2,0,0,0,0,1130,3,6,Matches
248,Luis García,mx MEX,"MF,FW",Puebla,32-041,1993,1.3,45,40,5,0,0,0,20,5,0,0,0,0,19,0,4,Matches
249,Mateo García,ar ARG,"MF,FW",Atlas,28-237,1996,4.5,213,205,7,2,0,0,11,0,5,0,4,0,176,1,5,Matches
250,Miguel Garcia,mx MEX,"DF,MF",Atlético,23-203,2001,9.5,592,574,15,13,0,1,5,2,0,0,0,0,508,3,5,Matches
Rk,Player,Nation,Pos,Squad,Age,Born,90s,Att,Live,Dead,FK,TB,Sw,Crs,TI,CK,In,Out,Str,Cmp,Off,Blocks,Matches
251,Bryan Garnica,mx MEX,"FW,DF",Puebla,28-343,1996,2.3,84,70,13,3,0,0,10,6,3,0,3,0,63,1,0,Matches
252,Bryan Garnica,mx MEX,"FW,DF",Necaxa,28-343,1996,11.1,438,373,63,5,1,1,43,50,8,3,4,0,334,2,10,Matches
253,César Garza,mx MEX,MF,Monterrey,19-308,2005,0.2,9,9,0,0,0,0,0,0,0,0,0,0,8,0,0,Matches
254,Jesús Garza,mx MEX,DF,UANL,24-333,2000,14.0,741,593,142,10,0,0,37,131,1,0,1,0,613,6,9,Matches
255,Giorgos Giakoumakis,gr GRE,FW,Cruz Azul,30-147,1994,14.8,218,202,16,0,1,0,2,0,0,0,0,0,162,0,5,Matches
256,André-Pierre Gignac,fr FRA,FW,UANL,39-151,1985,12.3,235,206,26,1,0,9,10,3,1,0,0,0,175,3,5,Matches
257,Faber Gil,co COL,"FW,MF",Pachuca,30-052,1995,3.1,105,101,3,0,0,0,17,3,0,0,0,0,81,1,3,Matches
258,Said Godínez,mx MEX,MF,Mazatlán,20-191,2004,2.3,74,71,3,3,0,1,1,0,0,0,0,0,58,0,1,Matches
259,Alejandro Gómez,mx MEX,"DF,MF",Tijuana,23-094,2002,22.8,1228,1078,148,54,3,14,20,81,0,0,0,0,964,2,28,Matches
260,Diego Gómez,mx MEX,"MF,FW",Necaxa,21-237,2003,5.1,136,136,0,0,0,0,0,0,0,0,0,0,111,0,2,Matches
261,Emiliano Gómez,uy URU,"FW,MF",Puebla,23-229,2001,22.8,430,399,31,0,0,2,35,8,1,1,0,0,308,0,30,Matches
262,Luis Gómez,mx MEX,"DF,FW",Santos,18-123,2007,0.3,17,16,1,0,0,0,1,0,0,0,0,0,10,0,2,Matches
263,Miguel Gómez,mx MEX,DF,Guadalajara,22-218,2002,6.2,281,232,47,2,0,5,15,45,0,0,0,0,233,2,6,Matches
264,Jaime Gómez Valencia,mx MEX,"DF,MF",Querétaro,31-292,1993,11.8,473,407,65,16,0,0,19,49,0,0,0,0,390,1,8,Matches
265,Alfonso González,mx MEX,"FW,MF",Pachuca,30-242,1994,7.7,311,284,27,11,0,3,13,2,12,4,1,0,244,0,10,Matches
266,Armando González,mx MEX,FW,Guadalajara,22-015,2003,7.2,124,113,11,0,0,0,3,2,0,0,0,0,81,0,6,Matches
267,Bryan González,mx MEX,DF,Pachuca,22-025,2003,28.6,1603,1312,283,36,0,12,45,241,6,2,0,0,1345,8,38,Matches
268,Pablo González Díaz,mx MEX,MF,Puebla,32-302,1992,21.1,619,596,22,13,0,7,11,2,4,1,2,0,499,1,13,Matches
269,Diego González,py PAR,"MF,FW",Atlas,22-118,2003,8.6,325,251,69,21,1,2,63,6,41,26,14,0,190,5,18,Matches
270,Hugo González Durán,mx MEX,GK,Mazatlán,34-277,1990,33.5,1114,748,364,77,0,6,0,0,0,0,0,0,801,2,0,Matches
271,Carlos González Espínola,py PAR,FW,Tijuana,32-090,1993,6.4,157,142,14,0,0,1,0,0,0,0,0,0,108,1,3,Matches
272,Fernando González,mx MEX,"FW,MF",Querétaro,24-009,2001,2.0,92,82,8,2,0,1,13,1,5,3,1,0,60,2,3,Matches
273,Jair González,mx MEX,"MF,FW",Puebla,23-062,2002,1.9,54,50,3,0,0,2,7,3,0,0,0,0,34,1,2,Matches
274,Jonathan González,mx MEX,MF,FC Juárez,26-022,1999,12.4,504,492,12,12,0,2,1,0,0,0,0,0,444,0,4,Matches
275,Mateo González Mora,mx MEX,DF,Puebla,16-101,2009,0.2,1,1,0,0,0,0,0,0,0,0,0,0,0,0,0,Matches
Rk,Player,Nation,Pos,Squad,Age,Born,90s,Att,Live,Dead,FK,TB,Sw,Crs,TI,CK,In,Out,Str,Cmp,Off,Blocks,Matches
276,Owen González,mx MEX,FW,Pachuca,21-289,2003,12.7,454,431,21,4,1,0,44,13,3,0,0,0,345,2,14,Matches
277,Fernando Gorriarán,uy URU,MF,UANL,30-159,1994,28.6,1609,1550,54,31,3,27,43,12,8,1,3,0,1340,5,30,Matches
278,Ismael Govea,mx MEX,DF,Santos,28-074,1997,11.2,572,508,63,13,0,21,14,45,0,0,0,0,465,1,8,Matches
279,Omar Govea,mx MEX,MF,Guadalajara,29-107,1996,5.0,337,323,13,7,0,4,16,1,5,4,1,0,282,1,3,Matches
280,Andrés Guardado,mx MEX,MF,León,38-219,1986,15.3,774,719,50,29,1,7,19,10,9,2,4,0,668,5,4,Matches
281,Andrés Gudiño,mx MEX,GK,Cruz Azul,28-098,1997,1.0,37,31,6,1,0,0,0,0,0,0,0,0,36,0,0,Matches
282,Javier Güemez,mx MEX,MF,Santos,33-200,1991,15.4,774,737,34,26,2,7,11,5,3,1,0,0,640,3,9,Matches
283,Javier Güemez,mx MEX,MF,Atlético,33-200,1991,10.0,537,514,21,10,2,9,12,6,5,1,2,0,440,2,10,Matches
284,Edgar Guerra,co COL,"DF,MF",León,24-057,2001,11.9,442,353,89,7,0,6,26,80,1,0,1,0,339,0,12,Matches
285,Carlos Guillen,mx MEX,"MF,FW",Atlas,21-115,2004,3.3,147,132,14,5,0,1,14,2,7,2,1,0,119,1,4,Matches
286,Daniel Guillén,mx MEX,DF,Atlético,23-273,2001,7.6,418,403,15,10,0,5,0,5,0,0,0,0,349,0,5,Matches
287,Emanuel Gularte,uy URU,DF,Puebla,27-217,1997,27.9,909,852,53,33,2,10,11,15,0,0,0,0,699,4,14,Matches
288,Alex Gutiérrez,mx MEX,MF,Necaxa,16-308,2008,0.1,0,0,0,0,0,0,0,0,0,0,0,0,0,0,0,Matches
289,Alexis Gutiérrez,mx MEX,"MF,FW",Cruz Azul,25-068,2000,18.8,726,656,67,12,2,2,64,10,44,5,33,0,597,3,18,Matches
290,Luis Gutiérrez Castellanos,mx MEX,MF,Santos,23-093,2002,6.0,249,234,14,12,0,3,2,2,0,0,0,0,224,1,2,Matches
291,Edson Gutiérrez,mx MEX,DF,Santos,29-106,1996,11.7,608,574,32,23,0,5,0,5,0,0,0,0,528,2,4,Matches
292,Edson Gutiérrez,mx MEX,DF,Monterrey,29-106,1996,6.5,330,270,60,5,0,4,20,55,0,0,0,0,270,0,9,Matches
293,Erick Gutiérrez,mx MEX,MF,Guadalajara,29-324,1995,24.5,1178,1117,53,38,4,17,21,4,6,4,2,0,988,8,19,Matches
294,Luis Gutiérrez,mx MEX,DF,Cruz Azul,23-200,2001,0.0,4,4,0,0,0,0,0,0,0,0,0,0,3,0,0,Matches
295,Ricardo Gutiérrez,mx MEX,GK,Mazatlán,27-322,1997,0.5,15,11,4,1,0,0,0,0,0,0,0,0,12,0,0,Matches
296,Jorge Guzmán,mx MEX,"MF,DF",Atlas,21-143,2003,4.2,159,136,21,1,0,2,14,19,1,0,0,0,116,2,4,Matches
297,Nahuel Guzmán,ar ARG,GK,UANL,39-084,1986,28.0,1035,787,244,59,0,3,0,1,0,0,0,0,832,4,1,Matches
298,Víctor Guzmán,mx MEX,"FW,MF",Guadalajara,30-091,1995,7.8,391,340,49,18,0,10,43,2,25,13,8,0,308,2,5,Matches
299,Víctor Guzmán,mx MEX,DF,Monterrey,23-059,2002,15.6,828,795,32,21,0,5,0,1,0,0,0,0,712,1,5,Matches
300,Helinho,br BRA,"FW,MF",Toluca,25-010,2000,8.1,328,300,26,6,1,2,30,3,17,6,7,0,233,2,16,Matches
Rk,Player,Nation,Pos,Squad,Age,Born,90s,Att,Live,Dead,FK,TB,Sw,Crs,TI,CK,In,Out,Str,Cmp,Off,Blocks,Matches
301,Diego Hernández,uy URU,"MF,FW",León,24-317,2000,8.6,320,255,64,19,2,2,57,16,29,2,18,0,221,1,7,Matches
302,Illian Hernandez,mx MEX,"FW,DF",América,25-023,2000,1.4,17,17,0,0,0,0,2,0,0,0,0,0,12,0,1,Matches
303,Illian Hernandez,mx MEX,"FW,MF",Pachuca,25-023,2000,0.8,11,10,1,0,0,0,0,0,0,0,0,0,10,0,0,Matches
304,Javier Hernández,mx MEX,FW,Guadalajara,36-338,1988,10.1,128,106,20,0,1,2,5,0,0,0,0,0,93,2,3,Matches
305,Jesús Hernández,mx MEX,FW,Tijuana,21-116,2004,0.5,6,6,0,0,0,0,0,0,0,0,0,0,5,0,0,Matches
306,Jesús Hernández,mx MEX,"FW,MF",León,23-277,2001,1.9,57,49,8,2,0,1,13,0,6,2,3,0,36,0,1,Matches
307,Jorge Hernández,mx MEX,GK,Querétaro,26-149,1998,9.0,223,113,109,24,0,0,0,0,0,0,0,0,123,1,0,Matches
308,Pedro Hernández,mx MEX,MF,León,24-186,2000,0.0,0,0,0,0,0,0,0,0,0,0,0,0,0,0,0,Matches
309,Sebastián Hernández,mx MEX,"MF,FW",Querétaro,21-053,2004,6.5,159,142,17,4,0,0,8,13,0,0,0,0,118,0,8,Matches
310,Sergio Hernández,mx MEX,"MF,FW",Pachuca,22-229,2002,7.9,214,194,20,0,0,0,23,14,6,4,0,0,151,0,14,Matches
311,Alberto Herrera,mx MEX,"MF,FW",Puebla,24-071,2001,10.6,367,339,27,7,0,8,24,10,9,3,6,0,268,1,14,Matches
312,Héctor Herrera,mx MEX,MF,Toluca,35-016,1990,5.1,453,423,29,27,0,1,5,0,1,0,0,0,396,1,8,Matches
313,Ozziel Herrera,mx MEX,"FW,MF",UANL,23-347,2001,12.6,396,385,9,3,1,2,31,4,2,0,0,0,282,2,19,Matches
314,Héctor Holguín,mx MEX,GK,Santos,24-011,2001,1.0,46,35,11,1,0,0,0,0,0,0,0,0,39,0,0,Matches
315,Santiago Homenchenko,uy URU,MF,Pachuca,21-248,2003,5.2,353,330,21,17,0,19,1,3,0,0,0,0,291,2,5,Matches
316,César Huerta,mx MEX,"FW,MF",UNAM,24-153,2000,14.3,513,438,71,12,0,7,80,12,41,14,19,0,369,4,15,Matches
317,Rodrigo Huescas,mx MEX,DF,Cruz Azul,21-229,2003,1.0,43,37,6,0,0,0,2,6,0,0,0,0,39,0,1,Matches
318,Avilés Hurtado,co COL,"FW,MF",FC Juárez,38-015,1987,4.8,188,182,6,0,0,1,16,4,2,2,0,0,136,0,7,Matches
319,Nicolás Ibáñez,ar ARG,FW,UANL,30-255,1994,21.4,365,330,34,0,1,1,17,3,0,0,0,0,260,1,17,Matches
320,Oussama Idrissi,ma MAR,"FW,MF",Pachuca,29-068,1996,26.1,1320,1178,135,20,4,62,67,83,31,19,1,0,1054,7,28,Matches
321,Jefferson Intriago,ec ECU,MF,Mazatlán,28-335,1996,10.4,472,449,22,18,0,1,0,4,0,0,0,0,429,1,2,Matches
322,Hugo Isaác Rodríguez,mx MEX,DF,Santos,34-331,1990,0.8,28,27,0,0,0,0,0,0,0,0,0,0,21,1,0,Matches
323,Mauricio Isais,mx MEX,"DF,MF",León,24-026,2001,3.0,106,94,9,0,0,0,7,9,0,0,0,0,74,3,5,Matches
324,Omar Israel Mendoza,mx MEX,DF,Querétaro,36-189,1988,21.8,962,764,190,23,2,6,40,167,0,0,0,0,702,8,24,Matches
325,José Iván Rodríguez,mx MEX,MF,Necaxa,28-322,1996,13.6,566,550,16,15,1,1,2,0,0,0,0,0,491,0,7,Matches
Rk,Player,Nation,Pos,Squad,Age,Born,90s,Att,Live,Dead,FK,TB,Sw,Crs,TI,CK,In,Out,Str,Cmp,Off,Blocks,Matches
326,Tristhan Jaimes,mx MEX,"MF,FW",Puebla,22-046,2003,0.3,11,10,1,0,0,0,1,1,0,0,0,0,7,0,1,Matches
327,Cristian Jiménez,mx MEX,"DF,MF",Cruz Azul,22-291,2002,0.5,39,39,0,0,0,0,0,0,0,0,0,0,36,0,1,Matches
328,Oscar Jiménez,mx MEX,GK,León,36-205,1988,8.0,266,180,85,16,0,0,0,0,0,0,0,0,201,1,0,Matches
329,Miguel Jiménez Ponce,mx MEX,GK,Puebla,35-052,1990,24.0,671,382,287,32,0,0,0,0,0,0,0,0,346,2,2,Matches
330,Ricardo Jiménez,mx MEX,MF,Necaxa,19-013,2006,0.0,2,2,0,0,0,0,0,0,0,0,0,0,1,0,0,Matches
331,Tahiel Jiménez,mx MEX,"FW,MF",Santos,19-103,2006,10.7,199,172,27,2,2,0,0,3,0,0,0,0,153,0,5,Matches
332,Joaquim,br BRA,DF,UANL,26-128,1998,27.7,1197,1147,47,44,1,10,2,2,0,0,0,0,984,3,11,Matches
333,José Joaquín Esquivel,mx MEX,DF,Mazatlán,27-118,1998,9.0,405,352,49,15,0,3,8,34,0,0,0,0,306,4,10,Matches
334,Julio José González,mx MEX,GK,Puebla,34-012,1991,6.0,180,99,81,12,0,0,0,0,0,0,0,0,130,0,0,Matches
335,Julio José González,mx MEX,GK,UNAM,34-012,1991,13.0,432,296,136,23,0,0,0,0,0,0,0,0,308,0,0,Matches
336,Juan José Sánchez,co COL,DF,UANL,27-116,1998,7.4,510,476,32,13,0,7,4,7,0,0,0,0,455,2,3,Matches
337,José Juan Macías,mx MEX,"FW,MF",Santos,25-225,1999,0.6,9,8,1,0,0,0,0,0,0,0,0,0,8,0,0,Matches
338,Ramón Juárez,mx MEX,DF,América,23-361,2001,18.9,818,800,16,13,0,7,0,1,0,0,0,0,721,2,5,Matches
339,Jhojan Julio,ec ECU,"FW,DF",Tijuana,27-083,1998,3.7,108,108,0,0,1,1,10,0,0,0,0,0,83,0,5,Matches
340,Heriberto Jurado,mx MEX,"DF,FW",Necaxa,20-122,2005,10.5,269,235,33,3,0,1,47,24,6,3,2,0,198,1,11,Matches
341,Sebastián Jurado,mx MEX,GK,FC Juárez,27-219,1997,21.0,700,548,150,30,1,2,0,0,0,0,0,0,490,2,0,Matches
342,John Kennedy,br BRA,"MF,FW",Pachuca,22-352,2002,12.4,284,276,5,1,2,5,8,2,0,0,0,0,194,3,11,Matches
343,Mateo Klimowicz,de GER,"FW,MF",Atlético,24-303,2000,9.3,250,239,11,0,0,5,6,5,0,0,0,0,195,0,10,Matches
344,Roberto de la Rosa,mx MEX,"FW,MF",Monterrey,25-121,2000,7.1,175,167,6,0,0,3,3,0,0,0,0,0,130,2,9,Matches
345,Diego Lainez,mx MEX,"FW,DF",UANL,24-330,2000,17.8,651,589,59,13,0,5,86,23,23,14,5,0,482,3,42,Matches
346,Mauro Laínez,mx MEX,"MF,DF",Mazatlán,28-361,1996,7.4,321,295,26,3,0,0,57,22,1,0,1,0,231,0,17,Matches
347,Emilio Lara,mx MEX,DF,América,22-352,2002,0.7,38,35,3,0,0,0,1,3,0,0,0,0,29,0,1,Matches
348,Emilio Lara,mx MEX,DF,Necaxa,22-352,2002,21.8,948,721,226,18,0,8,13,208,0,0,0,0,779,1,9,Matches
349,Pablo Lara,mx MEX,GK,UNAM,19-310,2005,7.0,232,160,70,13,0,0,0,0,0,0,0,0,159,2,0,Matches
350,Israel Larios,mx MEX,"FW,MF",Atlas,21-359,2003,2.1,77,72,5,0,0,0,10,2,3,1,0,0,54,0,5,Matches
Rk,Player,Nation,Pos,Squad,Age,Born,90s,Att,Live,Dead,FK,TB,Sw,Crs,TI,CK,In,Out,Str,Cmp,Off,Blocks,Matches
351,Antonio Leone,mx MEX,DF,Monterrey,21-007,2004,1.1,49,45,4,0,0,0,0,4,0,0,0,0,44,0,0,Matches
352,Federico Lértora,ar ARG,MF,Querétaro,34-304,1990,25.9,1019,837,175,37,2,5,23,138,0,0,0,0,718,7,14,Matches
353,Mateo Levy,mx MEX,"FW,MF",Cruz Azul,18-195,2006,2.1,28,27,1,0,0,0,1,0,0,0,0,0,18,0,3,Matches
354,Emanuel Ley,mx MEX,FW,Tijuana,19-035,2006,0.2,1,1,0,0,0,0,0,0,0,0,0,0,1,0,0,Matches
355,Ángel Leyva,mx MEX,DF,Mazatlán,18-204,2006,0.1,5,5,0,0,0,0,0,0,0,0,0,0,3,0,0,Matches
356,Igor Lichnovsky,cl CHI,DF,América,31-059,1994,1.0,53,53,0,0,0,0,0,0,0,0,0,0,48,0,0,Matches
357,Erik Lira,mx MEX,"DF,MF",Cruz Azul,24-362,2000,29.1,1865,1755,110,76,0,12,12,20,0,0,0,0,1688,0,22,Matches
358,Aldo López,mx MEX,"MF,DF",Santos,24-347,2000,22.3,864,761,101,31,2,6,14,67,2,0,2,0,758,2,17,Matches
359,César López,mx MEX,"MF,FW",FC Juárez,23-059,2002,0.9,18,17,1,0,0,0,1,0,0,0,0,0,14,0,1,Matches
360,Cesar López,mx MEX,GK,Atlético,24-329,2000,4.8,198,139,59,13,0,1,0,0,0,0,0,0,143,0,0,Matches
361,Daniel López,mx MEX,"FW,MF",Querétaro,25-052,2000,0.1,2,2,0,0,0,0,1,0,0,0,0,0,1,0,0,Matches
362,Eder López,mx MEX,DF,FC Juárez,19-124,2006,2.9,195,150,45,1,0,1,8,44,0,0,0,0,141,0,4,Matches
363,Edgar López,mx MEX,"FW,MF",Toluca,26-014,1999,6.8,183,178,4,0,0,0,11,0,0,0,0,0,139,1,9,Matches
364,Pau López,es ESP,GK,Toluca,30-143,1994,10.0,433,339,93,15,0,1,0,0,0,0,0,0,369,1,0,Matches
365,Rodrigo López,mx MEX,"MF,DF",UNAM,23-174,2001,11.2,549,470,77,15,1,12,97,23,39,14,16,1,390,2,16,Matches
366,Santiago López,ca CAN,"MF,FW",UNAM,19-329,2005,1.3,20,20,0,0,0,1,2,0,0,0,0,0,14,0,0,Matches
367,Victor Lopez,mx MEX,MF,Querétaro,21-362,2003,0.5,24,21,3,0,0,0,4,0,3,1,2,0,16,0,0,Matches
368,Vladimir Loroña,mx MEX,"DF,FW",Santos,26-170,1998,2.7,127,99,28,7,0,0,2,21,0,0,0,0,104,0,2,Matches
369,Vladimir Loroña,mx MEX,"DF,MF",UANL,26-170,1998,2.8,148,130,17,2,0,0,10,15,0,0,0,0,124,1,6,Matches
370,Anthony Lozano,hn HON,FW,Santos,32-010,1993,13.8,216,183,30,0,0,0,6,0,0,0,0,0,142,3,9,Matches
371,Esteban Lozano,mx MEX,"MF,FW",América,22-056,2003,1.2,20,20,0,0,0,0,1,0,0,0,0,0,12,0,0,Matches
372,José Lozano,mx MEX,"FW,DF",Atlas,26-212,1998,24.9,647,594,51,7,1,7,60,42,2,1,1,0,417,2,43,Matches
373,José Luis Rodríguez,pa PAN,"FW,MF",FC Juárez,26-320,1998,21.5,713,663,49,12,1,9,124,7,30,13,11,0,514,1,26,Matches
374,Israel Luna,mx MEX,"DF,MF",Pachuca,23-043,2002,0.4,37,35,2,0,0,2,0,2,0,0,0,0,34,0,0,Matches
375,Oscar Macías,mx MEX,MF,Atlético,26-300,1998,24.6,1309,1243,64,51,0,20,10,4,9,6,1,0,1155,2,19,Matches
Rk,Player,Nation,Pos,Squad,Age,Born,90s,Att,Live,Dead,FK,TB,Sw,Crs,TI,CK,In,Out,Str,Cmp,Off,Blocks,Matches
376,Waldo Madrid,mx MEX,FW,Necaxa,21-253,2003,0.3,11,11,0,0,0,0,0,0,0,0,0,0,5,0,0,Matches
377,Fernando Madrigal,mx MEX,"MF,DF",Tijuana,33-174,1991,3.6,113,112,1,1,0,1,2,0,0,0,0,0,92,0,1,Matches
378,Madson,br BRA,"FW,MF",FC Juárez,25-252,1999,9.6,281,273,5,1,0,2,35,3,0,0,0,0,193,3,9,Matches
379,Lisandro Magallán,ar ARG,DF,UNAM,31-220,1993,21.1,1026,953,71,55,0,4,0,4,0,0,0,0,862,2,4,Matches
380,Luis Manuel García,mx MEX,GK,Toluca,32-125,1992,5.0,161,128,33,6,0,0,0,0,0,0,0,0,123,0,0,Matches
381,Óscar Manzanarez,mx MEX,DF,Querétaro,30-011,1995,13.5,402,368,33,8,0,4,1,25,0,0,0,0,342,1,2,Matches
382,Cristian Mares,mx MEX,"FW,MF",Puebla,20-235,2004,2.2,57,55,2,0,0,0,1,2,0,0,0,0,47,0,1,Matches
383,Antonio María,mx MEX,"FW,MF",Querétaro,21-023,2004,2.7,47,43,4,0,0,0,0,1,0,0,0,0,31,0,2,Matches
384,Ricardo Marín,mx MEX,"FW,MF",Puebla,27-048,1998,11.5,202,176,23,0,2,2,6,3,0,0,0,0,119,3,7,Matches
385,Ricardo Marín,mx MEX,"FW,MF",Guadalajara,27-048,1998,7.0,107,90,16,1,0,1,1,2,0,0,0,0,67,1,3,Matches
386,Salvador Mariscal,mx MEX,MF,Santos,22-013,2003,16.0,762,730,31,30,1,8,0,0,0,0,0,0,677,1,3,Matches
387,Ángel Márquez,mx MEX,MF,Atlas,24-318,2000,27.7,1219,1153,63,32,3,11,58,13,15,6,4,0,968,3,29,Matches
388,Henry Martín,mx MEX,FW,América,32-168,1992,18.6,462,425,36,1,2,1,3,1,0,0,0,0,322,1,29,Matches
389,Guillermo Martínez Ayala,mx MEX,FW,UNAM,30-051,1995,18.6,298,272,24,0,0,6,4,3,0,0,0,0,213,2,8,Matches
390,Gabriel Martínez,mx MEX,DF,Atlético,22-285,2002,0.2,12,12,0,0,0,0,0,0,0,0,0,0,12,0,0,Matches
391,Emilio Martínez González,mx MEX,DF,Necaxa,22-092,2003,9.2,293,224,68,4,0,2,4,64,0,0,0,0,235,1,10,Matches
392,Raúl Martínez,mx MEX,DF,Guadalajara,22-061,2003,6.8,339,318,20,3,0,3,0,1,0,0,0,0,287,1,3,Matches
393,Sebastián Martínez,mx MEX,FW,Atlético,22-010,2003,0.0,2,2,0,0,0,0,0,0,0,0,0,0,1,0,0,Matches
394,Alejandro Mayorga,mx MEX,DF,Necaxa,27-341,1997,20.8,727,582,143,13,1,4,32,130,0,0,0,0,543,2,25,Matches
395,Alan Medina,mx MEX,"MF,DF",Querétaro,27-259,1997,7.9,270,245,22,2,0,2,13,16,1,0,0,0,196,3,6,Matches
396,Alan Medina,uy URU,"MF,FW",León,27-025,1998,2.4,111,105,5,3,0,2,8,2,0,0,0,0,77,1,1,Matches
397,Diego Medina,mx MEX,"FW,DF",Santos,24-054,2001,6.3,220,192,26,2,0,2,18,24,0,0,0,0,161,2,8,Matches
398,Stefan Medina,co COL,DF,Monterrey,32-325,1992,27.7,1605,1499,104,64,0,9,20,37,1,0,0,0,1445,2,14,Matches
399,Aaron Mejía Montoya,mx MEX,"DF,MF",Tijuana,23-333,2001,20.1,898,770,127,13,0,1,12,114,0,0,0,0,749,1,19,Matches
400,Ángel Mena,ec ECU,"MF,FW",Pachuca,37-104,1988,1.9,114,95,19,7,0,1,11,2,10,4,2,0,93,0,4,Matches
Rk,Player,Nation,Pos,Squad,Age,Born,90s,Att,Live,Dead,FK,TB,Sw,Crs,TI,CK,In,Out,Str,Cmp,Off,Blocks,Matches
401,Alex Mendez,us USA,"FW,MF",FC Juárez,24-241,2000,0.7,37,35,2,0,0,0,4,1,1,0,1,0,29,0,0,Matches
402,Bruno Méndez,uy URU,DF,Toluca,25-237,1999,17.8,988,941,44,14,0,21,5,18,1,0,1,0,860,3,6,Matches
403,Stiven Mendoza,co COL,"FW,MF",León,32-312,1992,23.2,714,677,32,6,4,3,46,16,8,1,2,0,540,5,31,Matches
404,Jean Meneses,cl CHI,FW,Toluca,32-050,1993,2.8,101,92,8,0,0,0,11,2,6,1,1,0,70,1,4,Matches
405,Roberto Meraz,mx MEX,MF,Mazatlán,25-274,1999,19.8,925,882,40,32,0,11,8,5,1,1,0,0,781,3,11,Matches
406,Lucas Merolla,ar ARG,DF,Mazatlán,29-312,1995,17.5,735,697,35,24,0,6,1,7,0,0,0,0,612,3,5,Matches
407,Maximiliano Meza,ar ARG,"MF,FW",Monterrey,32-141,1992,2.2,92,83,7,2,1,1,4,5,0,0,0,0,66,2,5,Matches
408,Andrés Micolta,ec ECU,DF,Pachuca,25-333,1999,6.3,201,201,0,0,0,1,0,0,0,0,0,0,153,0,2,Matches
409,Kevin Mier,co COL,GK,Cruz Azul,24-352,2000,33.0,1472,1194,277,60,0,1,0,0,0,0,0,0,1262,1,1,Matches
410,Fernando Monárrez,mx MEX,"DF,FW",Tijuana,25-287,1999,1.2,89,81,8,0,0,0,2,8,0,0,0,0,76,0,2,Matches
411,Ricardo Monreal,mx MEX,"FW,MF",Necaxa,24-084,2001,13.5,328,313,14,3,1,1,6,7,0,0,0,0,242,1,21,Matches
412,Pablo Monroy,mx MEX,DF,UNAM,22-287,2002,11.4,540,419,120,5,0,2,30,115,0,0,0,0,415,1,11,Matches
413,Andres Montaño,mx MEX,"MF,FW",Cruz Azul,22-348,2002,7.1,342,303,39,10,3,0,32,3,25,6,17,0,249,0,10,Matches
414,Alán Montes,mx MEX,DF,Necaxa,24-191,2000,15.7,513,489,23,17,0,11,2,4,0,0,0,0,400,1,5,Matches
415,Elias Montiel,mx MEX,MF,Pachuca,19-210,2005,24.6,1479,1307,164,85,3,59,75,5,67,20,30,0,1238,8,22,Matches
416,Adrián Mora,mx MEX,DF,Atlas,27-263,1997,8.5,316,295,19,10,0,5,0,4,0,0,0,0,246,2,2,Matches
417,Gilberto Mora,mx MEX,"MF,FW",Tijuana,16-203,2008,15.1,752,693,56,16,0,3,25,13,20,3,4,0,647,3,17,Matches
418,Amaury Morales,mx MEX,"FW,MF",Cruz Azul,19-153,2005,6.8,198,182,16,2,0,0,7,6,5,0,0,0,172,0,7,Matches
419,Robert Morales,py PAR,FW,Toluca,26-049,1999,6.8,141,134,7,0,0,0,2,0,0,0,0,0,108,0,10,Matches
420,Carlos Moreno,mx MEX,GK,Pachuca,27-096,1998,32.0,923,586,336,60,0,2,0,0,0,0,0,0,695,1,2,Matches
421,Héctor Moreno,mx MEX,DF,Monterrey,37-108,1988,14.7,898,837,61,34,0,3,0,13,0,0,0,0,820,0,2,Matches
422,Iker Moreno,mx MEX,DF,Atlético,21-233,2003,1.9,131,102,28,3,0,2,3,25,0,0,0,0,103,1,2,Matches
423,Iván Moreno,mx MEX,"MF,DF",León,27-108,1998,13.4,449,404,41,4,4,2,24,36,1,0,0,1,331,4,21,Matches
424,Omar Moreno,mx MEX,"FW,MF",Mazatlán,20-095,2005,4.6,76,73,3,0,0,1,10,0,1,0,1,0,53,0,4,Matches
425,Joaquín Moxica,mx MEX,FW,Monterrey,19-098,2006,0.3,5,5,0,0,0,0,0,0,0,0,0,0,3,0,0,Matches
Rk,Player,Nation,Pos,Squad,Age,Born,90s,Att,Live,Dead,FK,TB,Sw,Crs,TI,CK,In,Out,Str,Cmp,Off,Blocks,Matches
426,Franco Moyano,ar ARG,MF,Puebla,27-234,1997,13.8,638,582,55,35,0,4,24,0,20,8,8,0,553,1,12,Matches
427,Alan Mozo,mx MEX,DF,Guadalajara,28-030,1997,22.2,1157,929,225,21,0,7,113,202,2,0,1,0,890,3,31,Matches
428,Guillermo Muñoz,mx MEX,"DF,FW",Santos,20-217,2004,3.7,140,125,15,1,0,1,15,13,1,0,0,0,94,0,4,Matches
429,Santiago Muñóz,mx MEX,"FW,MF",Santos,22-264,2002,13.6,349,327,21,5,1,2,5,4,0,0,0,0,301,1,4,Matches
430,Jhon Murillo,ve VEN,"FW,DF",Atlético,29-165,1995,3.8,164,141,21,0,0,0,5,21,0,0,0,0,133,2,4,Matches
431,Jhon Murillo,ve VEN,"FW,DF",Atlas,29-165,1995,14.0,347,319,27,1,0,0,29,25,0,0,0,0,265,1,14,Matches
432,Luis Nájera,mx MEX,"MF,FW",Atlético,22-070,2003,14.1,543,504,39,10,0,9,30,6,17,5,7,0,433,0,18,Matches
433,Gonzalo Nápoli,uy URU,"MF,FW",León,24-362,2000,0.1,21,18,3,0,0,0,2,2,1,0,1,0,14,0,0,Matches
434,Luis Navarrete,mx MEX,MF,Toluca,18-255,2006,0.1,2,1,1,0,0,0,0,1,0,0,0,0,1,0,0,Matches
435,Santiago Naveda,mx MEX,MF,Santos,24-019,2001,10.5,327,315,11,9,1,6,0,2,0,0,0,0,285,1,6,Matches
436,Hugo Nervo,ar ARG,DF,Atlas,34-119,1991,30.9,1289,1175,112,58,0,4,2,30,0,0,0,0,1060,2,10,Matches
437,Francisco Nevarez,mx MEX,"DF,MF",FC Juárez,24-153,2000,1.6,67,52,15,1,0,1,3,14,0,0,0,0,48,0,5,Matches
438,Shamar Nicholson,jm JAM,FW,Tijuana,28-050,1997,4.7,95,79,16,1,0,1,3,0,0,0,0,0,65,0,3,Matches
439,Santiago Núñez,ar ARG,DF,Santos,25-006,2000,8.8,433,414,18,12,0,1,0,0,0,0,0,0,357,1,4,Matches
440,Joan Nungaray,mx MEX,FW,Puebla,20-189,2004,0.0,0,0,0,0,0,0,0,0,0,0,0,0,0,0,0,Matches
441,Lucas Ocampos,ar ARG,"FW,MF",Monterrey,30-298,1994,13.9,558,532,24,0,3,6,35,20,3,0,0,0,401,2,23,Matches
442,Diego Ochoa,mx MEX,DF,Guadalajara,20-015,2005,0.5,33,23,9,1,0,0,3,8,0,0,0,0,24,1,1,Matches
443,Agustín Oliveros,uy URU,DF,Necaxa,26-261,1998,25.3,938,808,128,29,0,10,9,84,0,0,0,0,736,2,14,Matches
444,Sebastián Olmedo,py PAR,DF,Puebla,23-318,2001,6.2,247,241,6,3,0,0,2,0,0,0,0,0,213,0,2,Matches
445,Fernando Ordóñez,mx MEX,DF,UANL,23-337,2001,0.2,16,15,1,0,0,0,0,1,0,0,0,0,15,0,0,Matches
446,Santiago Ormeño,pe PER,FW,Puebla,31-090,1994,5.4,111,99,12,1,0,0,0,0,0,0,0,0,84,0,4,Matches
447,Efraín Orona,mx MEX,DF,Puebla,26-072,1999,31.1,1127,1043,80,40,1,17,13,39,0,0,0,0,835,4,17,Matches
448,Jesús Orozco,mx MEX,DF,Cruz Azul,23-075,2002,12.2,639,608,30,12,1,9,5,18,0,0,0,0,530,1,6,Matches
449,Jesús Orozco,mx MEX,DF,Guadalajara,23-075,2002,14.1,777,729,46,21,1,17,1,7,0,0,0,0,639,2,9,Matches
450,Ralph Orquin,us USA,DF,FC Juárez,22-020,2003,30.8,1377,1026,346,29,1,4,65,309,8,2,4,0,1080,5,23,Matches
Rk,Player,Nation,Pos,Squad,Age,Born,90s,Att,Live,Dead,FK,TB,Sw,Crs,TI,CK,In,Out,Str,Cmp,Off,Blocks,Matches
451,Carlos Orrantía,mx MEX,DF,Toluca,34-093,1991,2.1,122,86,36,3,0,0,15,33,0,0,0,0,94,0,1,Matches
452,Carlos Orrantía,mx MEX,"DF,MF",Atlas,34-093,1991,7.5,293,228,64,2,0,2,30,58,4,2,2,0,223,1,11,Matches
453,Haret Ortega,mx MEX,"DF,MF",FC Juárez,24-351,2000,8.2,300,277,23,15,0,2,0,3,0,0,0,0,244,0,0,Matches
454,Kevin Ortega,mx MEX,MF,Atlético,23-121,2002,0.1,13,11,2,2,0,0,0,0,0,0,0,0,11,0,1,Matches
455,Miguel Ortega,mx MEX,GK,Tijuana,30-022,1995,3.0,120,103,16,4,0,0,0,0,0,0,0,0,99,1,0,Matches
456,Pablo Ortiz,mx MEX,DF,Querétaro,23-030,2002,9.4,381,314,62,8,0,2,13,52,2,0,2,0,292,5,5,Matches
457,Youssef Ortiz,mx MEX,DF,León,18-181,2006,0.1,2,2,0,0,0,0,0,0,0,0,0,0,2,0,0,Matches
458,José Pablo Saldívar,mx MEX,MF,Pachuca,22-036,2003,3.2,95,83,11,11,0,6,0,0,0,0,0,0,77,1,1,Matches
459,Juan Pablo Vigón,mx MEX,MF,UANL,33-289,1991,4.7,202,193,8,2,0,2,5,1,2,1,1,0,173,1,4,Matches
460,Jose Pachuca,mx MEX,DF,Puebla,19-285,2005,16.9,502,469,33,15,0,15,3,18,0,0,0,0,373,0,7,Matches
461,Alex Padilla,es ESP,GK,UNAM,21-246,2003,10.0,332,241,90,23,0,0,0,0,0,0,0,0,238,1,0,Matches
462,Jonathan Padilla,mx MEX,"MF,FW",Guadalajara,19-137,2005,10.8,354,311,37,5,1,1,35,13,18,6,7,0,270,6,9,Matches
463,Joshua Palacios,mx MEX,MF,Necaxa,18-124,2007,0.1,0,0,0,0,0,0,0,0,0,0,0,0,0,0,0,Matches
464,Agustín Palavecino,ar ARG,MF,Necaxa,28-177,1996,32.8,1827,1616,196,101,7,34,114,39,55,31,14,0,1403,15,35,Matches
465,Arturo Palma,mx MEX,"DF,MF",Necaxa,23-109,2002,5.9,187,159,28,2,0,0,22,26,0,0,0,0,131,0,7,Matches
466,José Paradela,ar ARG,"MF,FW",Necaxa,26-141,1998,32.0,1270,1065,198,53,6,5,135,24,72,43,14,0,867,7,33,Matches
467,Bernardo Parra,mx MEX,MF,UANL,20-119,2005,6.0,317,310,6,6,0,0,4,0,0,0,0,0,276,1,3,Matches
468,Paulinho,pt POR,FW,Toluca,32-177,1992,29.4,640,572,65,0,4,8,6,6,0,0,0,0,475,3,17,Matches
469,Denilson Paz,mx MEX,MF,Puebla,19-300,2005,0.4,11,10,1,0,0,0,0,1,0,0,0,0,11,0,0,Matches
470,Pedro Pedraza,mx MEX,MF,Pachuca,25-005,2000,18.6,772,736,32,27,0,17,4,5,0,0,0,0,664,4,10,Matches
471,Federico Pereira,uy URU,DF,Toluca,25-070,2000,22.5,1424,1349,74,29,1,11,5,13,0,0,0,0,1256,1,7,Matches
472,Aldahir Perez,mx MEX,MF,Querétaro,20-213,2004,8.0,248,231,16,4,0,4,7,3,8,1,5,0,195,1,8,Matches
473,Sebastián Pérez Bouquet,mx MEX,"MF,FW",FC Juárez,21-317,2003,0.4,14,12,2,1,0,0,1,1,0,0,0,0,13,0,1,Matches
474,Sebastián Pérez Bouquet,mx MEX,MF,Atlético,21-317,2003,0.0,2,0,2,1,0,1,1,0,1,0,1,0,1,0,0,Matches
475,Jonathan Pérez,mx MEX,DF,Santos,19-190,2005,10.9,534,489,44,14,0,5,3,24,0,0,0,0,432,1,7,Matches
Rk,Player,Nation,Pos,Squad,Age,Born,90s,Att,Live,Dead,FK,TB,Sw,Crs,TI,CK,In,Out,Str,Cmp,Off,Blocks,Matches
476,Pavel Pérez,mx MEX,"MF,FW",Necaxa,26-313,1998,9.5,350,332,18,2,1,8,17,8,7,1,2,0,288,0,8,Matches
477,Pavel Pérez,mx MEX,"MF,FW",Guadalajara,26-313,1998,1.6,88,81,7,2,0,2,14,2,3,3,0,0,65,0,0,Matches
478,Jonathan Perlaza,ec ECU,"DF,MF",Querétaro,27-234,1997,6.0,229,191,37,6,0,0,29,28,3,0,2,0,175,1,8,Matches
479,Yan Phillipe,br BRA,"FW,MF",Atlético,20-353,2004,8.8,240,224,14,0,0,2,9,3,2,1,1,0,190,2,14,Matches
480,Cristiano Piccini,it ITA,DF,Atlético,32-221,1992,3.3,196,182,14,3,0,5,7,11,0,0,0,0,159,0,3,Matches
481,Jesús Piñuelas,mx MEX,MF,Toluca,27-039,1998,0.0,1,1,0,0,0,0,0,0,0,0,0,0,1,0,0,Matches
482,Jesús Piñuelas,mx MEX,DF,Querétaro,27-039,1998,2.4,87,83,4,4,0,0,0,0,0,0,0,0,70,0,1,Matches
483,Gonzalo Piovi,ar ARG,DF,Cruz Azul,30-239,1994,25.6,1837,1723,112,52,3,54,31,40,0,0,0,0,1566,2,17,Matches
484,Guido Pizarro,ar ARG,"DF,MF",UANL,35-068,1990,24.0,1351,1274,73,55,0,6,5,5,0,0,0,0,1179,4,9,Matches
485,Rodolfo Pizarro,mx MEX,"MF,FW",Mazatlán,31-079,1994,17.2,640,608,28,8,3,1,36,18,0,0,0,0,503,4,44,Matches
486,Jackson Porozo,ec ECU,DF,Tijuana,24-274,2000,12.3,520,498,21,12,0,0,1,4,0,0,0,0,461,1,4,Matches
487,Osvaldo Rodríguez del Portal,mx MEX,"DF,FW",UANL,28-237,1996,1.9,130,113,17,0,0,0,5,16,0,0,0,0,111,0,0,Matches
488,Osvaldo Rodríguez del Portal,mx MEX,"FW,DF",León,28-237,1996,0.1,12,8,4,0,0,0,0,4,0,0,0,0,6,0,0,Matches
489,Walter Portales,us USA,"DF,FW",América,21-039,2004,1.0,30,20,10,0,0,0,4,10,0,0,0,0,25,0,0,Matches
490,Adonis Preciado,ec ECU,"FW,MF",Querétaro,28-043,1997,13.7,290,274,14,0,1,0,31,5,0,0,0,0,190,2,22,Matches
491,Ayrton Preciado,ec ECU,"MF,DF",Querétaro,30-292,1994,1.5,63,59,4,0,0,0,10,2,2,1,1,0,50,0,1,Matches
492,Ronaldo Prieto,mx MEX,DF,Santos,28-063,1997,2.3,97,73,24,8,0,3,4,14,2,0,2,0,65,0,2,Matches
493,Luis Puente,mx MEX,FW,Pachuca,22-081,2003,1.1,12,11,1,0,0,0,0,0,0,0,0,0,6,0,0,Matches
494,Alan Pulido,mx MEX,FW,Guadalajara,34-058,1991,5.9,160,144,14,1,0,0,1,0,0,0,0,0,134,2,4,Matches
495,Ignacio Pussetto,ar ARG,"FW,MF",UNAM,29-135,1995,17.9,556,516,33,3,3,3,27,6,7,3,3,0,411,7,16,Matches
496,Piero Quispe,pe PER,MF,UNAM,23-264,2001,20.3,1116,1059,53,9,6,4,26,24,20,6,2,0,966,4,22,Matches
497,Alonso Ramírez,mx MEX,MF,Atlas,23-258,2001,0.6,22,21,1,1,0,1,0,0,0,0,0,0,18,0,0,Matches
498,Diego Ramirez,mx MEX,FW,UANL,18-110,2007,0.0,0,0,0,0,0,0,0,0,0,0,0,0,0,0,0,Matches
499,Héctor Ramírez,mx MEX,DF,UNAM,21-103,2004,1.3,47,33,14,0,0,0,0,14,0,0,0,0,37,0,0,Matches
500,Miguel Ramírez,us USA,"MF,FW",América,22-309,2002,3.5,143,132,10,6,0,3,4,2,2,1,0,0,124,1,3,Matches
Rk,Player,Nation,Pos,Squad,Age,Born,90s,Att,Live,Dead,FK,TB,Sw,Crs,TI,CK,In,Out,Str,Cmp,Off,Blocks,Matches
501,Paulo Ramírez,mx MEX,MF,Atlas,22-201,2002,6.9,261,254,6,1,0,0,7,1,4,1,0,0,208,1,3,Matches
502,Sergio Ramos,es ESP,DF,Monterrey,39-036,1986,7.7,427,389,38,29,0,21,2,3,0,0,0,0,385,0,2,Matches
503,José Rangel Aguilar,mx MEX,GK,Guadalajara,25-069,2000,32.0,1138,870,264,49,0,4,0,0,0,0,0,0,870,4,0,Matches
504,Luis Rey,mx MEX,DF,Guadalajara,22-233,2002,8.6,378,351,27,9,0,4,0,13,0,0,0,0,310,0,5,Matches
505,Cristian Reyes,mx MEX,"MF,FW",Monterrey,19-025,2006,0.2,11,11,0,0,0,0,1,0,0,0,0,0,7,0,3,Matches
506,Diego Reyes,mx MEX,MF,América,17-244,2007,0.0,1,1,0,0,0,0,0,0,0,0,0,0,1,0,0,Matches
507,Diego Reyes,mx MEX,DF,UANL,32-228,1992,12.7,602,585,16,13,0,4,0,1,0,0,0,0,530,1,4,Matches
508,Israel Reyes,mx MEX,DF,América,24-347,2000,23.8,1283,1195,86,41,1,29,8,45,0,0,0,0,1126,2,4,Matches
509,Salvador Reyes,mx MEX,DF,León,27-001,1998,31.7,1425,1135,284,21,0,5,110,260,3,2,1,0,1101,6,29,Matches
510,Emanuel Reynoso,ar ARG,"MF,FW",Tijuana,29-170,1995,11.1,676,643,30,11,1,9,30,7,9,2,2,0,561,3,14,Matches
511,Luis Ricardo Reyes,mx MEX,DF,Atlas,34-032,1991,15.3,720,518,200,23,0,4,60,175,2,0,2,0,502,2,24,Matches
512,Luis Ricardo Reyes,mx MEX,DF,Monterrey,34-032,1991,3.3,209,168,40,2,0,2,17,38,0,0,0,0,165,1,6,Matches
513,Ángel Rico,mx MEX,MF,UNAM,20-113,2005,9.5,310,292,16,1,1,2,13,3,12,3,7,0,249,2,5,Matches
514,Emiliano Rigoni,ar ARG,"FW,MF",León,32-090,1993,5.3,187,167,20,6,0,5,26,3,9,2,3,0,134,0,7,Matches
515,Martín Río,ar ARG,"MF,DF",Querétaro,24-052,2001,7.3,327,317,10,9,0,4,2,1,0,0,0,0,265,0,1,Matches
516,Víctor Ríos,mx MEX,"DF,MF",Atlas,21-083,2004,17.8,699,605,94,20,0,5,6,72,1,1,0,0,554,0,11,Matches
517,Jesús Rivas,mx MEX,DF,Puebla,22-188,2002,9.5,376,284,91,6,0,1,28,85,0,0,0,0,251,1,14,Matches
518,Jesús Rivas,mx MEX,DF,UNAM,22-188,2002,1.6,65,52,13,1,0,1,5,12,0,0,0,0,47,0,2,Matches
519,Ulises Rivas,mx MEX,"MF,DF",UNAM,29-100,1996,10.3,349,340,8,3,0,1,2,4,0,0,0,0,281,1,2,Matches
520,Christian Rivera,co COL,MF,Tijuana,29-111,1996,15.9,1084,1046,36,30,0,18,1,2,0,0,0,0,981,2,9,Matches
521,Ignacio Rivero,uy URU,"DF,MF",Cruz Azul,33-025,1992,22.2,918,788,128,10,2,12,72,112,5,4,1,0,696,2,25,Matches
522,Ángel Robles,mx MEX,"MF,FW",Puebla,23-168,2001,2.7,69,63,4,2,0,0,0,1,0,0,0,0,53,2,4,Matches
523,Carlos Robles,mx MEX,MF,Atlas,24-298,2000,0.2,4,4,0,0,0,0,0,0,0,0,0,0,4,0,0,Matches
524,Juan Robles,mx MEX,"MF,DF",Querétaro,21-229,2003,5.4,147,126,19,2,0,1,19,17,0,0,0,0,103,2,5,Matches
525,Aldo Rocha,mx MEX,MF,Atlas,32-180,1992,28.6,1596,1489,102,90,0,22,24,4,8,3,2,0,1374,5,15,Matches
Rk,Player,Nation,Pos,Squad,Age,Born,90s,Att,Live,Dead,FK,TB,Sw,Crs,TI,CK,In,Out,Str,Cmp,Off,Blocks,Matches
526,Brian Rodríguez,uy URU,"FW,MF",América,24-350,2000,17.6,723,660,62,22,4,14,71,11,29,9,1,0,546,1,26,Matches
527,Charly Rodríguez,mx MEX,MF,Cruz Azul,28-122,1997,28.7,2081,1866,204,73,13,21,134,39,90,22,54,1,1735,11,21,Matches
528,David Rodriguez,us USA,MF,Atlético,23-000,2002,0.2,22,19,3,1,0,0,2,1,1,0,1,0,19,0,0,Matches
529,James Rodríguez,co COL,"MF,FW",León,33-297,1991,13.6,826,703,114,52,5,26,83,9,51,18,22,0,656,9,9,Matches
530,Jesús Rodríguez,mx MEX,GK,Puebla,31-349,1993,4.0,161,119,42,4,0,1,0,0,0,0,0,0,136,0,0,Matches
531,Jorge Rodríguez,mx MEX,DF,Puebla,23-244,2001,6.7,280,198,78,2,0,0,14,76,0,0,0,0,203,4,8,Matches
532,Lucas Rodríguez,ar ARG,"MF,FW",Querétaro,28-008,1997,21.0,560,523,35,7,0,4,41,3,13,5,8,0,454,2,22,Matches
533,Michell Rodríguez,mx MEX,"FW,DF",UNAM,24-268,2000,0.8,40,34,6,3,0,1,3,3,0,0,0,0,35,0,1,Matches
534,Miguel Rodríguez,mx MEX,"MF,FW",Pachuca,22-014,2003,5.9,190,163,27,2,0,11,18,9,13,9,1,0,146,0,6,Matches
535,Salvador Rodríguez,mx MEX,"DF,FW",Mazatlán,23-272,2001,5.8,227,194,32,2,0,0,9,29,1,0,0,0,160,1,10,Matches
536,Johan Rojas,co COL,"MF,DF",Necaxa,22-227,2002,2.4,276,251,24,1,0,10,9,7,16,8,0,0,220,1,5,Matches
537,Johan Rojas,co COL,"FW,MF",Monterrey,22-227,2002,6.0,313,297,15,3,1,11,22,5,7,5,0,0,258,1,4,Matches
538,Franco Romero,ar ARG,MF,Toluca,25-012,2000,9.3,572,559,11,11,0,1,1,0,0,0,0,0,519,2,11,Matches
539,Luka Romero,ar ARG,"MF,FW",Cruz Azul,20-168,2004,7.4,268,240,27,7,0,1,21,3,14,7,2,0,228,1,3,Matches
540,Luis Romo,mx MEX,"MF,FW",Cruz Azul,29-334,1995,12.0,608,579,24,17,5,5,6,2,0,0,0,0,510,5,9,Matches
541,Luis Romo,mx MEX,MF,Guadalajara,29-334,1995,11.2,551,529,18,8,1,5,12,6,3,0,2,0,428,4,12,Matches
542,Romulo,br BRA,"DF,MF",UANL,25-065,2000,6.4,312,304,8,7,0,4,0,0,0,0,0,0,279,0,5,Matches
543,Salomón Rondón,ve VEN,FW,Pachuca,35-231,1989,26.6,613,542,60,2,4,2,9,3,1,0,0,0,436,11,26,Matches
544,Bryan Roque,mx MEX,"MF,FW",Necaxa,20-196,2004,0.1,4,4,0,0,0,0,0,0,0,0,0,0,3,0,0,Matches
545,Kevin Rosero,co COL,"DF,MF",Necaxa,26-153,1998,16.7,404,388,14,3,0,5,60,10,1,0,0,0,266,2,27,Matches
546,Franco Rossano,mx MEX,DF,América,19-282,2005,2.3,99,81,18,0,0,0,4,18,0,0,0,0,78,0,2,Matches
547,Carlos Rotondi,ar ARG,"DF,FW",Cruz Azul,28-054,1997,27.9,1291,1064,219,18,3,10,141,186,12,1,7,0,920,8,36,Matches
548,Fernando Rubén González,mx MEX,MF,Guadalajara,31-098,1994,22.8,1212,1169,37,29,1,9,6,8,0,0,0,0,1020,6,13,Matches
549,Rubio Rubin,gt GUA,"FW,MF",Querétaro,29-065,1996,4.7,81,79,2,0,0,0,4,0,0,0,0,0,60,0,6,Matches
550,Brian Rubio,mx MEX,FW,Querétaro,28-177,1996,3.3,66,63,3,0,0,0,1,1,0,0,0,0,52,0,3,Matches
Rk,Player,Nation,Pos,Squad,Age,Born,90s,Att,Live,Dead,FK,TB,Sw,Crs,TI,CK,In,Out,Str,Cmp,Off,Blocks,Matches
551,Brian Rubio,mx MEX,FW,Mazatlán,28-177,1996,9.6,277,258,18,0,0,3,8,1,0,0,0,0,210,1,7,Matches
552,Ronaldo Rubio,mx MEX,MF,Santos,21-097,2004,0.2,6,5,0,0,0,0,0,0,0,0,0,0,4,1,1,Matches
553,Marcel Ruiz,mx MEX,MF,Toluca,24-191,2000,30.5,1708,1666,35,29,6,13,13,6,0,0,0,0,1453,7,16,Matches
554,Franco Russo,ar ARG,DF,Querétaro,30-192,1994,26.5,1138,1075,60,46,1,10,3,9,0,0,0,0,970,3,11,Matches
555,Jorge Ruvalcaba,mx MEX,"MF,FW",UNAM,23-286,2001,16.0,452,429,18,1,1,10,45,16,1,0,0,0,337,5,13,Matches
556,Ángel Saavedra,mx MEX,"FW,DF",Mazatlán,21-326,2003,0.4,26,25,1,0,0,0,2,0,1,0,0,0,20,0,1,Matches
557,Javier Salas,mx MEX,"MF,FW",FC Juárez,31-258,1993,0.0,3,2,1,1,0,0,0,0,0,0,0,0,3,0,0,Matches
558,Patricio Salas,mx MEX,FW,América,21-077,2004,1.8,54,49,4,0,0,1,1,1,0,0,0,0,45,1,3,Matches
559,Carlos Salcedo,mx MEX,DF,FC Juárez,31-218,1993,12.4,637,584,52,30,0,7,2,2,0,0,0,0,559,1,5,Matches
560,Sebastien Salles-Lamonge,fr FRA,"MF,FW",Atlético,29-097,1996,28.7,1539,1409,125,39,8,22,106,2,83,32,26,1,1260,5,32,Matches
561,Juan Sanabria,uy URU,"DF,MF",Atlético,25-037,2000,32.1,1891,1587,298,23,1,14,152,255,20,4,10,0,1447,6,61,Matches
562,Andrés Sánchez,mx MEX,GK,Atlético,27-214,1997,29.2,1135,795,340,70,0,2,0,1,0,0,0,0,924,0,0,Matches
563,Carlos Sánchez,mx MEX,DF,Pachuca,23-022,2002,12.3,746,607,138,17,2,10,45,121,0,0,0,0,593,1,15,Matches
564,Diego Sánchez,mx MEX,FW,UANL,20-023,2005,2.5,87,85,2,0,0,0,8,1,1,0,0,0,67,0,6,Matches
565,Erick Sánchez,mx MEX,"MF,FW",América,25-220,1999,23.1,1082,1039,35,25,3,2,15,3,7,3,2,0,937,8,21,Matches
566,Jesús Sánchez García,mx MEX,DF,Guadalajara,35-247,1989,0.2,24,22,2,0,0,0,0,2,0,0,0,0,23,0,0,Matches
567,Luis Sánchez,mx MEX,DF,Mazatlán,25-002,2000,20.6,768,727,40,22,1,3,1,17,0,0,0,0,658,1,8,Matches
568,Richard Sánchez,py PAR,MF,América,29-037,1996,9.0,714,663,48,27,2,9,28,1,19,6,8,0,633,3,1,Matches
569,Raúl Sandoval,mx MEX,"DF,MF",Necaxa,25-107,2000,3.7,114,97,16,2,0,1,26,12,2,0,1,0,77,1,5,Matches
570,Anderson Santamaría,pe PER,DF,Santos,33-115,1992,20.1,884,812,65,32,0,6,3,1,0,0,0,0,746,7,2,Matches
571,José Santiago Hernández,mx MEX,GK,Atlas,28-004,1997,3.0,80,62,18,4,0,0,0,0,0,0,0,0,61,0,0,Matches
572,Emilio Santillán,mx MEX,DF,Santos,21-239,2003,0.8,46,32,14,4,0,0,1,10,0,0,0,0,39,0,1,Matches
573,Samir Santos,br BRA,DF,Mazatlán,30-151,1994,5.7,217,190,24,12,1,0,0,8,0,0,0,0,195,3,0,Matches
574,Sebastian Santos,mx MEX,DF,León,22-104,2003,17.3,762,597,158,5,0,3,41,153,0,0,0,0,569,7,26,Matches
575,Francisco Sebastián Córdova,mx MEX,"FW,MF",UANL,27-327,1997,15.9,609,516,90,26,5,4,95,7,56,25,21,0,412,3,17,Matches
Rk,Player,Nation,Pos,Squad,Age,Born,90s,Att,Live,Dead,FK,TB,Sw,Crs,TI,CK,In,Out,Str,Cmp,Off,Blocks,Matches
576,Ángel Sepúlveda,mx MEX,FW,Cruz Azul,34-079,1991,16.9,300,287,10,1,1,1,9,0,0,0,0,0,203,3,13,Matches
577,Gilberto Sepúlveda,mx MEX,DF,Guadalajara,26-090,1999,24.8,1211,1148,60,34,0,11,1,9,0,0,0,0,1049,3,10,Matches
578,Leonardo Sepulveda,us USA,"FW,DF",Guadalajara,23-321,2001,0.2,14,13,1,0,0,0,0,1,0,0,0,0,11,0,0,Matches
579,Jesús Serrato,mx MEX,MF,Atlas,19-135,2005,4.0,97,95,1,0,0,0,0,1,0,0,0,0,75,1,4,Matches
580,Yehoshua Shtrimling,il ISR,DF,América,22-047,2003,1.0,17,15,2,0,0,0,0,0,0,0,0,0,15,0,0,Matches
581,Jordan Sierra,ec ECU,MF,Mazatlán,28-012,1997,22.3,481,471,7,6,2,0,3,1,0,0,0,0,405,3,7,Matches
582,Juan Sigala,mx MEX,FW,Pachuca,18-029,2007,3.5,108,96,9,1,0,0,5,1,7,3,1,0,79,3,3,Matches
583,Nathan Silva,br BRA,DF,UNAM,27-364,1997,26.7,1338,1285,52,38,0,10,1,8,0,0,0,0,1186,1,10,Matches
584,Carlo Soldati,mx MEX,DF,Querétaro,19-303,2005,0.1,8,7,1,1,0,0,0,0,0,0,0,0,8,0,0,Matches
585,Ramiro Sordo,ar ARG,"FW,MF",Santos,24-310,2000,23.1,727,656,68,23,1,13,99,15,30,16,11,1,491,3,31,Matches
586,Samuel Sosa,ve VEN,FW,Querétaro,25-139,1999,7.1,128,99,28,2,0,4,14,5,6,1,5,0,90,1,5,Matches
587,Leonardo Suárez,ar ARG,"FW,MF",UNAM,29-036,1996,7.8,373,313,53,13,2,14,50,8,24,5,16,0,270,7,10,Matches
588,Alessandro Tagle,mx MEX,DF,Monterrey,19-310,2005,0.7,16,12,4,0,0,1,0,4,0,0,0,0,12,0,0,Matches
589,Fernando Tapia,mx MEX,GK,UANL,23-322,2001,3.0,104,67,37,1,0,0,0,0,0,0,0,0,78,0,0,Matches
590,Miguel Tapias,mx MEX,DF,Guadalajara,28-116,1997,8.9,396,368,28,9,0,14,2,16,0,0,0,0,331,0,3,Matches
591,Juan Tejeda,mx MEX,DF,Santos,21-052,2004,0.0,1,1,0,0,0,0,0,0,0,0,0,0,1,0,0,Matches
592,Eduardo Tercero,mx MEX,DF,UANL,28-364,1996,0.4,7,3,4,0,0,0,0,4,0,0,0,0,6,0,0,Matches
593,Iván Tona,mx MEX,MF,Tijuana,25-034,2000,21.0,1482,1419,61,40,2,19,17,13,7,1,2,0,1286,2,10,Matches
594,Alan Torres,mx MEX,MF,Mazatlán,25-075,2000,12.4,720,696,22,17,0,15,11,4,1,1,0,0,632,2,8,Matches
595,Dylan Torres,mx MEX,MF,Puebla,21-091,2004,0.1,4,4,0,0,0,0,0,0,0,0,0,0,2,0,0,Matches
596,Jairo Torres,mx MEX,"MF,FW",FC Juárez,24-304,2000,28.3,809,789,18,8,2,7,65,10,0,0,0,0,611,2,35,Matches
597,Óliver Torres,es ESP,"MF,FW",Monterrey,30-176,1994,20.1,1228,1174,46,26,2,17,43,8,12,5,6,0,1008,8,26,Matches
598,Román Torres,mx MEX,"DF,MF",Atlético,20-134,2004,11.7,636,522,112,2,0,4,38,110,0,0,0,0,473,2,21,Matches
599,Román Torres,mx MEX,"DF,FW",Necaxa,20-134,2004,0.1,5,0,5,0,0,0,0,5,0,0,0,0,1,0,0,Matches
600,Santiago Trigos,mx MEX,MF,UNAM,23-103,2002,8.5,424,415,8,5,1,3,6,3,0,0,0,0,365,1,5,Matches
Rk,Player,Nation,Pos,Squad,Age,Born,90s,Att,Live,Dead,FK,TB,Sw,Crs,TI,CK,In,Out,Str,Cmp,Off,Blocks,Matches
601,Ezequiel Unsain,ar ARG,GK,Necaxa,30-057,1995,34.0,1150,805,341,54,1,5,0,0,0,0,0,0,769,4,1,Matches
602,Héctor Uribe,mx MEX,FW,León,20-335,2004,0.5,24,16,8,0,0,0,10,4,4,1,3,0,11,0,0,Matches
603,Diego Valdés,cl CHI,"MF,FW",América,31-095,1994,10.4,647,552,89,34,2,7,58,7,43,16,15,0,515,6,16,Matches
604,Christian Valdivia,mx MEX,DF,Cruz Azul,19-227,2005,0.2,6,6,0,0,0,0,0,0,0,0,0,0,6,0,0,Matches
605,Aldieri Valenzuela,mx MEX,"FW,MF",Tijuana,22-070,2003,0.4,13,9,4,0,0,0,1,4,0,0,0,0,8,0,0,Matches
606,Francisco Valenzuela,mx MEX,MF,Monterrey,18-022,2007,0.5,12,12,0,0,0,0,1,0,0,0,0,0,10,0,1,Matches
607,Diego Valoyes,co COL,"FW,MF",FC Juárez,28-225,1996,7.0,171,168,2,1,1,2,24,0,1,1,0,0,110,1,5,Matches
608,Camilo Vargas,co COL,GK,Atlas,36-057,1989,31.0,1117,779,336,87,0,4,0,0,0,0,0,0,810,2,0,Matches
609,William Vargas,ec ECU,DF,Mazatlán,27-327,1997,1.8,63,47,16,0,0,0,4,15,1,0,0,0,41,0,4,Matches
610,Brandon Vazquez,us USA,"FW,MF",Monterrey,26-203,1998,6.2,109,98,10,0,1,1,6,0,1,1,0,0,79,1,5,Matches
611,Brayton Vázquez,mx MEX,DF,Querétaro,27-000,1998,3.3,127,120,6,1,0,2,3,5,0,0,0,0,90,1,2,Matches
612,Miguel Vázquez,mx MEX,DF,América,21-087,2004,9.8,579,549,30,14,0,5,2,0,0,0,0,0,522,0,3,Matches
613,Alexis Vega,mx MEX,"FW,MF",Toluca,27-161,1997,27.9,1362,1220,136,40,8,18,130,14,79,30,33,0,1058,6,19,Matches
614,Jesús Vega,mx MEX,"FW,DF",Tijuana,25-048,2000,7.7,268,236,32,3,0,3,31,29,0,0,0,0,193,0,8,Matches
615,Sebastián Vegas,cl CHI,DF,Monterrey,28-152,1996,7.0,380,331,48,5,0,2,8,40,0,0,0,0,305,1,3,Matches
616,Christo Vela,mx MEX,"MF,FW",América,20-279,2004,0.9,29,25,4,0,0,1,6,0,4,2,2,0,18,0,1,Matches
617,Kevin Velasco,co COL,"MF,DF",Puebla,28-005,1997,3.7,116,101,14,1,2,1,15,13,0,0,0,0,84,1,4,Matches
618,Jesús Venegas,mx MEX,"MF,FW",FC Juárez,30-036,1995,4.2,118,113,5,3,0,1,0,2,0,0,0,0,87,0,0,Matches
619,Sebastián Venegas,mx MEX,MF,UNAM,20-089,2005,0.5,9,9,0,0,0,0,0,0,0,0,0,0,8,0,0,Matches
620,Patrick Villa,mx MEX,DF,América,21-145,2003,0.1,3,3,0,0,0,0,0,0,0,0,0,0,3,0,0,Matches
621,Jonatan Villal,us USA,"FW,MF",Atlético,20-119,2005,0.6,42,40,2,0,0,0,1,2,0,0,0,0,34,0,2,Matches
622,Fran Villalba,es ESP,"MF,FW",Santos,26-359,1998,14.3,538,506,30,9,4,11,39,5,15,6,7,0,414,2,14,Matches
623,Dieter Villalpando,mx MEX,"MF,FW",FC Juárez,33-274,1991,21.6,939,893,40,25,2,16,41,9,6,2,3,0,742,6,11,Matches
624,Isaías Violante,mx MEX,"FW,MF",Toluca,21-197,2003,13.5,424,396,27,2,0,2,24,18,7,2,3,0,322,1,21,Matches
625,Vitinho,br BRA,"FW,MF",Atlético,24-012,2001,18.8,571,527,44,11,2,11,26,6,20,7,2,0,469,0,15,Matches
Rk,Player,Nation,Pos,Squad,Age,Born,90s,Att,Live,Dead,FK,TB,Sw,Crs,TI,CK,In,Out,Str,Cmp,Off,Blocks,Matches
626,Tiago Volpi,br BRA,GK,Toluca,34-137,1990,19.0,771,568,200,75,0,8,0,0,0,0,0,0,601,3,0,Matches
627,Facundo Waller,uy URU,MF,Puebla,28-026,1997,17.5,762,658,101,51,4,11,64,16,34,7,19,0,577,3,15,Matches
628,Teun Wilke,mx MEX,FW,Guadalajara,23-052,2002,6.0,85,83,2,0,0,0,2,0,0,0,0,0,63,0,3,Matches
629,Édgar Yoel Bárcenas,pa PAN,"MF,FW",Mazatlán,31-194,1993,22.3,1067,901,159,29,2,3,123,51,79,18,46,1,795,7,18,Matches
630,Ángel Zaldívar,mx MEX,FW,FC Juárez,31-086,1994,12.7,219,187,32,0,0,1,1,0,0,0,0,0,169,0,8,Matches
631,Edgar Zaldívar,mx MEX,DF,Atlas,28-200,1996,11.1,527,413,113,12,0,2,18,101,0,0,0,0,428,1,10,Matches
632,Saúl Zamora,mx MEX,DF,Guadalajara,22-040,2003,0.1,4,4,0,0,0,0,0,0,0,0,0,0,4,0,0,Matches
633,Ángel Zapata,mx MEX,"MF,FW",Querétaro,24-091,2001,0.0,2,2,0,0,0,0,0,0,0,0,0,0,2,0,0,Matches
634,Alejandro Zendejas,us USA,"FW,MF",América,27-087,1998,21.8,1128,1061,59,17,2,2,59,12,28,7,0,0,936,8,28,Matches
635,José Zúñiga,co COL,"FW,MF",Tijuana,30-296,1994,23.4,510,469,41,0,1,2,14,4,0,0,0,0,409,0,17,Matches
636,Uroš Đurđević,me MNE,FW,Atlas,31-064,1994,18.5,297,249,46,2,0,3,18,2,0,0,0,0,207,2,15,Matches
