Unnamed: 0_level_0,Unnamed: 1_level_0,Unnamed: 2_level_0,Unnamed: 3_level_0,Unnamed: 4_level_0,Unnamed: 5_level_0,Unnamed: 6_level_0,Unnamed: 7_level_0,SCA,SCA,SCA Types,SCA Types,SCA Types,SCA Types,SCA Types,SCA Types,GCA,GCA,GCA Types,GCA Types,GCA Types,GCA Types,GCA Types,GCA Types,Unnamed: 24_level_0
Rk,Player,Nation,Pos,Squad,Age,Born,90s,SCA,SCA90,PassLive,PassDead,TO,Sh,Fld,Def,GCA,GCA90,PassLive,PassDead,TO,Sh,Fld,Def,Matches
1,Saminu Abdullahi,ng NGA,MF,FC Juárez,24-122,2001,0.5,0,0.00,0,0,0,0,0,0,0,0.00,0,0,0,0,0,0,Matches
2,José Abella,mx MEX,DF,Santos,31-084,1994,16.8,43,2.56,32,9,0,0,1,1,4,0.24,2,2,0,0,0,0,Matches
3,José Abella,mx MEX,DF,FC Juárez,31-084,1994,11.3,16,1.42,10,4,0,1,1,0,2,0.18,1,1,0,0,0,0,Matches
4,Diego Abitia,mx MEX,FW,Atlético,22-019,2003,3.6,6,1.69,2,0,1,1,2,0,1,0.28,0,0,0,0,1,0,Matches
5,Carlos Acevedo,mx MEX,GK,Santos,29-016,1996,33.0,5,0.15,2,3,0,0,0,0,0,0.00,0,0,0,0,0,0,Matches
6,Alonso Aceves,mx MEX,DF,Pachuca,24-038,2001,14.8,10,0.67,9,1,0,0,0,0,0,0.00,0,0,0,0,0,0,Matches
7,Gilberto Adame,mx MEX,"DF,MF",Mazatlán,20-185,2004,4.6,9,1.94,5,2,1,0,1,0,0,0.00,0,0,0,0,0,0,Matches
8,Sergio Aguayo,us USA,FW,Pachuca,22-162,2002,1.8,4,2.22,3,0,0,0,1,0,0,0.00,0,0,0,0,0,0,Matches
9,Eduardo Águila,mx MEX,DF,Atlético,22-353,2002,30.0,19,0.63,13,0,1,3,0,2,3,0.10,2,0,0,1,0,0,Matches
10,Eduardo Aguirre,mx MEX,"FW,MF",Atlas,26-275,1998,24.4,57,2.34,34,3,3,6,9,2,8,0.33,4,1,0,1,2,0,Matches
11,Érick Aguirre,mx MEX,DF,Monterrey,28-071,1997,10.4,20,1.92,15,2,1,0,0,2,4,0.38,3,1,0,0,0,0,Matches
12,Gaddi Aguirre,mx MEX,DF,Atlas,29-035,1996,11.7,8,0.68,6,1,0,1,0,0,0,0.00,0,0,0,0,0,0,Matches
13,Rodrigo Aguirre,uy URU,"FW,MF",América,30-216,1994,9.8,19,1.94,13,0,4,1,1,0,4,0.41,3,0,1,0,0,0,Matches
14,Jorge Agustín Rodríguez,ar ARG,"MF,DF",Monterrey,29-232,1995,26.5,41,1.55,37,0,0,1,1,2,2,0.08,2,0,0,0,0,0,Matches
15,Arnaud Ake,ci CIV,FW,Querétaro,27-034,1998,2.6,4,1.54,4,0,0,0,0,0,0,0.00,0,0,0,0,0,0,Matches
16,Jesús Alberto Angulo,mx MEX,DF,UANL,27-095,1998,26.3,51,1.94,48,1,1,1,0,0,7,0.27,6,0,1,0,0,0,Matches
17,Gil Alcalá,mx MEX,GK,UNAM,32-280,1992,4.0,0,0.00,0,0,0,0,0,0,0,0.00,0,0,0,0,0,0,Matches
18,Jesús Alcantar,mx MEX,DF,Necaxa,21-279,2003,6.8,3,0.44,2,1,0,0,0,0,0,0.00,0,0,0,0,0,0,Matches
19,Jordy Alcivar,ec ECU,"MF,FW",León,25-273,1999,4.4,12,2.73,7,2,0,2,0,1,1,0.23,1,0,0,0,0,0,Matches
20,Luis Alfonso Rodríguez,mx MEX,DF,Pachuca,34-104,1991,15.3,30,1.96,25,3,1,1,0,0,3,0.20,3,0,0,0,0,0,Matches
21,Guillermo Allison,mx MEX,GK,Querétaro,34-222,1990,25.0,4,0.16,3,1,0,0,0,0,1,0.04,1,0,0,0,0,0,Matches
22,Facundo Almada,ar ARG,DF,Mazatlán,26-299,1998,19.5,12,0.61,8,1,0,2,0,1,3,0.15,2,0,0,1,0,0,Matches
23,Carlos Alonso Vargas,mx MEX,"DF,FW",Cruz Azul,26-080,1999,0.6,1,1.55,1,0,0,0,0,0,0,0.00,0,0,0,0,0,0,Matches
24,Alfonso Alvarado,mx MEX,"FW,MF",Monterrey,25-051,2000,4.1,6,1.44,5,0,0,1,0,0,0,0.00,0,0,0,0,0,0,Matches
25,Alfonso Alvarado,mx MEX,"FW,MF",León,25-051,2000,8.4,22,2.61,16,0,1,3,0,2,2,0.24,2,0,0,0,0,0,Matches
Rk,Player,Nation,Pos,Squad,Age,Born,90s,SCA,SCA90,PassLive,PassDead,TO,Sh,Fld,Def,GCA,GCA90,PassLive,PassDead,TO,Sh,Fld,Def,Matches
26,Daniel Alvarado,mx MEX,MF,América,20-229,2004,0.0,0,0.00,0,0,0,0,0,0,0,0.00,0,0,0,0,0,0,Matches
27,Roberto Alvarado,mx MEX,"MF,FW",Guadalajara,26-240,1998,26.3,120,4.56,81,22,9,5,1,2,17,0.65,11,0,4,1,0,1,Matches
28,Ventura Alvarado,us USA,DF,Mazatlán,32-262,1992,4.4,4,0.92,3,0,0,0,0,1,0,0.00,0,0,0,0,0,0,Matches
29,Alek Álvarez,mx MEX,MF,Necaxa,22-033,2003,3.6,,,,,,,,,,,,,,,,,Matches
30,Antonio Álvarez,mx MEX,"FW,MF",América,21-130,2003,1.3,5,3.98,3,2,0,0,0,0,0,0.00,0,0,0,0,0,0,Matches
31,Daniel Álvarez,mx MEX,"MF,FW",Puebla,30-287,1994,5.9,22,3.63,17,0,4,1,0,0,1,0.16,1,0,0,0,0,0,Matches
32,Efrain Alvarez,mx MEX,"FW,MF",Tijuana,22-320,2002,24.9,118,4.74,82,17,10,5,2,2,11,0.44,8,1,1,1,0,0,Matches
33,Gael Álvarez,mx MEX,FW,Pachuca,19-057,2006,2.5,8,3.17,6,1,1,0,0,0,0,0.00,0,0,0,0,0,0,Matches
34,Jaime Alvarez,mx MEX,"FW,MF",FC Juárez,22-074,2003,0.5,1,2.31,1,0,0,0,0,0,0,0.00,0,0,0,0,0,0,Matches
35,Jaime Alvarez,mx MEX,"FW,MF",Tijuana,22-074,2003,3.8,15,3.97,10,0,4,1,0,0,0,0.00,0,0,0,0,0,0,Matches
36,Kevin Álvarez,mx MEX,DF,América,26-110,1999,15.2,37,2.43,25,2,4,4,2,0,6,0.39,4,1,0,0,1,0,Matches
37,Luis Amarilla,py PAR,FW,Mazatlán,29-253,1995,15.5,29,1.87,19,1,4,3,2,0,4,0.26,4,0,0,0,0,0,Matches
38,Frankie Amaya,us USA,MF,Toluca,24-221,2000,4.0,15,3.79,12,1,0,1,1,0,3,0.76,2,0,0,1,0,0,Matches
39,Fidel Ambríz,mx MEX,MF,Monterrey,22-045,2003,13.3,9,0.68,6,1,0,1,1,0,1,0.08,1,0,0,0,0,0,Matches
40,Fidel Ambríz,mx MEX,MF,León,22-045,2003,4.7,10,2.14,9,0,0,0,0,1,0,0.00,0,0,0,0,0,0,Matches
41,Bruno Amione,ar ARG,DF,Santos,23-122,2002,16.9,12,0.71,9,0,0,3,0,0,2,0.12,1,0,0,1,0,0,Matches
42,Esteban Andrada,ar ARG,GK,Monterrey,34-099,1991,24.0,7,0.29,5,2,0,0,0,0,2,0.08,1,1,0,0,0,0,Matches
43,Alejandro Andrade,mx MEX,"DF,MF",Necaxa,23-262,2001,5.7,10,1.75,5,2,1,1,0,1,0,0.00,0,0,0,0,0,0,Matches
44,Luis Ángel Malagón,mx MEX,GK,América,28-064,1997,28.5,7,0.25,3,4,0,0,0,0,0,0.00,0,0,0,0,0,0,Matches
45,Brayan Angulo,co COL,"DF,MF",Puebla,35-184,1989,28.1,70,2.51,53,6,3,4,2,2,8,0.29,5,1,0,2,0,0,Matches
46,Jesús Angulo,mx MEX,"MF,FW",Toluca,28-074,1997,20.1,105,5.22,79,12,6,3,2,3,13,0.65,10,2,0,0,1,0,Matches
47,José Antonio Rodríguez,mx MEX,GK,Tijuana,32-305,1992,20.9,7,0.34,6,1,0,0,0,0,2,0.10,1,1,0,0,0,0,Matches
48,Uriel Antuna,mx MEX,"FW,MF",Cruz Azul,27-257,1997,2.6,8,3.12,7,1,0,0,0,0,0,0.00,0,0,0,0,0,0,Matches
49,Uriel Antuna,mx MEX,"FW,MF",UANL,27-257,1997,8.7,45,5.16,39,1,1,2,1,1,7,0.80,5,0,1,0,1,0,Matches
50,Javier Aquino,mx MEX,DF,UANL,35-083,1990,29.0,74,2.55,57,12,3,0,1,1,4,0.14,2,2,0,0,0,0,Matches
Rk,Player,Nation,Pos,Squad,Age,Born,90s,SCA,SCA90,PassLive,PassDead,TO,Sh,Fld,Def,GCA,GCA90,PassLive,PassDead,TO,Sh,Fld,Def,Matches
51,Pedro Aquino,pe PER,MF,Santos,30-022,1995,7.4,9,1.22,9,0,0,0,0,0,0,0.00,0,0,0,0,0,0,Matches
52,Diego Araujo,mx MEX,MF,Querétaro,22-076,2003,1.2,0,0.00,0,0,0,0,0,0,0,0.00,0,0,0,0,0,0,Matches
53,Maximiliano Araújo,uy URU,FW,Toluca,25-079,2000,1.1,4,3.50,3,0,1,0,0,0,2,1.75,2,0,0,0,0,0,Matches
54,Néstor Araujo,mx MEX,DF,América,33-249,1991,13.4,11,0.82,9,0,0,2,0,0,2,0.15,0,0,0,2,0,0,Matches
55,Fernando Arce Jr.,us USA,"MF,FW",Puebla,28-159,1996,2.2,2,0.93,1,0,0,0,1,0,0,0.00,0,0,0,0,0,0,Matches
56,Fernando Arce Jr.,us USA,MF,Necaxa,28-159,1996,11.5,11,0.96,8,1,0,1,0,1,0,0.00,0,0,0,0,0,0,Matches
57,Ramiro Árciga,mx MEX,"MF,FW",Tijuana,20-248,2004,3.3,11,3.34,8,3,0,0,0,0,3,0.91,1,2,0,0,0,0,Matches
58,Ramiro Árciga,mx MEX,"MF,FW",Mazatlán,20-248,2004,10.6,31,2.92,30,0,0,0,1,0,0,0.00,0,0,0,0,0,0,Matches
59,Eduardo Armenta,mx MEX,MF,Querétaro,23-140,2001,2.3,2,0.87,2,0,0,0,0,0,0,0.00,0,0,0,0,0,0,Matches
60,Aarón Arredondo,mx MEX,MF,América,22-065,2003,2.0,5,2.51,5,0,0,0,0,0,1,0.50,1,0,0,0,0,0,Matches
61,Diego Arriaga,mx MEX,"FW,MF",América,21-005,2004,1.6,3,1.85,2,0,1,0,0,0,0,0.00,0,0,0,0,0,0,Matches
62,Gerardo Arteaga,mx MEX,DF,Monterrey,26-240,1998,25.5,52,2.04,44,3,1,0,2,2,5,0.20,5,0,0,0,0,0,Matches
63,Víctor Arteaga,mx MEX,MF,Toluca,21-068,2004,9.2,17,1.85,13,0,2,0,0,2,0,0.00,0,0,0,0,0,0,Matches
64,Ali Ávila,mx MEX,"FW,MF",UNAM,21-224,2003,2.5,11,4.34,10,0,0,0,1,0,1,0.39,0,0,0,0,1,0,Matches
65,Ettson Ayon,mx MEX,FW,León,24-040,2001,5.8,10,1.73,4,1,2,1,2,0,2,0.35,1,0,0,0,1,0,Matches
66,Angel Azuaje,ve VEN,DF,UNAM,20-222,2004,2.4,0,0.00,0,0,0,0,0,0,0,0.00,0,0,0,0,0,0,Matches
67,Tomás Badaloni,ar ARG,FW,Necaxa,25-003,2000,10.3,24,2.33,16,1,1,3,2,1,5,0.48,2,1,1,0,1,0,Matches
68,Claudio Baeza,cl CHI,"MF,DF",Toluca,31-133,1993,11.3,16,1.41,16,0,0,0,0,0,2,0.18,2,0,0,0,0,0,Matches
69,Kevin Balanta,co COL,DF,Tijuana,28-007,1997,7.6,6,0.79,6,0,0,0,0,0,0,0.00,0,0,0,0,0,0,Matches
70,Fidel Barajas,mx MEX,"MF,FW",Guadalajara,19-030,2006,1.0,2,2.07,2,0,0,0,0,0,0,0.00,0,0,0,0,0,0,Matches
71,Víctor Barajas,mx MEX,DF,León,22-053,2003,0.0,0,0.00,0,0,0,0,0,0,0,0.00,0,0,0,0,0,0,Matches
72,Diego Barbosa,mx MEX,DF,Toluca,28-222,1996,10.8,17,1.58,12,3,1,0,0,1,3,0.28,1,2,0,0,0,0,Matches
73,Diego Barbosa,mx MEX,DF,Tijuana,28-222,1996,2.7,3,1.13,1,1,0,0,1,0,0,0.00,0,0,0,0,0,0,Matches
74,Jaine Barreiro,co COL,DF,León,30-320,1994,33.7,27,0.80,21,2,1,1,0,2,3,0.09,2,1,0,0,0,0,Matches
75,Pablo Barrera,mx MEX,"MF,FW",Querétaro,37-318,1987,23.4,64,2.74,37,21,2,3,1,0,3,0.13,1,1,0,1,0,0,Matches
Rk,Player,Nation,Pos,Squad,Age,Born,90s,SCA,SCA90,PassLive,PassDead,TO,Sh,Fld,Def,GCA,GCA90,PassLive,PassDead,TO,Sh,Fld,Def,Matches
76,Sergio Barreto,ar ARG,DF,Pachuca,26-015,1999,18.2,8,0.44,7,1,0,0,0,0,2,0.11,2,0,0,0,0,0,Matches
77,Bruno Barticciotto,cl CHI,FW,Santos,23-363,2001,7.4,27,3.63,17,1,4,3,0,2,1,0.13,0,0,1,0,0,0,Matches
78,Abraham Bass,mx MEX,MF,Atlas,23-269,2001,0.1,0,0.00,0,0,0,0,0,0,0,0.00,0,0,0,0,0,0,Matches
79,Borja Bastón,es ESP,FW,Pachuca,32-253,1992,3.9,6,1.53,4,0,0,2,0,0,1,0.26,1,0,0,0,0,0,Matches
80,Alán Bautista,mx MEX,"MF,FW",Pachuca,22-180,2002,9.9,44,4.42,30,8,2,1,2,1,5,0.50,4,1,0,0,0,0,Matches
81,Paul Bellón,mx MEX,DF,León,27-335,1997,28.3,13,0.46,12,0,0,0,0,1,2,0.07,2,0,0,0,0,0,Matches
82,Fernando Beltrán,mx MEX,"MF,FW",Guadalajara,26-362,1998,20.4,65,3.18,53,5,2,1,4,0,4,0.20,3,0,0,1,0,0,Matches
83,Nicolás Benedetti,co COL,"FW,MF",Mazatlán,28-010,1997,14.2,73,5.14,33,26,2,3,8,1,7,0.49,6,0,0,0,1,0,Matches
84,Darío Benedetto,ar ARG,FW,Querétaro,34-353,1990,4.7,13,2.74,8,2,0,1,2,0,0,0.00,0,0,0,0,0,0,Matches
85,Pablo Bennevendo Peña,mx MEX,DF,UNAM,25-122,2000,27.0,38,1.41,30,3,1,2,1,1,1,0.04,0,0,0,1,0,0,Matches
86,Jorge Berlanga,mx MEX,DF,Pachuca,21-291,2003,11.2,10,0.89,9,1,0,0,0,0,1,0.09,1,0,0,0,0,0,Matches
87,Germán Berterame,mx MEX,FW,Monterrey,26-173,1998,26.0,64,2.46,51,0,2,8,3,0,5,0.19,2,0,0,2,1,0,Matches
88,Unai Bilbao,es ESP,DF,Tijuana,31-090,1994,26.2,15,0.57,14,0,0,0,0,1,1,0.04,1,0,0,0,0,0,Matches
89,Alfonso Blanco Antúnez,mx MEX,GK,León,37-278,1987,26.0,10,0.38,7,3,0,0,0,0,1,0.04,0,1,0,0,0,0,Matches
90,Domingo Blanco,ar ARG,"FW,MF",Tijuana,30-013,1995,16.7,67,4.02,38,5,11,3,7,3,4,0.24,1,0,1,0,1,1,Matches
91,Rodrigo Bogarín,py PAR,"MF,FW",Querétaro,27-346,1997,7.9,14,1.77,11,2,0,0,0,1,1,0.13,1,0,0,0,0,0,Matches
92,Mateusz Bogusz,pl POL,"MF,FW",Cruz Azul,23-256,2001,8.0,31,3.87,25,0,0,5,1,0,2,0.25,2,0,0,0,0,0,Matches
93,Franck Boli,ci CIV,FW,Atlético,31-149,1993,9.0,17,1.88,7,2,4,4,0,0,3,0.33,1,0,0,2,0,0,Matches
94,Léo Bonatini,br BRA,FW,Atlético,31-038,1994,11.8,18,1.53,15,0,0,2,1,0,2,0.17,1,0,0,1,0,0,Matches
95,Cristian Borja,co COL,DF,América,32-076,1993,14.7,25,1.70,21,3,0,0,1,0,1,0.07,0,1,0,0,0,0,Matches
96,Frank Boya,cm CMR,MF,Tijuana,28-308,1996,8.2,9,1.09,7,0,1,1,0,0,2,0.24,1,0,1,0,0,0,Matches
97,Juan Brigido,mx MEX,"FW,MF",Pachuca,23-218,2001,0.6,2,3.16,2,0,0,0,0,0,0,0.00,0,0,0,0,0,0,Matches
98,Antonio Briseño,mx MEX,DF,Toluca,31-089,1994,3.2,0,0.00,0,0,0,0,0,0,0,0.00,0,0,0,0,0,0,Matches
99,Antonio Briseño,mx MEX,DF,Guadalajara,31-089,1994,6.0,7,1.16,6,0,0,0,1,0,2,0.33,1,0,0,0,1,0,Matches
100,Isaác Brizuela,mx MEX,"MF,DF",Guadalajara,34-250,1990,1.4,3,2.13,2,0,0,1,0,0,0,0.00,0,0,0,0,0,0,Matches
Rk,Player,Nation,Pos,Squad,Age,Born,90s,SCA,SCA90,PassLive,PassDead,TO,Sh,Fld,Def,GCA,GCA90,PassLive,PassDead,TO,Sh,Fld,Def,Matches
101,Juan Brunetta,ar ARG,MF,UANL,27-358,1997,24.7,134,5.44,71,35,9,8,8,3,14,0.57,9,2,1,0,1,1,Matches
102,Gustavo Cabral,ar ARG,DF,Pachuca,39-203,1985,12.1,3,0.25,3,0,0,0,0,0,0,0.00,0,0,0,0,0,0,Matches
103,Luciano Cabral,cl CHI,"FW,MF",León,30-009,1995,11.9,53,4.45,37,10,2,0,3,1,5,0.42,4,0,1,0,0,0,Matches
104,Sebastián Cáceres,uy URU,DF,América,25-260,1999,9.1,5,0.55,3,0,0,2,0,0,1,0.11,1,0,0,0,0,0,Matches
105,Jhonder Cádiz,ve VEN,FW,León,29-280,1995,23.3,58,2.49,36,0,4,9,9,0,8,0.34,6,0,0,1,1,0,Matches
106,José Caicedo,co COL,MF,UNAM,22-347,2002,31.9,70,2.19,61,1,1,3,1,3,3,0.09,2,0,0,1,0,0,Matches
107,Cristian Calderón,mx MEX,DF,América,27-346,1997,18.3,35,1.91,29,4,1,0,1,0,2,0.11,2,0,0,0,0,0,Matches
108,Francisco Calvo,cr CRC,DF,FC Juárez,32-301,1992,3.0,3,1.00,2,0,0,0,0,1,0,0.00,0,0,0,0,0,0,Matches
109,Raúl Camacho,mx MEX,"FW,DF",Mazatlán,23-047,2002,3.8,3,0.79,2,0,0,1,0,0,0,0.00,0,0,0,0,0,0,Matches
110,Hugo Camberos,mx MEX,"FW,MF",Guadalajara,18-288,2006,9.7,32,3.31,16,5,2,4,5,0,3,0.31,2,0,0,1,0,0,Matches
111,Diber Cambindo,co COL,FW,Necaxa,29-077,1996,24.0,51,2.13,33,0,4,10,3,1,7,0.29,2,0,1,3,0,1,Matches
112,Diego Campillo,mx MEX,MF,FC Juárez,23-198,2001,24.5,50,2.04,43,2,5,0,0,0,3,0.12,2,0,1,0,0,0,Matches
113,Omar Campos,mx MEX,DF,Cruz Azul,22-289,2002,1.6,4,2.57,3,0,0,0,1,0,0,0.00,0,0,0,0,0,0,Matches
114,Sergio Canales,es ESP,"MF,FW",Monterrey,34-078,1991,29.3,151,5.15,92,36,9,7,6,1,16,0.55,10,3,1,2,0,0,Matches
115,Luis Cañamar,mx MEX,DF,Atlético,22-354,2002,1.0,1,1.02,1,0,0,0,0,0,0,0.00,0,0,0,0,0,0,Matches
116,Camilo Cándido,uy URU,"DF,MF",Cruz Azul,29-337,1995,2.5,12,4.70,10,1,1,0,0,0,2,0.78,2,0,0,0,0,0,Matches
117,Luis Cárdenas,mx MEX,GK,Monterrey,31-232,1993,10.0,2,0.20,1,1,0,0,0,0,0,0.00,0,0,0,0,0,0,Matches
118,Rafael Carioca,br BRA,MF,UANL,35-321,1989,15.7,35,2.23,32,1,0,1,1,0,2,0.13,2,0,0,0,0,0,Matches
119,Jan Carmona,mx MEX,"MF,FW",FC Juárez,21-014,2004,1.2,1,0.87,0,0,0,0,1,0,0,0.00,0,0,0,0,0,0,Matches
120,Héctor Carranza,mx MEX,MF,Santos,21-122,2004,0.1,2,25.71,1,0,0,0,1,0,0,0.00,0,0,0,0,0,0,Matches
121,Adalberto Carrasquilla,pa PAN,MF,UNAM,26-158,1998,11.2,47,4.19,34,7,4,1,1,0,4,0.36,2,1,0,0,1,0,Matches
122,Jordan Carrillo,mx MEX,"MF,FW",Santos,23-156,2001,15.4,77,4.99,35,18,8,2,14,0,5,0.32,2,1,1,0,1,0,Matches
123,Stephano Carrillo,mx MEX,"FW,MF",Santos,19-059,2006,4.5,6,1.33,3,0,1,1,1,0,1,0.22,0,0,0,0,1,0,Matches
124,Guilherme Carvalho,br BRA,MF,FC Juárez,25-228,1999,24.2,79,3.27,38,32,1,2,4,2,8,0.33,2,5,0,0,1,0,Matches
125,Kevin Castañeda,mx MEX,"MF,FW",Tijuana,25-189,1999,21.9,100,4.57,81,6,2,4,5,2,16,0.73,11,1,1,1,1,1,Matches
Rk,Player,Nation,Pos,Squad,Age,Born,90s,SCA,SCA90,PassLive,PassDead,TO,Sh,Fld,Def,GCA,GCA90,PassLive,PassDead,TO,Sh,Fld,Def,Matches
126,Christian Castillo,cl CHI,FW,Querétaro,28-153,1996,0.5,1,2.00,1,0,0,0,0,0,0,0.00,0,0,0,0,0,0,Matches
127,Klever Castillo,mx MEX,FW,Toluca,19-266,2005,0.8,5,6.52,5,0,0,0,0,0,1,1.30,1,0,0,0,0,0,Matches
128,Moises Castillo,co COL,DF,FC Juárez,23-346,2001,21.5,16,0.74,13,0,0,0,1,2,1,0.05,1,0,0,0,0,0,Matches
129,José Castillo Pérez,mx MEX,DF,Guadalajara,23-154,2001,25.0,27,1.08,21,2,2,1,0,1,2,0.08,2,0,0,0,0,0,Matches
130,Raúl Castillo,mx MEX,"MF,FW",Puebla,23-154,2001,16.6,75,4.52,41,25,1,4,3,1,7,0.42,4,1,0,1,1,0,Matches
131,Christopher Castro,mx MEX,DF,Mazatlán,19-315,2005,1.2,0,0.00,0,0,0,0,0,0,0,0.00,0,0,0,0,0,0,Matches
132,Manuel Castro,uy URU,"MF,FW",FC Juárez,29-220,1995,1.0,3,3.00,1,1,0,0,1,0,1,1.00,0,0,0,0,1,0,Matches
133,Lucas Cavallini,ca CAN,FW,Puebla,32-128,1992,3.6,11,3.02,6,0,1,2,2,0,1,0.27,0,0,0,1,0,0,Matches
134,Alan Cervantes,mx MEX,MF,Santos,27-108,1998,1.0,0,0.00,0,0,0,0,0,0,0,0.00,0,0,0,0,0,0,Matches
135,Alan Cervantes,mx MEX,MF,América,27-108,1998,14.4,21,1.46,17,0,0,2,1,1,2,0.14,2,0,0,0,0,0,Matches
136,Luís Cervantes,mx MEX,DF,León,24-085,2001,0.4,0,0.00,0,0,0,0,0,0,0,0.00,0,0,0,0,0,0,Matches
137,Ángel Chávez,mx MEX,DF,Necaxa,20-075,2005,0.1,1,15.00,1,0,0,0,0,0,0,0.00,0,0,0,0,0,0,Matches
138,Mateo Chávez,mx MEX,DF,Guadalajara,20-358,2004,19.9,43,2.17,33,3,2,0,3,2,6,0.30,5,0,1,0,0,0,Matches
139,Ricardo Chávez Soto,mx MEX,"DF,MF",Atlético,30-167,1994,13.7,26,1.90,23,2,0,0,0,1,4,0.29,4,0,0,0,0,0,Matches
140,Ricardo Chávez Soto,mx MEX,DF,Monterrey,30-167,1994,11.3,46,4.09,35,4,1,3,2,1,4,0.36,1,1,0,2,0,0,Matches
141,Ronaldo Cisneros,mx MEX,FW,Querétaro,28-117,1997,8.2,9,1.10,8,0,1,0,0,0,0,0.00,0,0,0,0,0,0,Matches
142,Matías Cóccaro,uy URU,"FW,MF",Atlas,27-171,1997,2.4,8,3.29,5,0,1,1,1,0,1,0.41,1,0,0,0,0,0,Matches
143,Josué Colmán,py PAR,"MF,FW",Querétaro,26-284,1998,8.4,36,4.27,21,11,3,1,0,0,7,0.83,4,3,0,0,0,0,Matches
144,Josué Colmán,py PAR,"MF,DF",Mazatlán,26-284,1998,6.1,29,4.74,13,8,4,4,0,0,3,0.49,1,0,0,2,0,0,Matches
145,Bryan Colula,mx MEX,DF,Mazatlán,29-029,1996,24.5,38,1.55,28,2,0,3,3,2,1,0.04,0,0,0,0,1,0,Matches
146,Francisco Contreras,mx MEX,"DF,MF",Tijuana,25-324,1999,7.3,15,2.06,13,0,2,0,0,0,0,0.00,0,0,0,0,0,0,Matches
147,Mario Cordero,mx MEX,FW,Santos,21-156,2003,0.1,1,9.00,1,0,0,0,0,0,0,0.00,0,0,0,0,0,0,Matches
148,Jesús Corona,mx MEX,"FW,MF",Monterrey,32-119,1993,14.6,70,4.79,50,5,7,1,4,3,13,0.89,10,0,1,0,0,2,Matches
149,Joe Corona,us USA,MF,Tijuana,34-300,1990,10.9,22,2.01,19,1,0,1,1,0,2,0.18,2,0,0,0,0,0,Matches
150,José Corona,mx MEX,GK,Tijuana,44-099,1981,10.1,1,0.10,1,0,0,0,0,0,1,0.10,1,0,0,0,0,0,Matches
Rk,Player,Nation,Pos,Squad,Age,Born,90s,SCA,SCA90,PassLive,PassDead,TO,Sh,Fld,Def,GCA,GCA90,PassLive,PassDead,TO,Sh,Fld,Def,Matches
151,Rogelio Cortéz Pineda,mx MEX,"FW,MF",Necaxa,20-302,2004,1.9,11,5.79,8,1,0,0,1,1,1,0.53,0,0,0,0,1,0,Matches
152,Jordi Cortizo,mx MEX,"MF,FW",Monterrey,28-309,1996,10.2,45,4.44,35,3,5,1,1,0,3,0.30,3,0,0,0,0,0,Matches
153,Rodolfo Cota,mx MEX,GK,América,37-306,1987,5.5,1,0.18,1,0,0,0,0,0,0,0.00,0,0,0,0,0,0,Matches
154,Cade Cowell,us USA,"FW,MF",Guadalajara,21-203,2003,13.6,37,2.73,24,1,9,2,1,0,2,0.15,1,0,1,0,0,0,Matches
155,Aldo Cruz,mx MEX,DF,Atlético,27-223,1997,26.7,35,1.31,33,1,0,0,1,0,2,0.07,2,0,0,0,0,0,Matches
156,Cristián Dajome,co COL,"FW,MF",Santos,31-122,1994,7.6,11,1.45,10,0,0,0,1,0,0,0.00,0,0,0,0,0,0,Matches
157,Jürgen Damm,mx MEX,DF,Atlético,32-179,1992,0.3,2,7.20,1,0,1,0,0,0,0,0.00,0,0,0,0,0,0,Matches
158,Jesús David Murillo,co COL,DF,FC Juárez,31-076,1994,8.7,5,0.58,5,0,0,0,0,0,0,0.00,0,0,0,0,0,0,Matches
159,José David Ramírez,mx MEX,"MF,DF",León,29-142,1995,13.4,31,2.32,29,0,0,1,1,0,4,0.30,4,0,0,0,0,0,Matches
160,Víctor Dávila,cl CHI,"FW,MF",América,27-182,1997,12.8,35,2.73,22,3,2,4,3,1,3,0.23,0,0,0,3,0,0,Matches
161,Diego De Buen,mx MEX,MF,Puebla,33-306,1991,15.9,25,1.58,19,1,1,3,0,1,0,0.00,0,0,0,0,0,0,Matches
162,Diego De Buen,mx MEX,"MF,DF",Necaxa,33-306,1991,8.1,9,1.11,7,0,1,1,0,0,2,0.25,1,0,0,1,0,0,Matches
163,Sergio De los Ríos,mx MEX,"MF,DF",Pachuca,21-311,2003,1.2,6,5.00,3,1,2,0,0,0,0,0.00,0,0,0,0,0,0,Matches
164,Gustavo Del Prete,ar ARG,"MF,FW",Atlas,28-327,1996,6.2,20,3.21,11,5,0,1,3,0,1,0.16,0,1,0,0,0,0,Matches
165,Gustavo Del Prete,ar ARG,"MF,FW",Mazatlán,28-327,1996,2.6,7,2.74,7,0,0,0,0,0,0,0.00,0,0,0,0,0,0,Matches
166,Everardo Del Villar,mx MEX,DF,Toluca,20-043,2005,8.6,5,0.58,4,0,0,1,0,0,0,0.00,0,0,0,0,0,0,Matches
167,Diego Delgadillo,mx MEX,FW,Guadalajara,21-104,2004,0.1,0,0.00,0,0,0,0,0,0,0,0.00,0,0,0,0,0,0,Matches
168,Arturo Delgado,mx MEX,GK,FC Juárez,23-076,2002,2.0,0,0.00,0,0,0,0,0,0,0,0.00,0,0,0,0,0,0,Matches
169,Nelson Deossa,co COL,MF,Pachuca,25-088,2000,13.5,45,3.34,30,4,6,3,2,0,4,0.30,3,0,0,1,0,0,Matches
170,Nelson Deossa,co COL,"MF,FW",Monterrey,25-088,2000,12.1,50,4.11,33,1,6,2,7,1,2,0.16,1,0,0,0,1,0,Matches
171,Benny Díaz,mx MEX,GK,FC Juárez,26-141,1998,11.0,1,0.09,0,1,0,0,0,0,0,0.00,0,0,0,0,0,0,Matches
172,Nicolás Díaz Huincales,cl CHI,DF,Tijuana,25-350,1999,7.5,8,1.06,8,0,0,0,0,0,0,0.00,0,0,0,0,0,0,Matches
173,Jair Díaz,mx MEX,DF,Mazatlán,26-257,1998,22.7,19,0.83,12,4,0,2,0,1,2,0.09,1,1,0,0,0,0,Matches
174,Javairô Dilrosun,nl NED,"FW,MF",América,26-317,1998,11.7,40,3.43,25,5,3,1,6,0,5,0.43,4,1,0,0,0,0,Matches
175,Willer Ditta,co COL,DF,Cruz Azul,28-102,1997,32.7,44,1.35,39,1,1,2,0,1,3,0.09,3,0,0,0,0,0,Matches
Rk,Player,Nation,Pos,Squad,Age,Born,90s,SCA,SCA90,PassLive,PassDead,TO,Sh,Fld,Def,GCA,GCA90,PassLive,PassDead,TO,Sh,Fld,Def,Matches
176,Alexei Dominguez,mx MEX,"FW,MF",Pachuca,20-122,2005,1.9,5,2.65,5,0,0,0,0,0,1,0.53,1,0,0,0,0,0,Matches
177,Idekel Domínguez,mx MEX,DF,Atlas,24-337,2000,6.5,12,1.86,6,4,1,0,0,1,2,0.31,2,0,0,0,0,0,Matches
178,Joel Domínguez,mx MEX,MF,Monterrey,20-116,2005,0.0,0,0.00,0,0,0,0,0,0,0,0.00,0,0,0,0,0,0,Matches
179,Jose Domínguez,py PAR,DF,Querétaro,28-289,1996,20.5,11,0.54,8,0,1,1,1,0,0,0.00,0,0,0,0,0,0,Matches
180,Juan Domínguez,mx MEX,"FW,MF",Toluca,26-187,1998,16.4,44,2.68,36,2,3,1,2,0,5,0.30,5,0,0,0,0,0,Matches
181,Julio Domínguez,mx MEX,DF,Atlético,37-178,1987,19.9,14,0.70,11,0,0,2,0,1,2,0.10,2,0,0,0,0,0,Matches
182,Misael Domínguez,mx MEX,"FW,MF",Querétaro,25-190,1999,0.9,0,0.00,0,0,0,0,0,0,0,0.00,0,0,0,0,0,0,Matches
183,Dória,br BRA,DF,Atlas,30-178,1994,29.0,20,0.69,14,3,0,2,1,0,3,0.10,1,0,0,1,1,0,Matches
184,Jonathan dos Santos,mx MEX,MF,América,35-009,1990,12.5,17,1.36,15,0,0,1,0,1,0,0.00,0,0,0,0,0,0,Matches
185,Rodrigo Dourado,br BRA,MF,Atlético,30-322,1994,32.7,51,1.56,43,0,2,3,0,3,2,0.06,1,0,0,1,0,0,Matches
186,Anderson Duarte,uy URU,"MF,FW",Toluca,21-043,2004,1.5,7,4.63,4,0,0,0,2,1,0,0.00,0,0,0,0,0,0,Matches
187,Anderson Duarte,uy URU,"FW,MF",Mazatlán,21-043,2004,6.5,8,1.23,5,0,1,0,2,0,1,0.15,1,0,0,0,0,0,Matches
188,Rubén Duarte,es ESP,DF,UNAM,29-199,1995,25.5,38,1.49,29,6,0,2,0,1,4,0.16,3,0,0,1,0,0,Matches
189,Jeyson Duran,mx MEX,MF,Cruz Azul,20-099,2005,0.1,1,10.00,1,0,0,0,0,0,0,0.00,0,0,0,0,0,0,Matches
190,Rafael Durán,mx MEX,"MF,FW",Puebla,27-258,1997,1.7,3,1.79,1,0,1,1,0,0,1,0.60,0,0,0,1,0,0,Matches
191,Emmanuel Echeverría,mx MEX,DF,Santos,21-213,2003,24.0,35,1.46,24,0,4,3,4,0,0,0.00,0,0,0,0,0,0,Matches
192,Rodrigo Echeverría,cl CHI,"MF,FW",León,30-018,1995,13.9,19,1.37,17,0,0,0,0,2,2,0.14,2,0,0,0,0,0,Matches
193,Edson,br BRA,DF,FC Juárez,27-011,1998,5.8,10,1.73,7,1,1,0,1,0,0,0.00,0,0,0,0,0,0,Matches
194,José Eduardo Castillo,mx MEX,DF,Pachuca,21-078,2004,1.0,2,2.00,2,0,0,0,0,0,0,0.00,0,0,0,0,0,0,Matches
195,Javier Eduardo López,mx MEX,"MF,FW",Pachuca,30-230,1994,4.7,36,7.70,24,12,0,0,0,0,1,0.21,1,0,0,0,0,0,Matches
196,Jorge Eduardo Sánchez,mx MEX,"DF,FW",Cruz Azul,27-146,1997,25.5,68,2.67,57,4,1,6,0,0,8,0.31,7,0,0,1,0,0,Matches
197,Francisco Eduardo Venegas,mx MEX,DF,Querétaro,26-293,1998,21.5,44,2.04,32,3,1,6,0,2,2,0.09,2,0,0,0,0,0,Matches
198,Luis Enrique Quiñones,co COL,"FW,MF",Puebla,33-313,1991,15.2,55,3.68,37,5,4,4,5,0,6,0.40,3,0,1,1,1,0,Matches
199,Luis Enrique Quiñones,co COL,"FW,MF",UANL,33-313,1991,1.9,11,5.79,10,1,0,0,0,0,1,0.53,1,0,0,0,0,0,Matches
200,Robert Ergas,uy URU,DF,UNAM,27-110,1998,25.0,59,2.36,48,6,3,2,0,0,8,0.32,6,1,1,0,0,0,Matches
Rk,Player,Nation,Pos,Squad,Age,Born,90s,SCA,SCA90,PassLive,PassDead,TO,Sh,Fld,Def,GCA,GCA90,PassLive,PassDead,TO,Sh,Fld,Def,Matches
201,Carlos Ernesto Cisneros,mx MEX,"FW,MF",Guadalajara,31-248,1993,3.6,15,4.21,7,4,0,3,1,0,1,0.28,0,0,0,1,0,0,Matches
202,Carlos Ernesto Cisneros,mx MEX,"FW,MF",León,31-248,1993,2.2,7,3.23,4,0,0,1,2,0,1,0.46,1,0,0,0,0,0,Matches
203,Kevin Escamilla,mx MEX,"MF,DF",Querétaro,31-073,1994,22.1,30,1.36,28,0,0,2,0,0,5,0.23,4,0,0,1,0,0,Matches
204,Alonso Escoboza,mx MEX,"DF,MF",Mazatlán,32-103,1993,9.6,34,3.56,19,13,1,1,0,0,2,0.21,2,0,0,0,0,0,Matches
205,Dagoberto Espinoza,mx MEX,"DF,MF",América,21-018,2004,11.0,22,1.99,17,0,1,0,2,2,1,0.09,1,0,0,0,0,0,Matches
206,Luis Espinoza,mx MEX,"DF,FW",Santos,21-101,2004,1.8,2,1.10,2,0,0,0,0,0,0,0.00,0,0,0,0,0,0,Matches
207,Ángel Estrada,mx MEX,MF,León,22-105,2003,14.6,16,1.10,12,1,1,1,1,0,4,0.28,3,0,1,0,0,0,Matches
208,Oscar Estupiñan,co COL,FW,FC Juárez,28-127,1996,21.1,42,1.99,26,0,3,6,6,1,3,0.14,0,0,0,2,1,0,Matches
209,José Eulogio,mx MEX,GK,Pachuca,21-083,2004,2.0,1,0.50,1,0,0,0,0,0,0,0.00,0,0,0,0,0,0,Matches
210,Franco Fagúndez,uy URU,"MF,FW",Santos,24-290,2000,9.1,57,6.25,26,20,2,4,5,0,2,0.22,0,1,1,0,0,0,Matches
211,Lorenzo Faravelli,ar ARG,MF,Cruz Azul,32-037,1993,23.1,60,2.59,51,0,2,2,3,2,6,0.26,5,0,0,0,0,1,Matches
212,Juan Fedorco,ar ARG,DF,Puebla,24-158,2000,9.2,3,0.33,3,0,0,0,0,0,0,0.00,0,0,0,0,0,0,Matches
213,Carlos Felipe Rodríguez,mx MEX,GK,UANL,36-032,1989,3.0,0,0.00,0,0,0,0,0,0,0,0.00,0,0,0,0,0,0,Matches
214,Gabriel Fernández,uy URU,FW,Cruz Azul,30-357,1994,7.6,21,2.75,14,0,1,4,2,0,2,0.26,1,0,0,1,0,0,Matches
215,Joaquín Fernández,uy URU,DF,Tijuana,26-103,1999,2.2,1,0.46,0,0,0,0,1,0,0,0.00,0,0,0,0,0,0,Matches
216,Rafael Fernández,mx MEX,DF,Tijuana,24-273,2000,19.5,17,0.87,11,4,0,0,0,2,1,0.05,0,1,0,0,0,0,Matches
217,Gustavo Ferrareis,br BRA,"DF,MF",Puebla,29-123,1996,23.2,43,1.85,29,7,2,1,3,1,2,0.09,0,1,0,0,1,0,Matches
218,Álvaro Fidalgo,es ESP,MF,América,28-026,1997,23.8,97,4.08,81,2,6,5,2,1,11,0.46,7,1,1,1,1,0,Matches
219,Sebastián Fierro,mx MEX,MF,León,23-261,2001,2.1,1,0.47,1,0,0,0,0,0,0,0.00,0,0,0,0,0,0,Matches
220,Iker Fimbres,mx MEX,MF,Monterrey,19-337,2005,14.3,32,2.24,27,0,4,1,0,0,4,0.28,4,0,0,0,0,0,Matches
221,Daniel Flores,us USA,DF,Guadalajara,21-359,2003,0.1,0,0.00,0,0,0,0,0,0,0,0.00,0,0,0,0,0,0,Matches
222,Jonathan Flores,mx MEX,DF,UNAM,18-295,2006,1.0,2,2.00,0,1,0,0,0,1,0,0.00,0,0,0,0,0,0,Matches
223,Leonardo Flores,mx MEX,"FW,MF",Atlas,22-014,2003,7.4,14,1.89,11,0,0,0,3,0,2,0.27,2,0,0,0,0,0,Matches
224,Marcelo Flores,mx MEX,"FW,MF",UANL,21-216,2003,11.3,45,4.00,35,2,5,3,0,0,1,0.09,1,0,0,0,0,0,Matches
225,Nicolas Fonseca,uy URU,MF,León,26-198,1998,13.3,15,1.13,14,0,0,1,0,0,3,0.23,3,0,0,0,0,0,Matches
Rk,Player,Nation,Pos,Squad,Age,Born,90s,SCA,SCA90,PassLive,PassDead,TO,Sh,Fld,Def,GCA,GCA90,PassLive,PassDead,TO,Sh,Fld,Def,Matches
226,Alexis Francisco Peña,mx MEX,DF,Necaxa,29-112,1996,17.0,9,0.53,7,0,0,0,0,2,3,0.18,2,0,0,0,0,1,Matches
227,Ramiro Franco,mx MEX,DF,Tijuana,21-192,2003,7.1,4,0.56,4,0,0,0,0,0,0,0.00,0,0,0,0,0,0,Matches
228,Ramiro Franco,mx MEX,DF,Mazatlán,21-192,2003,4.1,6,1.48,3,0,0,1,0,2,0,0.00,0,0,0,0,0,0,Matches
229,Adonis Frías,ar ARG,"DF,MF",León,27-049,1998,9.5,23,2.43,17,0,2,2,2,0,2,0.21,2,0,0,0,0,0,Matches
230,Raymundo Fulgencio,mx MEX,"FW,MF",Atlas,25-082,2000,11.7,58,4.96,28,24,2,2,1,1,7,0.60,4,3,0,0,0,0,Matches
231,Raymundo Fulgencio,mx MEX,FW,UANL,25-082,2000,1.8,5,2.76,5,0,0,0,0,0,0,0.00,0,0,0,0,0,0,Matches
232,Rogelio Funes Mori,mx MEX,FW,UNAM,34-061,1991,13.3,32,2.40,23,0,1,5,3,0,6,0.45,3,0,0,2,1,0,Matches
233,Eduardo Gabriel,br BRA,DF,Pachuca,29-081,1996,14.4,8,0.56,7,0,0,1,0,0,1,0.07,1,0,0,0,0,0,Matches
234,Benjamín Galdames,mx MEX,"MF,FW",Atlético,24-070,2001,5.6,17,3.02,11,3,2,0,1,0,1,0.18,1,0,0,0,0,0,Matches
235,José Galindo,mx MEX,"DF,MF",UNAM,27-112,1998,0.6,1,1.70,0,1,0,0,0,0,0,0.00,0,0,0,0,0,0,Matches
236,Jesús Gallardo,mx MEX,DF,Toluca,30-263,1994,28.2,63,2.24,54,4,0,2,2,1,13,0.46,10,1,0,1,1,0,Matches
237,Bryan Gamboa,mx MEX,"MF,FW",Cruz Azul,23-053,2002,0.4,0,0.00,0,0,0,0,0,0,0,0.00,0,0,0,0,0,0,Matches
238,Aitor García,es ESP,"FW,MF",FC Juárez,31-041,1994,4.7,9,1.92,5,0,3,1,0,0,2,0.43,1,0,1,0,0,0,Matches
239,Amaury García,mx MEX,"MF,FW",Cruz Azul,23-137,2001,0.2,1,4.09,1,0,0,0,0,0,0,0.00,0,0,0,0,0,0,Matches
240,Brian García,mx MEX,DF,Toluca,27-186,1997,17.1,43,2.51,38,3,1,1,0,0,5,0.29,5,0,0,0,0,0,Matches
241,Denzell García,mx MEX,"DF,MF",FC Juárez,21-263,2003,16.6,32,1.92,27,4,0,0,0,1,1,0.06,0,1,0,0,0,0,Matches
242,Eduardo García,mx MEX,GK,Guadalajara,22-298,2002,2.0,0,0.00,0,0,0,0,0,0,0,0.00,0,0,0,0,0,0,Matches
243,Francisco García,mx MEX,FW,América,21-209,2003,0.2,0,0.00,0,0,0,0,0,0,0,0.00,0,0,0,0,0,0,Matches
244,Gael García,mx MEX,FW,Guadalajara,16-335,2008,0.0,0,0.00,0,0,0,0,0,0,0,0.00,0,0,0,0,0,0,Matches
245,Jorge García,mx MEX,"MF,FW",Cruz Azul,23-103,2002,0.9,1,1.18,1,0,0,0,0,0,0,0.00,0,0,0,0,0,0,Matches
246,José García,mx MEX,DF,FC Juárez,28-317,1996,14.3,6,0.42,6,0,0,0,0,0,0,0.00,0,0,0,0,0,0,Matches
247,Luan Garcia,br BRA,DF,Toluca,31-360,1993,24.5,20,0.82,14,0,2,2,1,1,0,0.00,0,0,0,0,0,0,Matches
248,Luis García,mx MEX,"MF,FW",Puebla,32-041,1993,1.3,3,2.31,3,0,0,0,0,0,0,0.00,0,0,0,0,0,0,Matches
249,Mateo García,ar ARG,"MF,FW",Atlas,28-237,1996,4.5,10,2.20,8,1,0,1,0,0,0,0.00,0,0,0,0,0,0,Matches
250,Miguel Garcia,mx MEX,"DF,MF",Atlético,23-203,2001,9.5,7,0.73,6,1,0,0,0,0,0,0.00,0,0,0,0,0,0,Matches
Rk,Player,Nation,Pos,Squad,Age,Born,90s,SCA,SCA90,PassLive,PassDead,TO,Sh,Fld,Def,GCA,GCA90,PassLive,PassDead,TO,Sh,Fld,Def,Matches
251,Bryan Garnica,mx MEX,"FW,DF",Puebla,28-343,1996,2.3,6,2.57,3,1,0,0,1,1,0,0.00,0,0,0,0,0,0,Matches
252,Bryan Garnica,mx MEX,"FW,DF",Necaxa,28-343,1996,11.1,48,4.31,35,8,2,1,2,0,3,0.27,2,0,0,0,1,0,Matches
253,César Garza,mx MEX,MF,Monterrey,19-308,2005,0.2,1,5.29,1,0,0,0,0,0,0,0.00,0,0,0,0,0,0,Matches
254,Jesús Garza,mx MEX,DF,UANL,24-333,2000,14.0,34,2.42,26,4,1,1,1,1,2,0.14,2,0,0,0,0,0,Matches
255,Giorgos Giakoumakis,gr GRE,FW,Cruz Azul,30-147,1994,14.8,32,2.16,18,0,2,6,5,1,6,0.41,5,0,0,0,1,0,Matches
256,André-Pierre Gignac,fr FRA,FW,UANL,39-151,1985,12.3,26,2.12,20,0,2,3,1,0,2,0.16,2,0,0,0,0,0,Matches
257,Faber Gil,co COL,"FW,MF",Pachuca,30-052,1995,3.1,12,3.82,10,0,0,1,1,0,0,0.00,0,0,0,0,0,0,Matches
258,Said Godínez,mx MEX,MF,Mazatlán,20-191,2004,2.3,1,0.44,1,0,0,0,0,0,0,0.00,0,0,0,0,0,0,Matches
259,Alejandro Gómez,mx MEX,"DF,MF",Tijuana,23-094,2002,22.8,29,1.27,26,0,0,2,1,0,4,0.18,4,0,0,0,0,0,Matches
260,Diego Gómez,mx MEX,"MF,FW",Necaxa,21-237,2003,5.1,2,0.39,2,0,0,0,0,0,0,0.00,0,0,0,0,0,0,Matches
261,Emiliano Gómez,uy URU,"FW,MF",Puebla,23-229,2001,22.8,53,2.34,29,1,10,5,8,0,5,0.22,2,0,1,1,1,0,Matches
262,Luis Gómez,mx MEX,"DF,FW",Santos,18-123,2007,0.3,0,0.00,0,0,0,0,0,0,0,0.00,0,0,0,0,0,0,Matches
263,Miguel Gómez,mx MEX,DF,Guadalajara,22-218,2002,6.2,15,2.42,12,0,1,0,2,0,2,0.32,2,0,0,0,0,0,Matches
264,Jaime Gómez Valencia,mx MEX,"DF,MF",Querétaro,31-292,1993,11.8,22,1.87,19,0,2,0,0,1,1,0.08,1,0,0,0,0,0,Matches
265,Alfonso González,mx MEX,"FW,MF",Pachuca,30-242,1994,7.7,27,3.51,18,6,2,1,0,0,1,0.13,1,0,0,0,0,0,Matches
266,Armando González,mx MEX,FW,Guadalajara,22-015,2003,7.2,14,1.95,12,0,0,1,1,0,2,0.28,2,0,0,0,0,0,Matches
267,Bryan González,mx MEX,DF,Pachuca,22-025,2003,28.6,58,2.03,47,4,4,1,2,0,3,0.10,2,0,0,0,1,0,Matches
268,Pablo González Díaz,mx MEX,MF,Puebla,32-302,1992,21.1,20,0.95,18,1,0,0,0,1,1,0.05,1,0,0,0,0,0,Matches
269,Diego González,py PAR,"MF,FW",Atlas,22-118,2003,8.6,36,4.19,17,13,1,0,4,1,3,0.35,2,1,0,0,0,0,Matches
270,Hugo González Durán,mx MEX,GK,Mazatlán,34-277,1990,33.5,8,0.24,7,1,0,0,0,0,0,0.00,0,0,0,0,0,0,Matches
271,Carlos González Espínola,py PAR,FW,Tijuana,32-090,1993,6.4,16,2.49,11,0,1,3,1,0,0,0.00,0,0,0,0,0,0,Matches
272,Fernando González,mx MEX,"FW,MF",Querétaro,24-009,2001,2.0,12,6.07,10,2,0,0,0,0,1,0.51,1,0,0,0,0,0,Matches
273,Jair González,mx MEX,"MF,FW",Puebla,23-062,2002,1.9,13,6.84,7,0,3,0,3,0,0,0.00,0,0,0,0,0,0,Matches
274,Jonathan González,mx MEX,MF,FC Juárez,26-022,1999,12.4,12,0.97,10,0,0,0,0,2,1,0.08,1,0,0,0,0,0,Matches
275,Mateo González Mora,mx MEX,DF,Puebla,16-101,2009,0.2,0,0.00,0,0,0,0,0,0,0,0.00,0,0,0,0,0,0,Matches
Rk,Player,Nation,Pos,Squad,Age,Born,90s,SCA,SCA90,PassLive,PassDead,TO,Sh,Fld,Def,GCA,GCA90,PassLive,PassDead,TO,Sh,Fld,Def,Matches
276,Owen González,mx MEX,FW,Pachuca,21-289,2003,12.7,52,4.08,42,1,5,2,2,0,4,0.31,4,0,0,0,0,0,Matches
277,Fernando Gorriarán,uy URU,MF,UANL,30-159,1994,28.6,98,3.43,72,4,2,7,11,2,7,0.24,5,0,0,1,1,0,Matches
278,Ismael Govea,mx MEX,DF,Santos,28-074,1997,11.2,10,0.89,9,0,0,1,0,0,0,0.00,0,0,0,0,0,0,Matches
279,Omar Govea,mx MEX,MF,Guadalajara,29-107,1996,5.0,15,3.02,11,1,1,2,0,0,1,0.20,0,0,0,1,0,0,Matches
280,Andrés Guardado,mx MEX,MF,León,38-219,1986,15.3,45,2.93,34,3,2,3,3,0,5,0.33,3,0,1,0,1,0,Matches
281,Andrés Gudiño,mx MEX,GK,Cruz Azul,28-098,1997,1.0,0,0.00,0,0,0,0,0,0,0,0.00,0,0,0,0,0,0,Matches
282,Javier Güemez,mx MEX,MF,Santos,33-200,1991,15.4,38,2.47,34,1,0,3,0,0,4,0.26,3,0,0,1,0,0,Matches
283,Javier Güemez,mx MEX,MF,Atlético,33-200,1991,10.0,30,3.00,25,1,0,1,2,1,5,0.50,5,0,0,0,0,0,Matches
284,Edgar Guerra,co COL,"DF,MF",León,24-057,2001,11.9,34,2.87,24,2,6,1,1,0,5,0.42,2,0,2,0,1,0,Matches
285,Carlos Guillen,mx MEX,"MF,FW",Atlas,21-115,2004,3.3,18,5.40,12,4,0,0,0,2,0,0.00,0,0,0,0,0,0,Matches
286,Daniel Guillén,mx MEX,DF,Atlético,23-273,2001,7.6,2,0.26,2,0,0,0,0,0,0,0.00,0,0,0,0,0,0,Matches
287,Emanuel Gularte,uy URU,DF,Puebla,27-217,1997,27.9,18,0.65,13,1,1,2,0,1,0,0.00,0,0,0,0,0,0,Matches
288,Alex Gutiérrez,mx MEX,MF,Necaxa,16-308,2008,0.1,0,0.00,0,0,0,0,0,0,0,0.00,0,0,0,0,0,0,Matches
289,Alexis Gutiérrez,mx MEX,"MF,FW",Cruz Azul,25-068,2000,18.8,68,3.61,54,10,2,1,0,1,12,0.64,10,2,0,0,0,0,Matches
290,Luis Gutiérrez Castellanos,mx MEX,MF,Santos,23-093,2002,6.0,9,1.51,9,0,0,0,0,0,2,0.33,2,0,0,0,0,0,Matches
291,Edson Gutiérrez,mx MEX,DF,Santos,29-106,1996,11.7,7,0.60,6,0,0,0,1,0,1,0.09,1,0,0,0,0,0,Matches
292,Edson Gutiérrez,mx MEX,DF,Monterrey,29-106,1996,6.5,12,1.85,8,1,0,0,2,1,2,0.31,0,0,0,0,1,1,Matches
293,Erick Gutiérrez,mx MEX,MF,Guadalajara,29-324,1995,24.5,56,2.28,45,2,3,2,2,2,4,0.16,4,0,0,0,0,0,Matches
294,Luis Gutiérrez,mx MEX,DF,Cruz Azul,23-200,2001,0.0,0,0.00,0,0,0,0,0,0,0,0.00,0,0,0,0,0,0,Matches
295,Ricardo Gutiérrez,mx MEX,GK,Mazatlán,27-322,1997,0.5,0,0.00,0,0,0,0,0,0,0,0.00,0,0,0,0,0,0,Matches
296,Jorge Guzmán,mx MEX,"MF,DF",Atlas,21-143,2003,4.2,12,2.87,8,0,3,0,1,0,1,0.24,1,0,0,0,0,0,Matches
297,Nahuel Guzmán,ar ARG,GK,UANL,39-084,1986,28.0,5,0.18,5,0,0,0,0,0,1,0.04,1,0,0,0,0,0,Matches
298,Víctor Guzmán,mx MEX,"FW,MF",Guadalajara,30-091,1995,7.8,38,4.89,26,8,0,3,1,0,1,0.13,0,0,0,1,0,0,Matches
299,Víctor Guzmán,mx MEX,DF,Monterrey,23-059,2002,15.6,13,0.83,9,1,0,1,1,1,1,0.06,1,0,0,0,0,0,Matches
300,Helinho,br BRA,"FW,MF",Toluca,25-010,2000,8.1,29,3.57,20,2,3,0,3,1,1,0.12,1,0,0,0,0,0,Matches
Rk,Player,Nation,Pos,Squad,Age,Born,90s,SCA,SCA90,PassLive,PassDead,TO,Sh,Fld,Def,GCA,GCA90,PassLive,PassDead,TO,Sh,Fld,Def,Matches
301,Diego Hernández,uy URU,"MF,FW",León,24-317,2000,8.6,37,4.31,16,14,3,3,1,0,2,0.23,2,0,0,0,0,0,Matches
302,Illian Hernandez,mx MEX,"FW,DF",América,25-023,2000,1.4,3,2.14,1,0,0,2,0,0,0,0.00,0,0,0,0,0,0,Matches
303,Illian Hernandez,mx MEX,"FW,MF",Pachuca,25-023,2000,0.8,4,4.74,2,0,0,1,1,0,1,1.18,0,0,0,1,0,0,Matches
304,Javier Hernández,mx MEX,FW,Guadalajara,36-338,1988,10.1,15,1.48,12,0,1,2,0,0,3,0.30,2,0,1,0,0,0,Matches
305,Jesús Hernández,mx MEX,FW,Tijuana,21-116,2004,0.5,0,0.00,0,0,0,0,0,0,0,0.00,0,0,0,0,0,0,Matches
306,Jesús Hernández,mx MEX,"FW,MF",León,23-277,2001,1.9,6,3.18,3,1,1,0,1,0,0,0.00,0,0,0,0,0,0,Matches
307,Jorge Hernández,mx MEX,GK,Querétaro,26-149,1998,9.0,2,0.22,1,1,0,0,0,0,0,0.00,0,0,0,0,0,0,Matches
308,Pedro Hernández,mx MEX,MF,León,24-186,2000,0.0,0,0.00,0,0,0,0,0,0,0,0.00,0,0,0,0,0,0,Matches
309,Sebastián Hernández,mx MEX,"MF,FW",Querétaro,21-053,2004,6.5,11,1.69,7,0,0,2,2,0,1,0.15,0,0,0,0,1,0,Matches
310,Sergio Hernández,mx MEX,"MF,FW",Pachuca,22-229,2002,7.9,18,2.28,12,1,3,2,0,0,5,0.63,2,0,2,1,0,0,Matches
311,Alberto Herrera,mx MEX,"MF,FW",Puebla,24-071,2001,10.6,23,2.17,14,6,0,2,1,0,2,0.19,1,1,0,0,0,0,Matches
312,Héctor Herrera,mx MEX,MF,Toluca,35-016,1990,5.1,13,2.54,11,1,0,1,0,0,3,0.59,1,1,0,1,0,0,Matches
313,Ozziel Herrera,mx MEX,"FW,MF",UANL,23-347,2001,12.6,42,3.33,27,0,5,2,8,0,5,0.40,3,0,0,0,2,0,Matches
314,Héctor Holguín,mx MEX,GK,Santos,24-011,2001,1.0,0,0.00,0,0,0,0,0,0,0,0.00,0,0,0,0,0,0,Matches
315,Santiago Homenchenko,uy URU,MF,Pachuca,21-248,2003,5.2,11,2.12,10,0,0,1,0,0,1,0.19,1,0,0,0,0,0,Matches
316,César Huerta,mx MEX,"FW,MF",UNAM,24-153,2000,14.3,84,5.86,50,12,5,6,9,2,6,0.42,2,2,0,1,1,0,Matches
317,Rodrigo Huescas,mx MEX,DF,Cruz Azul,21-229,2003,1.0,3,3.00,2,1,0,0,0,0,0,0.00,0,0,0,0,0,0,Matches
318,Avilés Hurtado,co COL,"FW,MF",FC Juárez,38-015,1987,4.8,19,3.97,16,0,0,2,0,1,1,0.21,0,0,0,1,0,0,Matches
319,Nicolás Ibáñez,ar ARG,FW,UANL,30-255,1994,21.4,33,1.54,27,0,1,3,2,0,4,0.19,3,0,0,1,0,0,Matches
320,Oussama Idrissi,ma MAR,"FW,MF",Pachuca,29-068,1996,26.1,144,5.53,108,10,19,3,3,1,15,0.58,11,2,1,1,0,0,Matches
321,Jefferson Intriago,ec ECU,MF,Mazatlán,28-335,1996,10.4,9,0.87,5,2,0,1,0,1,0,0.00,0,0,0,0,0,0,Matches
322,Hugo Isaác Rodríguez,mx MEX,DF,Santos,34-331,1990,0.8,0,0.00,0,0,0,0,0,0,0,0.00,0,0,0,0,0,0,Matches
323,Mauricio Isais,mx MEX,"DF,MF",León,24-026,2001,3.0,7,2.37,6,0,0,0,1,0,0,0.00,0,0,0,0,0,0,Matches
324,Omar Israel Mendoza,mx MEX,DF,Querétaro,36-189,1988,21.8,24,1.10,19,3,0,0,2,0,2,0.09,2,0,0,0,0,0,Matches
325,José Iván Rodríguez,mx MEX,MF,Necaxa,28-322,1996,13.6,28,2.05,26,0,0,1,1,0,4,0.29,3,0,0,1,0,0,Matches
Rk,Player,Nation,Pos,Squad,Age,Born,90s,SCA,SCA90,PassLive,PassDead,TO,Sh,Fld,Def,GCA,GCA90,PassLive,PassDead,TO,Sh,Fld,Def,Matches
326,Tristhan Jaimes,mx MEX,"MF,FW",Puebla,22-046,2003,0.3,0,0.00,0,0,0,0,0,0,0,0.00,0,0,0,0,0,0,Matches
327,Cristian Jiménez,mx MEX,"DF,MF",Cruz Azul,22-291,2002,0.5,1,1.84,1,0,0,0,0,0,0,0.00,0,0,0,0,0,0,Matches
328,Oscar Jiménez,mx MEX,GK,León,36-205,1988,8.0,3,0.37,0,3,0,0,0,0,0,0.00,0,0,0,0,0,0,Matches
329,Miguel Jiménez Ponce,mx MEX,GK,Puebla,35-052,1990,24.0,9,0.37,5,4,0,0,0,0,0,0.00,0,0,0,0,0,0,Matches
330,Ricardo Jiménez,mx MEX,MF,Necaxa,19-013,2006,0.0,0,0.00,0,0,0,0,0,0,0,0.00,0,0,0,0,0,0,Matches
331,Tahiel Jiménez,mx MEX,"FW,MF",Santos,19-103,2006,10.7,16,1.49,11,0,0,3,2,0,0,0.00,0,0,0,0,0,0,Matches
332,Joaquim,br BRA,DF,UANL,26-128,1998,27.7,16,0.58,9,0,1,5,1,0,4,0.14,2,0,0,1,1,0,Matches
333,José Joaquín Esquivel,mx MEX,DF,Mazatlán,27-118,1998,9.0,13,1.45,11,2,0,0,0,0,1,0.11,1,0,0,0,0,0,Matches
334,Julio José González,mx MEX,GK,Puebla,34-012,1991,6.0,0,0.00,0,0,0,0,0,0,0,0.00,0,0,0,0,0,0,Matches
335,Julio José González,mx MEX,GK,UNAM,34-012,1991,13.0,2,0.15,2,0,0,0,0,0,0,0.00,0,0,0,0,0,0,Matches
336,Juan José Sánchez,co COL,DF,UANL,27-116,1998,7.4,7,0.95,6,0,0,0,1,0,0,0.00,0,0,0,0,0,0,Matches
337,José Juan Macías,mx MEX,"FW,MF",Santos,25-225,1999,0.6,1,1.58,0,0,0,0,1,0,0,0.00,0,0,0,0,0,0,Matches
338,Ramón Juárez,mx MEX,DF,América,23-361,2001,18.9,10,0.53,7,0,0,2,0,1,2,0.11,0,0,0,1,0,1,Matches
339,Jhojan Julio,ec ECU,"FW,DF",Tijuana,27-083,1998,3.7,9,2.45,8,0,0,0,1,0,2,0.54,2,0,0,0,0,0,Matches
340,Heriberto Jurado,mx MEX,"DF,FW",Necaxa,20-122,2005,10.5,31,2.96,21,3,2,2,1,2,2,0.19,0,2,0,0,0,0,Matches
341,Sebastián Jurado,mx MEX,GK,FC Juárez,27-219,1997,21.0,2,0.10,2,0,0,0,0,0,0,0.00,0,0,0,0,0,0,Matches
342,John Kennedy,br BRA,"MF,FW",Pachuca,22-352,2002,12.4,39,3.13,24,0,8,3,4,0,7,0.56,2,0,3,1,1,0,Matches
343,Mateo Klimowicz,de GER,"FW,MF",Atlético,24-303,2000,9.3,27,2.91,18,0,4,2,2,1,6,0.65,2,0,2,1,1,0,Matches
344,Roberto de la Rosa,mx MEX,"FW,MF",Monterrey,25-121,2000,7.1,18,2.53,17,0,0,1,0,0,5,0.70,5,0,0,0,0,0,Matches
345,Diego Lainez,mx MEX,"FW,DF",UANL,24-330,2000,17.8,69,3.88,50,8,4,4,2,1,10,0.56,6,2,0,0,1,1,Matches
346,Mauro Laínez,mx MEX,"MF,DF",Mazatlán,28-361,1996,7.4,13,1.75,10,0,1,0,2,0,0,0.00,0,0,0,0,0,0,Matches
347,Emilio Lara,mx MEX,DF,América,22-352,2002,0.7,1,1.53,1,0,0,0,0,0,0,0.00,0,0,0,0,0,0,Matches
348,Emilio Lara,mx MEX,DF,Necaxa,22-352,2002,21.8,27,1.24,22,4,0,0,1,0,3,0.14,3,0,0,0,0,0,Matches
349,Pablo Lara,mx MEX,GK,UNAM,19-310,2005,7.0,1,0.14,0,1,0,0,0,0,0,0.00,0,0,0,0,0,0,Matches
350,Israel Larios,mx MEX,"FW,MF",Atlas,21-359,2003,2.1,4,1.93,1,0,0,0,2,1,0,0.00,0,0,0,0,0,0,Matches
Rk,Player,Nation,Pos,Squad,Age,Born,90s,SCA,SCA90,PassLive,PassDead,TO,Sh,Fld,Def,GCA,GCA90,PassLive,PassDead,TO,Sh,Fld,Def,Matches
351,Antonio Leone,mx MEX,DF,Monterrey,21-007,2004,1.1,2,1.76,2,0,0,0,0,0,1,0.88,1,0,0,0,0,0,Matches
352,Federico Lértora,ar ARG,MF,Querétaro,34-304,1990,25.9,48,1.85,28,8,1,6,3,2,2,0.08,1,0,0,1,0,0,Matches
353,Mateo Levy,mx MEX,"FW,MF",Cruz Azul,18-195,2006,2.1,3,1.41,0,0,0,2,0,1,0,0.00,0,0,0,0,0,0,Matches
354,Emanuel Ley,mx MEX,FW,Tijuana,19-035,2006,0.2,0,0.00,0,0,0,0,0,0,0,0.00,0,0,0,0,0,0,Matches
355,Ángel Leyva,mx MEX,DF,Mazatlán,18-204,2006,0.1,0,0.00,0,0,0,0,0,0,0,0.00,0,0,0,0,0,0,Matches
356,Igor Lichnovsky,cl CHI,DF,América,31-059,1994,1.0,1,1.00,1,0,0,0,0,0,0,0.00,0,0,0,0,0,0,Matches
357,Erik Lira,mx MEX,"DF,MF",Cruz Azul,24-362,2000,29.1,53,1.82,47,1,1,2,1,1,3,0.10,3,0,0,0,0,0,Matches
358,Aldo López,mx MEX,"MF,DF",Santos,24-347,2000,22.3,37,1.66,29,0,2,3,2,1,7,0.31,4,0,2,1,0,0,Matches
359,César López,mx MEX,"MF,FW",FC Juárez,23-059,2002,0.9,0,0.00,0,0,0,0,0,0,0,0.00,0,0,0,0,0,0,Matches
360,Cesar López,mx MEX,GK,Atlético,24-329,2000,4.8,0,0.00,0,0,0,0,0,0,0,0.00,0,0,0,0,0,0,Matches
361,Daniel López,mx MEX,"FW,MF",Querétaro,25-052,2000,0.1,0,0.00,0,0,0,0,0,0,0,0.00,0,0,0,0,0,0,Matches
362,Eder López,mx MEX,DF,FC Juárez,19-124,2006,2.9,5,1.74,1,1,0,1,0,2,1,0.35,0,0,0,1,0,0,Matches
363,Edgar López,mx MEX,"FW,MF",Toluca,26-014,1999,6.8,15,2.22,11,0,0,1,2,1,2,0.30,1,0,0,0,1,0,Matches
364,Pau López,es ESP,GK,Toluca,30-143,1994,10.0,3,0.30,2,1,0,0,0,0,1,0.10,1,0,0,0,0,0,Matches
365,Rodrigo López,mx MEX,"MF,DF",UNAM,23-174,2001,11.2,47,4.21,25,14,4,1,3,0,3,0.27,0,2,1,0,0,0,Matches
366,Santiago López,ca CAN,"MF,FW",UNAM,19-329,2005,1.3,1,0.74,1,0,0,0,0,0,0,0.00,0,0,0,0,0,0,Matches
367,Victor Lopez,mx MEX,MF,Querétaro,21-362,2003,0.5,0,0.00,0,0,0,0,0,0,0,0.00,0,0,0,0,0,0,Matches
368,Vladimir Loroña,mx MEX,"DF,FW",Santos,26-170,1998,2.7,0,0.00,0,0,0,0,0,0,0,0.00,0,0,0,0,0,0,Matches
369,Vladimir Loroña,mx MEX,"DF,MF",UANL,26-170,1998,2.8,3,1.07,2,0,0,1,0,0,0,0.00,0,0,0,0,0,0,Matches
370,Anthony Lozano,hn HON,FW,Santos,32-010,1993,13.8,11,0.80,5,0,1,2,2,1,2,0.14,1,0,0,0,0,1,Matches
371,Esteban Lozano,mx MEX,"MF,FW",América,22-056,2003,1.2,7,5.83,4,0,0,3,0,0,0,0.00,0,0,0,0,0,0,Matches
372,José Lozano,mx MEX,"FW,DF",Atlas,26-212,1998,24.9,47,1.89,33,1,2,5,5,1,9,0.36,7,0,1,0,0,1,Matches
373,José Luis Rodríguez,pa PAN,"FW,MF",FC Juárez,26-320,1998,21.5,80,3.72,57,7,8,1,6,1,6,0.28,3,2,0,0,1,0,Matches
374,Israel Luna,mx MEX,"DF,MF",Pachuca,23-043,2002,0.4,0,0.00,0,0,0,0,0,0,0,0.00,0,0,0,0,0,0,Matches
375,Oscar Macías,mx MEX,MF,Atlético,26-300,1998,24.6,30,1.22,22,4,0,3,0,1,4,0.16,3,0,0,1,0,0,Matches
Rk,Player,Nation,Pos,Squad,Age,Born,90s,SCA,SCA90,PassLive,PassDead,TO,Sh,Fld,Def,GCA,GCA90,PassLive,PassDead,TO,Sh,Fld,Def,Matches
376,Waldo Madrid,mx MEX,FW,Necaxa,21-253,2003,0.3,0,0.00,0,0,0,0,0,0,0,0.00,0,0,0,0,0,0,Matches
377,Fernando Madrigal,mx MEX,"MF,DF",Tijuana,33-174,1991,3.6,4,1.10,3,0,0,0,1,0,1,0.28,0,0,0,0,1,0,Matches
378,Madson,br BRA,"FW,MF",FC Juárez,25-252,1999,9.6,24,2.49,18,0,1,2,3,0,4,0.42,2,0,1,1,0,0,Matches
379,Lisandro Magallán,ar ARG,DF,UNAM,31-220,1993,21.1,17,0.81,13,0,0,2,1,1,0,0.00,0,0,0,0,0,0,Matches
380,Luis Manuel García,mx MEX,GK,Toluca,32-125,1992,5.0,0,0.00,0,0,0,0,0,0,0,0.00,0,0,0,0,0,0,Matches
381,Óscar Manzanarez,mx MEX,DF,Querétaro,30-011,1995,13.5,4,0.30,2,2,0,0,0,0,0,0.00,0,0,0,0,0,0,Matches
382,Cristian Mares,mx MEX,"FW,MF",Puebla,20-235,2004,2.2,5,2.24,3,0,2,0,0,0,0,0.00,0,0,0,0,0,0,Matches
383,Antonio María,mx MEX,"FW,MF",Querétaro,21-023,2004,2.7,2,0.74,2,0,0,0,0,0,0,0.00,0,0,0,0,0,0,Matches
384,Ricardo Marín,mx MEX,"FW,MF",Puebla,27-048,1998,11.5,21,1.82,14,0,3,2,1,1,1,0.09,0,0,0,1,0,0,Matches
385,Ricardo Marín,mx MEX,"FW,MF",Guadalajara,27-048,1998,7.0,16,2.30,11,0,0,4,0,1,3,0.43,2,0,0,0,0,1,Matches
386,Salvador Mariscal,mx MEX,MF,Santos,22-013,2003,16.0,16,1.00,13,0,1,2,0,0,0,0.00,0,0,0,0,0,0,Matches
387,Ángel Márquez,mx MEX,MF,Atlas,24-318,2000,27.7,83,2.99,60,3,4,3,7,6,7,0.25,5,0,0,1,1,0,Matches
388,Henry Martín,mx MEX,FW,América,32-168,1992,18.6,58,3.11,44,0,3,4,7,0,12,0.64,10,0,1,1,0,0,Matches
389,Guillermo Martínez Ayala,mx MEX,FW,UNAM,30-051,1995,18.6,31,1.67,22,0,1,6,2,0,3,0.16,3,0,0,0,0,0,Matches
390,Gabriel Martínez,mx MEX,DF,Atlético,22-285,2002,0.2,0,0.00,0,0,0,0,0,0,0,0.00,0,0,0,0,0,0,Matches
391,Emilio Martínez González,mx MEX,DF,Necaxa,22-092,2003,9.2,10,1.08,6,3,0,0,1,0,0,0.00,0,0,0,0,0,0,Matches
392,Raúl Martínez,mx MEX,DF,Guadalajara,22-061,2003,6.8,1,0.15,1,0,0,0,0,0,0,0.00,0,0,0,0,0,0,Matches
393,Sebastián Martínez,mx MEX,FW,Atlético,22-010,2003,0.0,0,0.00,0,0,0,0,0,0,0,0.00,0,0,0,0,0,0,Matches
394,Alejandro Mayorga,mx MEX,DF,Necaxa,27-341,1997,20.8,33,1.58,27,4,1,0,0,1,3,0.14,3,0,0,0,0,0,Matches
395,Alan Medina,mx MEX,"MF,DF",Querétaro,27-259,1997,7.9,26,3.27,19,2,2,1,2,0,6,0.75,3,1,0,0,2,0,Matches
396,Alan Medina,uy URU,"MF,FW",León,27-025,1998,2.4,3,1.23,3,0,0,0,0,0,0,0.00,0,0,0,0,0,0,Matches
397,Diego Medina,mx MEX,"FW,DF",Santos,24-054,2001,6.3,10,1.59,6,0,1,1,0,2,1,0.16,0,0,1,0,0,0,Matches
398,Stefan Medina,co COL,DF,Monterrey,32-325,1992,27.7,34,1.23,30,1,1,2,0,0,7,0.25,6,0,0,1,0,0,Matches
399,Aaron Mejía Montoya,mx MEX,"DF,MF",Tijuana,23-333,2001,20.1,33,1.64,27,4,0,0,0,2,3,0.15,3,0,0,0,0,0,Matches
400,Ángel Mena,ec ECU,"MF,FW",Pachuca,37-104,1988,1.9,16,8.18,11,4,0,0,1,0,0,0.00,0,0,0,0,0,0,Matches
Rk,Player,Nation,Pos,Squad,Age,Born,90s,SCA,SCA90,PassLive,PassDead,TO,Sh,Fld,Def,GCA,GCA90,PassLive,PassDead,TO,Sh,Fld,Def,Matches
401,Alex Mendez,us USA,"FW,MF",FC Juárez,24-241,2000,0.7,2,3.05,0,1,1,0,0,0,0,0.00,0,0,0,0,0,0,Matches
402,Bruno Méndez,uy URU,DF,Toluca,25-237,1999,17.8,13,0.73,12,0,0,1,0,0,2,0.11,2,0,0,0,0,0,Matches
403,Stiven Mendoza,co COL,"FW,MF",León,32-312,1992,23.2,77,3.32,55,4,6,6,6,0,8,0.35,4,1,2,1,0,0,Matches
404,Jean Meneses,cl CHI,FW,Toluca,32-050,1993,2.8,12,4.34,6,2,1,2,1,0,0,0.00,0,0,0,0,0,0,Matches
405,Roberto Meraz,mx MEX,MF,Mazatlán,25-274,1999,19.8,34,1.72,30,1,0,2,0,1,1,0.05,1,0,0,0,0,0,Matches
406,Lucas Merolla,ar ARG,DF,Mazatlán,29-312,1995,17.5,10,0.57,6,0,0,3,1,0,1,0.06,0,0,0,0,1,0,Matches
407,Maximiliano Meza,ar ARG,"MF,FW",Monterrey,32-141,1992,2.2,5,2.26,4,0,1,0,0,0,0,0.00,0,0,0,0,0,0,Matches
408,Andrés Micolta,ec ECU,DF,Pachuca,25-333,1999,6.3,3,0.48,2,0,0,0,1,0,0,0.00,0,0,0,0,0,0,Matches
409,Kevin Mier,co COL,GK,Cruz Azul,24-352,2000,33.0,9,0.27,7,2,0,0,0,0,0,0.00,0,0,0,0,0,0,Matches
410,Fernando Monárrez,mx MEX,"DF,FW",Tijuana,25-287,1999,1.2,2,1.65,2,0,0,0,0,0,1,0.83,1,0,0,0,0,0,Matches
411,Ricardo Monreal,mx MEX,"FW,MF",Necaxa,24-084,2001,13.5,50,3.73,33,0,8,6,2,1,5,0.37,3,0,1,1,0,0,Matches
412,Pablo Monroy,mx MEX,DF,UNAM,22-287,2002,11.4,22,1.93,17,2,1,0,2,0,2,0.18,1,0,0,0,1,0,Matches
413,Andres Montaño,mx MEX,"MF,FW",Cruz Azul,22-348,2002,7.1,25,3.55,19,2,1,1,2,0,6,0.85,4,0,1,0,1,0,Matches
414,Alán Montes,mx MEX,DF,Necaxa,24-191,2000,15.7,14,0.89,10,0,1,0,2,1,2,0.13,0,0,0,0,1,1,Matches
415,Elias Montiel,mx MEX,MF,Pachuca,19-210,2005,24.6,100,4.06,71,18,2,5,2,2,6,0.24,6,0,0,0,0,0,Matches
416,Adrián Mora,mx MEX,DF,Atlas,27-263,1997,8.5,4,0.47,3,0,0,1,0,0,1,0.12,0,0,0,1,0,0,Matches
417,Gilberto Mora,mx MEX,"MF,FW",Tijuana,16-203,2008,15.1,59,3.91,46,5,3,3,2,0,8,0.53,5,0,1,1,1,0,Matches
418,Amaury Morales,mx MEX,"FW,MF",Cruz Azul,19-153,2005,6.8,22,3.21,15,1,3,0,3,0,6,0.88,3,0,2,0,1,0,Matches
419,Robert Morales,py PAR,FW,Toluca,26-049,1999,6.8,27,4.00,22,0,1,2,2,0,4,0.59,4,0,0,0,0,0,Matches
420,Carlos Moreno,mx MEX,GK,Pachuca,27-096,1998,32.0,8,0.25,6,2,0,0,0,0,3,0.09,1,2,0,0,0,0,Matches
421,Héctor Moreno,mx MEX,DF,Monterrey,37-108,1988,14.7,12,0.82,10,1,1,0,0,0,1,0.07,1,0,0,0,0,0,Matches
422,Iker Moreno,mx MEX,DF,Atlético,21-233,2003,1.9,2,1.03,2,0,0,0,0,0,0,0.00,0,0,0,0,0,0,Matches
423,Iván Moreno,mx MEX,"MF,DF",León,27-108,1998,13.4,25,1.86,20,0,2,0,3,0,5,0.37,4,0,0,0,1,0,Matches
424,Omar Moreno,mx MEX,"FW,MF",Mazatlán,20-095,2005,4.6,11,2.37,7,1,0,1,2,0,1,0.22,1,0,0,0,0,0,Matches
425,Joaquín Moxica,mx MEX,FW,Monterrey,19-098,2006,0.3,1,3.00,1,0,0,0,0,0,0,0.00,0,0,0,0,0,0,Matches
Rk,Player,Nation,Pos,Squad,Age,Born,90s,SCA,SCA90,PassLive,PassDead,TO,Sh,Fld,Def,GCA,GCA90,PassLive,PassDead,TO,Sh,Fld,Def,Matches
426,Franco Moyano,ar ARG,MF,Puebla,27-234,1997,13.8,24,1.74,15,9,0,0,0,0,0,0.00,0,0,0,0,0,0,Matches
427,Alan Mozo,mx MEX,DF,Guadalajara,28-030,1997,22.2,42,1.89,30,2,5,2,1,2,5,0.23,3,0,2,0,0,0,Matches
428,Guillermo Muñoz,mx MEX,"DF,FW",Santos,20-217,2004,3.7,11,2.95,7,1,2,1,0,0,0,0.00,0,0,0,0,0,0,Matches
429,Santiago Muñóz,mx MEX,"FW,MF",Santos,22-264,2002,13.6,33,2.42,25,0,1,2,5,0,1,0.07,1,0,0,0,0,0,Matches
430,Jhon Murillo,ve VEN,"FW,DF",Atlético,29-165,1995,3.8,5,1.30,4,0,0,1,0,0,0,0.00,0,0,0,0,0,0,Matches
431,Jhon Murillo,ve VEN,"FW,DF",Atlas,29-165,1995,14.0,28,2.00,21,0,0,4,2,1,3,0.21,2,0,0,1,0,0,Matches
432,Luis Nájera,mx MEX,"MF,FW",Atlético,22-070,2003,14.1,43,3.05,31,7,1,3,1,0,8,0.57,5,0,1,2,0,0,Matches
433,Gonzalo Nápoli,uy URU,"MF,FW",León,24-362,2000,0.1,1,8.18,1,0,0,0,0,0,0,0.00,0,0,0,0,0,0,Matches
434,Luis Navarrete,mx MEX,MF,Toluca,18-255,2006,0.1,0,0.00,0,0,0,0,0,0,0,0.00,0,0,0,0,0,0,Matches
435,Santiago Naveda,mx MEX,MF,Santos,24-019,2001,10.5,17,1.61,10,1,0,4,2,0,1,0.09,1,0,0,0,0,0,Matches
436,Hugo Nervo,ar ARG,DF,Atlas,34-119,1991,30.9,16,0.52,13,2,0,0,0,1,2,0.06,1,1,0,0,0,0,Matches
437,Francisco Nevarez,mx MEX,"DF,MF",FC Juárez,24-153,2000,1.6,4,2.54,4,0,0,0,0,0,0,0.00,0,0,0,0,0,0,Matches
438,Shamar Nicholson,jm JAM,FW,Tijuana,28-050,1997,4.7,12,2.55,10,0,0,0,2,0,4,0.85,4,0,0,0,0,0,Matches
439,Santiago Núñez,ar ARG,DF,Santos,25-006,2000,8.8,8,0.91,5,0,0,1,0,2,0,0.00,0,0,0,0,0,0,Matches
440,Joan Nungaray,mx MEX,FW,Puebla,20-189,2004,0.0,0,0.00,0,0,0,0,0,0,0,0.00,0,0,0,0,0,0,Matches
441,Lucas Ocampos,ar ARG,"FW,MF",Monterrey,30-298,1994,13.9,52,3.74,38,0,4,1,8,1,11,0.79,6,0,0,0,4,1,Matches
442,Diego Ochoa,mx MEX,DF,Guadalajara,20-015,2005,0.5,0,0.00,0,0,0,0,0,0,0,0.00,0,0,0,0,0,0,Matches
443,Agustín Oliveros,uy URU,DF,Necaxa,26-261,1998,25.3,26,1.03,24,0,0,2,0,0,2,0.08,1,0,0,1,0,0,Matches
444,Sebastián Olmedo,py PAR,DF,Puebla,23-318,2001,6.2,4,0.65,4,0,0,0,0,0,0,0.00,0,0,0,0,0,0,Matches
445,Fernando Ordóñez,mx MEX,DF,UANL,23-337,2001,0.2,3,13.50,2,0,1,0,0,0,0,0.00,0,0,0,0,0,0,Matches
446,Santiago Ormeño,pe PER,FW,Puebla,31-090,1994,5.4,10,1.79,8,0,1,1,0,0,1,0.18,1,0,0,0,0,0,Matches
447,Efraín Orona,mx MEX,DF,Puebla,26-072,1999,31.1,21,0.67,17,0,0,2,1,1,2,0.06,1,0,0,1,0,0,Matches
448,Jesús Orozco,mx MEX,DF,Cruz Azul,23-075,2002,12.2,18,1.47,17,0,0,0,0,1,1,0.08,1,0,0,0,0,0,Matches
449,Jesús Orozco,mx MEX,DF,Guadalajara,23-075,2002,14.1,25,1.77,16,0,3,5,1,0,2,0.14,2,0,0,0,0,0,Matches
450,Ralph Orquin,us USA,DF,FC Juárez,22-020,2003,30.8,40,1.30,26,8,3,2,1,0,5,0.16,5,0,0,0,0,0,Matches
Rk,Player,Nation,Pos,Squad,Age,Born,90s,SCA,SCA90,PassLive,PassDead,TO,Sh,Fld,Def,GCA,GCA90,PassLive,PassDead,TO,Sh,Fld,Def,Matches
451,Carlos Orrantía,mx MEX,DF,Toluca,34-093,1991,2.1,7,3.28,6,1,0,0,0,0,0,0.00,0,0,0,0,0,0,Matches
452,Carlos Orrantía,mx MEX,"DF,MF",Atlas,34-093,1991,7.5,28,3.73,19,5,0,1,2,1,0,0.00,0,0,0,0,0,0,Matches
453,Haret Ortega,mx MEX,"DF,MF",FC Juárez,24-351,2000,8.2,4,0.49,4,0,0,0,0,0,1,0.12,1,0,0,0,0,0,Matches
454,Kevin Ortega,mx MEX,MF,Atlético,23-121,2002,0.1,1,11.25,1,0,0,0,0,0,0,0.00,0,0,0,0,0,0,Matches
455,Miguel Ortega,mx MEX,GK,Tijuana,30-022,1995,3.0,1,0.33,1,0,0,0,0,0,0,0.00,0,0,0,0,0,0,Matches
456,Pablo Ortiz,mx MEX,DF,Querétaro,23-030,2002,9.4,10,1.06,6,3,0,0,1,0,1,0.11,1,0,0,0,0,0,Matches
457,Youssef Ortiz,mx MEX,DF,León,18-181,2006,0.1,0,0.00,0,0,0,0,0,0,0,0.00,0,0,0,0,0,0,Matches
458,José Pablo Saldívar,mx MEX,MF,Pachuca,22-036,2003,3.2,3,0.93,3,0,0,0,0,0,0,0.00,0,0,0,0,0,0,Matches
459,Juan Pablo Vigón,mx MEX,MF,UANL,33-289,1991,4.7,14,3.01,11,0,0,3,0,0,2,0.43,1,0,0,1,0,0,Matches
460,Jose Pachuca,mx MEX,DF,Puebla,19-285,2005,16.9,11,0.65,9,1,0,0,0,1,1,0.06,1,0,0,0,0,0,Matches
461,Alex Padilla,es ESP,GK,UNAM,21-246,2003,10.0,1,0.10,1,0,0,0,0,0,0,0.00,0,0,0,0,0,0,Matches
462,Jonathan Padilla,mx MEX,"MF,FW",Guadalajara,19-137,2005,10.8,28,2.60,18,4,3,3,0,0,4,0.37,3,0,1,0,0,0,Matches
463,Joshua Palacios,mx MEX,MF,Necaxa,18-124,2007,0.1,0,0.00,0,0,0,0,0,0,0,0.00,0,0,0,0,0,0,Matches
464,Agustín Palavecino,ar ARG,MF,Necaxa,28-177,1996,32.8,183,5.59,116,27,12,10,14,4,19,0.58,14,3,0,1,1,0,Matches
465,Arturo Palma,mx MEX,"DF,MF",Necaxa,23-109,2002,5.9,12,2.03,8,2,2,0,0,0,1,0.17,1,0,0,0,0,0,Matches
466,José Paradela,ar ARG,"MF,FW",Necaxa,26-141,1998,32.0,161,5.03,107,28,12,5,7,2,15,0.47,13,1,0,0,1,0,Matches
467,Bernardo Parra,mx MEX,MF,UANL,20-119,2005,6.0,12,2.00,9,1,0,1,1,0,0,0.00,0,0,0,0,0,0,Matches
468,Paulinho,pt POR,FW,Toluca,32-177,1992,29.4,78,2.65,56,0,4,10,6,2,15,0.51,7,0,1,4,1,2,Matches
469,Denilson Paz,mx MEX,MF,Puebla,19-300,2005,0.4,0,0.00,0,0,0,0,0,0,0,0.00,0,0,0,0,0,0,Matches
470,Pedro Pedraza,mx MEX,MF,Pachuca,25-005,2000,18.6,22,1.19,20,0,0,1,0,1,1,0.05,1,0,0,0,0,0,Matches
471,Federico Pereira,uy URU,DF,Toluca,25-070,2000,22.5,12,0.53,12,0,0,0,0,0,0,0.00,0,0,0,0,0,0,Matches
472,Aldahir Perez,mx MEX,MF,Querétaro,20-213,2004,8.0,26,3.25,16,3,2,2,2,1,1,0.12,1,0,0,0,0,0,Matches
473,Sebastián Pérez Bouquet,mx MEX,"MF,FW",FC Juárez,21-317,2003,0.4,1,2.73,1,0,0,0,0,0,1,2.73,1,0,0,0,0,0,Matches
474,Sebastián Pérez Bouquet,mx MEX,MF,Atlético,21-317,2003,0.0,0,0.00,0,0,0,0,0,0,0,0.00,0,0,0,0,0,0,Matches
475,Jonathan Pérez,mx MEX,DF,Santos,19-190,2005,10.9,5,0.46,5,0,0,0,0,0,0,0.00,0,0,0,0,0,0,Matches
Rk,Player,Nation,Pos,Squad,Age,Born,90s,SCA,SCA90,PassLive,PassDead,TO,Sh,Fld,Def,GCA,GCA90,PassLive,PassDead,TO,Sh,Fld,Def,Matches
476,Pavel Pérez,mx MEX,"MF,FW",Necaxa,26-313,1998,9.5,37,3.89,31,2,0,1,2,1,4,0.42,4,0,0,0,0,0,Matches
477,Pavel Pérez,mx MEX,"MF,FW",Guadalajara,26-313,1998,1.6,4,2.52,2,1,0,0,1,0,0,0.00,0,0,0,0,0,0,Matches
478,Jonathan Perlaza,ec ECU,"DF,MF",Querétaro,27-234,1997,6.0,9,1.49,5,3,1,0,0,0,0,0.00,0,0,0,0,0,0,Matches
479,Yan Phillipe,br BRA,"FW,MF",Atlético,20-353,2004,8.8,17,1.94,9,2,1,2,3,0,0,0.00,0,0,0,0,0,0,Matches
480,Cristiano Piccini,it ITA,DF,Atlético,32-221,1992,3.3,2,0.60,1,0,1,0,0,0,0,0.00,0,0,0,0,0,0,Matches
481,Jesús Piñuelas,mx MEX,MF,Toluca,27-039,1998,0.0,0,0.00,0,0,0,0,0,0,0,0.00,0,0,0,0,0,0,Matches
482,Jesús Piñuelas,mx MEX,DF,Querétaro,27-039,1998,2.4,2,0.84,1,0,0,1,0,0,0,0.00,0,0,0,0,0,0,Matches
483,Gonzalo Piovi,ar ARG,DF,Cruz Azul,30-239,1994,25.6,54,2.11,45,0,1,5,0,3,7,0.27,6,0,0,1,0,0,Matches
484,Guido Pizarro,ar ARG,"DF,MF",UANL,35-068,1990,24.0,25,1.04,23,0,0,2,0,0,0,0.00,0,0,0,0,0,0,Matches
485,Rodolfo Pizarro,mx MEX,"MF,FW",Mazatlán,31-079,1994,17.2,44,2.56,38,0,2,0,3,1,3,0.17,3,0,0,0,0,0,Matches
486,Jackson Porozo,ec ECU,DF,Tijuana,24-274,2000,12.3,4,0.33,2,0,0,1,0,1,0,0.00,0,0,0,0,0,0,Matches
487,Osvaldo Rodríguez del Portal,mx MEX,"DF,FW",UANL,28-237,1996,1.9,3,1.57,1,1,0,0,1,0,0,0.00,0,0,0,0,0,0,Matches
488,Osvaldo Rodríguez del Portal,mx MEX,"FW,DF",León,28-237,1996,0.1,0,0.00,0,0,0,0,0,0,0,0.00,0,0,0,0,0,0,Matches
489,Walter Portales,us USA,"DF,FW",América,21-039,2004,1.0,4,3.83,3,0,0,0,1,0,0,0.00,0,0,0,0,0,0,Matches
490,Adonis Preciado,ec ECU,"FW,MF",Querétaro,28-043,1997,13.7,33,2.41,18,0,8,0,6,1,5,0.37,3,0,1,0,1,0,Matches
491,Ayrton Preciado,ec ECU,"MF,DF",Querétaro,30-292,1994,1.5,4,2.73,4,0,0,0,0,0,0,0.00,0,0,0,0,0,0,Matches
492,Ronaldo Prieto,mx MEX,DF,Santos,28-063,1997,2.3,2,0.86,0,1,0,0,1,0,0,0.00,0,0,0,0,0,0,Matches
493,Luis Puente,mx MEX,FW,Pachuca,22-081,2003,1.1,2,1.84,2,0,0,0,0,0,0,0.00,0,0,0,0,0,0,Matches
494,Alan Pulido,mx MEX,FW,Guadalajara,34-058,1991,5.9,14,2.37,12,0,0,1,1,0,2,0.34,1,0,0,1,0,0,Matches
495,Ignacio Pussetto,ar ARG,"FW,MF",UNAM,29-135,1995,17.9,36,2.01,23,0,3,6,4,0,4,0.22,3,0,0,0,1,0,Matches
496,Piero Quispe,pe PER,MF,UNAM,23-264,2001,20.3,90,4.43,74,10,2,1,3,0,5,0.25,5,0,0,0,0,0,Matches
497,Alonso Ramírez,mx MEX,MF,Atlas,23-258,2001,0.6,2,3.40,2,0,0,0,0,0,0,0.00,0,0,0,0,0,0,Matches
498,Diego Ramirez,mx MEX,FW,UANL,18-110,2007,0.0,0,0.00,0,0,0,0,0,0,0,0.00,0,0,0,0,0,0,Matches
499,Héctor Ramírez,mx MEX,DF,UNAM,21-103,2004,1.3,1,0.79,0,1,0,0,0,0,1,0.79,0,1,0,0,0,0,Matches
500,Miguel Ramírez,us USA,"MF,FW",América,22-309,2002,3.5,12,3.40,8,1,1,0,2,0,1,0.28,1,0,0,0,0,0,Matches
Rk,Player,Nation,Pos,Squad,Age,Born,90s,SCA,SCA90,PassLive,PassDead,TO,Sh,Fld,Def,GCA,GCA90,PassLive,PassDead,TO,Sh,Fld,Def,Matches
501,Paulo Ramírez,mx MEX,MF,Atlas,22-201,2002,6.9,19,2.75,15,0,0,2,2,0,3,0.43,3,0,0,0,0,0,Matches
502,Sergio Ramos,es ESP,DF,Monterrey,39-036,1986,7.7,7,0.91,2,0,0,3,1,1,1,0.13,0,0,0,1,0,0,Matches
503,José Rangel Aguilar,mx MEX,GK,Guadalajara,25-069,2000,32.0,7,0.22,6,1,0,0,0,0,0,0.00,0,0,0,0,0,0,Matches
504,Luis Rey,mx MEX,DF,Guadalajara,22-233,2002,8.6,2,0.23,1,0,1,0,0,0,0,0.00,0,0,0,0,0,0,Matches
505,Cristian Reyes,mx MEX,"MF,FW",Monterrey,19-025,2006,0.2,0,0.00,0,0,0,0,0,0,0,0.00,0,0,0,0,0,0,Matches
506,Diego Reyes,mx MEX,MF,América,17-244,2007,0.0,0,0.00,0,0,0,0,0,0,0,0.00,0,0,0,0,0,0,Matches
507,Diego Reyes,mx MEX,DF,UANL,32-228,1992,12.7,11,0.87,7,1,0,2,0,1,0,0.00,0,0,0,0,0,0,Matches
508,Israel Reyes,mx MEX,DF,América,24-347,2000,23.8,27,1.14,21,1,2,2,0,1,2,0.08,1,0,1,0,0,0,Matches
509,Salvador Reyes,mx MEX,DF,León,27-001,1998,31.7,41,1.29,32,4,1,2,2,0,5,0.16,3,1,0,0,1,0,Matches
510,Emanuel Reynoso,ar ARG,"MF,FW",Tijuana,29-170,1995,11.1,67,6.02,54,4,7,0,2,0,5,0.45,4,0,1,0,0,0,Matches
511,Luis Ricardo Reyes,mx MEX,DF,Atlas,34-032,1991,15.3,38,2.49,20,11,4,2,0,1,1,0.07,1,0,0,0,0,0,Matches
512,Luis Ricardo Reyes,mx MEX,DF,Monterrey,34-032,1991,3.3,7,2.11,7,0,0,0,0,0,0,0.00,0,0,0,0,0,0,Matches
513,Ángel Rico,mx MEX,MF,UNAM,20-113,2005,9.5,29,3.04,22,4,2,0,1,0,2,0.21,2,0,0,0,0,0,Matches
514,Emiliano Rigoni,ar ARG,"FW,MF",León,32-090,1993,5.3,16,3.01,10,3,2,1,0,0,2,0.38,2,0,0,0,0,0,Matches
515,Martín Río,ar ARG,"MF,DF",Querétaro,24-052,2001,7.3,7,0.96,7,0,0,0,0,0,1,0.14,1,0,0,0,0,0,Matches
516,Víctor Ríos,mx MEX,"DF,MF",Atlas,21-083,2004,17.8,18,1.01,11,2,0,2,1,2,0,0.00,0,0,0,0,0,0,Matches
517,Jesús Rivas,mx MEX,DF,Puebla,22-188,2002,9.5,11,1.16,6,0,1,1,2,1,1,0.11,1,0,0,0,0,0,Matches
518,Jesús Rivas,mx MEX,DF,UNAM,22-188,2002,1.6,4,2.55,3,1,0,0,0,0,1,0.64,0,1,0,0,0,0,Matches
519,Ulises Rivas,mx MEX,"MF,DF",UNAM,29-100,1996,10.3,11,1.07,10,0,0,0,1,0,3,0.29,3,0,0,0,0,0,Matches
520,Christian Rivera,co COL,MF,Tijuana,29-111,1996,15.9,23,1.45,20,1,1,1,0,0,4,0.25,3,0,1,0,0,0,Matches
521,Ignacio Rivero,uy URU,"DF,MF",Cruz Azul,33-025,1992,22.2,67,3.03,57,2,3,3,1,1,7,0.32,6,0,0,0,1,0,Matches
522,Ángel Robles,mx MEX,"MF,FW",Puebla,23-168,2001,2.7,5,1.87,3,0,0,1,1,0,0,0.00,0,0,0,0,0,0,Matches
523,Carlos Robles,mx MEX,MF,Atlas,24-298,2000,0.2,0,0.00,0,0,0,0,0,0,0,0.00,0,0,0,0,0,0,Matches
524,Juan Robles,mx MEX,"MF,DF",Querétaro,21-229,2003,5.4,10,1.84,10,0,0,0,0,0,0,0.00,0,0,0,0,0,0,Matches
525,Aldo Rocha,mx MEX,MF,Atlas,32-180,1992,28.6,76,2.66,62,7,0,2,4,1,8,0.28,8,0,0,0,0,0,Matches
Rk,Player,Nation,Pos,Squad,Age,Born,90s,SCA,SCA90,PassLive,PassDead,TO,Sh,Fld,Def,GCA,GCA90,PassLive,PassDead,TO,Sh,Fld,Def,Matches
526,Brian Rodríguez,uy URU,"FW,MF",América,24-350,2000,17.6,82,4.65,54,9,12,4,3,0,11,0.62,6,1,3,1,0,0,Matches
527,Charly Rodríguez,mx MEX,MF,Cruz Azul,28-122,1997,28.7,129,4.49,91,32,0,3,3,0,14,0.49,7,5,0,2,0,0,Matches
528,David Rodriguez,us USA,MF,Atlético,23-000,2002,0.2,3,12.27,2,0,0,0,1,0,0,0.00,0,0,0,0,0,0,Matches
529,James Rodríguez,co COL,"MF,FW",León,33-297,1991,13.6,78,5.74,44,21,4,3,6,0,9,0.66,6,2,0,0,1,0,Matches
530,Jesús Rodríguez,mx MEX,GK,Puebla,31-349,1993,4.0,2,0.50,2,0,0,0,0,0,0,0.00,0,0,0,0,0,0,Matches
531,Jorge Rodríguez,mx MEX,DF,Puebla,23-244,2001,6.7,7,1.01,4,0,1,1,1,0,0,0.00,0,0,0,0,0,0,Matches
532,Lucas Rodríguez,ar ARG,"MF,FW",Querétaro,28-008,1997,21.0,53,2.52,36,4,5,3,3,2,6,0.28,4,0,1,1,0,0,Matches
533,Michell Rodríguez,mx MEX,"FW,DF",UNAM,24-268,2000,0.8,3,4.58,3,0,0,0,0,0,0,0.00,0,0,0,0,0,0,Matches
534,Miguel Rodríguez,mx MEX,"MF,FW",Pachuca,22-014,2003,5.9,17,2.90,13,1,2,0,1,0,1,0.17,0,1,0,0,0,0,Matches
535,Salvador Rodríguez,mx MEX,"DF,FW",Mazatlán,23-272,2001,5.8,1,0.17,1,0,0,0,0,0,0,0.00,0,0,0,0,0,0,Matches
536,Johan Rojas,co COL,"MF,DF",Necaxa,22-227,2002,2.4,30,5.02,21,3,4,1,0,1,2,0.33,1,1,0,0,0,0,Matches
537,Johan Rojas,co COL,"FW,MF",Monterrey,22-227,2002,6.0,26,4.36,19,0,6,0,0,1,4,0.67,2,0,2,0,0,0,Matches
538,Franco Romero,ar ARG,MF,Toluca,25-012,2000,9.3,13,1.40,12,0,0,1,0,0,1,0.11,1,0,0,0,0,0,Matches
539,Luka Romero,ar ARG,"MF,FW",Cruz Azul,20-168,2004,7.4,25,3.38,20,3,1,1,0,0,2,0.27,2,0,0,0,0,0,Matches
540,Luis Romo,mx MEX,"MF,FW",Cruz Azul,29-334,1995,12.0,48,3.99,36,1,3,5,1,2,11,0.91,9,0,1,1,0,0,Matches
541,Luis Romo,mx MEX,MF,Guadalajara,29-334,1995,11.2,40,3.57,29,0,2,6,3,0,4,0.36,3,0,0,0,1,0,Matches
542,Romulo,br BRA,"DF,MF",UANL,25-065,2000,6.4,6,0.94,6,0,0,0,0,0,1,0.16,1,0,0,0,0,0,Matches
543,Salomón Rondón,ve VEN,FW,Pachuca,35-231,1989,26.6,63,2.37,46,0,2,9,5,1,8,0.30,7,0,0,1,0,0,Matches
544,Bryan Roque,mx MEX,"MF,FW",Necaxa,20-196,2004,0.1,0,0.00,0,0,0,0,0,0,0,0.00,0,0,0,0,0,0,Matches
545,Kevin Rosero,co COL,"DF,MF",Necaxa,26-153,1998,16.7,43,2.56,28,0,8,2,4,1,7,0.42,5,0,2,0,0,0,Matches
546,Franco Rossano,mx MEX,DF,América,19-282,2005,2.3,1,0.44,1,0,0,0,0,0,0,0.00,0,0,0,0,0,0,Matches
547,Carlos Rotondi,ar ARG,"DF,FW",Cruz Azul,28-054,1997,27.9,102,3.65,72,7,6,14,1,2,19,0.68,12,0,2,4,0,1,Matches
548,Fernando Rubén González,mx MEX,MF,Guadalajara,31-098,1994,22.8,39,1.71,35,1,2,0,0,1,0,0.00,0,0,0,0,0,0,Matches
549,Rubio Rubin,gt GUA,"FW,MF",Querétaro,29-065,1996,4.7,8,1.70,7,0,0,1,0,0,1,0.21,1,0,0,0,0,0,Matches
550,Brian Rubio,mx MEX,FW,Querétaro,28-177,1996,3.3,6,1.82,6,0,0,0,0,0,1,0.30,1,0,0,0,0,0,Matches
Rk,Player,Nation,Pos,Squad,Age,Born,90s,SCA,SCA90,PassLive,PassDead,TO,Sh,Fld,Def,GCA,GCA90,PassLive,PassDead,TO,Sh,Fld,Def,Matches
551,Brian Rubio,mx MEX,FW,Mazatlán,28-177,1996,9.6,35,3.64,22,1,4,6,2,0,3,0.31,0,0,0,3,0,0,Matches
552,Ronaldo Rubio,mx MEX,MF,Santos,21-097,2004,0.2,2,10.59,1,0,0,1,0,0,0,0.00,0,0,0,0,0,0,Matches
553,Marcel Ruiz,mx MEX,MF,Toluca,24-191,2000,30.5,85,2.78,75,0,0,5,4,1,14,0.46,12,0,0,1,1,0,Matches
554,Franco Russo,ar ARG,DF,Querétaro,30-192,1994,26.5,26,0.98,23,1,0,0,0,2,1,0.04,1,0,0,0,0,0,Matches
555,Jorge Ruvalcaba,mx MEX,"MF,FW",UNAM,23-286,2001,16.0,54,3.39,37,2,5,9,0,1,11,0.69,4,1,3,3,0,0,Matches
556,Ángel Saavedra,mx MEX,"FW,DF",Mazatlán,21-326,2003,0.4,0,0.00,0,0,0,0,0,0,0,0.00,0,0,0,0,0,0,Matches
557,Javier Salas,mx MEX,"MF,FW",FC Juárez,31-258,1993,0.0,0,0.00,0,0,0,0,0,0,0,0.00,0,0,0,0,0,0,Matches
558,Patricio Salas,mx MEX,FW,América,21-077,2004,1.8,16,8.83,12,0,2,2,0,0,1,0.55,1,0,0,0,0,0,Matches
559,Carlos Salcedo,mx MEX,DF,FC Juárez,31-218,1993,12.4,15,1.21,14,0,0,0,0,1,1,0.08,1,0,0,0,0,0,Matches
560,Sebastien Salles-Lamonge,fr FRA,"MF,FW",Atlético,29-097,1996,28.7,116,4.04,77,24,3,7,3,2,15,0.52,10,0,2,1,1,1,Matches
561,Juan Sanabria,uy URU,"DF,MF",Atlético,25-037,2000,32.1,108,3.37,94,7,3,1,3,0,9,0.28,8,0,0,0,1,0,Matches
562,Andrés Sánchez,mx MEX,GK,Atlético,27-214,1997,29.2,4,0.14,3,1,0,0,0,0,1,0.03,1,0,0,0,0,0,Matches
563,Carlos Sánchez,mx MEX,DF,Pachuca,23-022,2002,12.3,48,3.90,31,5,6,2,4,0,5,0.41,3,2,0,0,0,0,Matches
564,Diego Sánchez,mx MEX,FW,UANL,20-023,2005,2.5,12,4.89,9,0,2,1,0,0,2,0.81,1,0,1,0,0,0,Matches
565,Erick Sánchez,mx MEX,"MF,FW",América,25-220,1999,23.1,90,3.89,74,3,3,5,4,1,11,0.48,10,0,1,0,0,0,Matches
566,Jesús Sánchez García,mx MEX,DF,Guadalajara,35-247,1989,0.2,0,0.00,0,0,0,0,0,0,0,0.00,0,0,0,0,0,0,Matches
567,Luis Sánchez,mx MEX,DF,Mazatlán,25-002,2000,20.6,15,0.73,9,0,0,3,2,1,0,0.00,0,0,0,0,0,0,Matches
568,Richard Sánchez,py PAR,MF,América,29-037,1996,9.0,26,2.88,17,7,1,1,0,0,2,0.22,1,0,1,0,0,0,Matches
569,Raúl Sandoval,mx MEX,"DF,MF",Necaxa,25-107,2000,3.7,12,3.23,11,1,0,0,0,0,1,0.27,1,0,0,0,0,0,Matches
570,Anderson Santamaría,pe PER,DF,Santos,33-115,1992,20.1,18,0.90,17,0,0,0,1,0,2,0.10,2,0,0,0,0,0,Matches
571,José Santiago Hernández,mx MEX,GK,Atlas,28-004,1997,3.0,0,0.00,0,0,0,0,0,0,0,0.00,0,0,0,0,0,0,Matches
572,Emilio Santillán,mx MEX,DF,Santos,21-239,2003,0.8,0,0.00,0,0,0,0,0,0,0,0.00,0,0,0,0,0,0,Matches
573,Samir Santos,br BRA,DF,Mazatlán,30-151,1994,5.7,7,1.22,6,0,0,1,0,0,2,0.35,2,0,0,0,0,0,Matches
574,Sebastian Santos,mx MEX,DF,León,22-104,2003,17.3,20,1.16,19,1,0,0,0,0,1,0.06,1,0,0,0,0,0,Matches
575,Francisco Sebastián Córdova,mx MEX,"FW,MF",UANL,27-327,1997,15.9,59,3.70,38,13,2,3,2,1,7,0.44,3,1,0,1,1,1,Matches
Rk,Player,Nation,Pos,Squad,Age,Born,90s,SCA,SCA90,PassLive,PassDead,TO,Sh,Fld,Def,GCA,GCA90,PassLive,PassDead,TO,Sh,Fld,Def,Matches
576,Ángel Sepúlveda,mx MEX,FW,Cruz Azul,34-079,1991,16.9,30,1.77,29,0,0,1,0,0,0,0.00,0,0,0,0,0,0,Matches
577,Gilberto Sepúlveda,mx MEX,DF,Guadalajara,26-090,1999,24.8,12,0.48,12,0,0,0,0,0,0,0.00,0,0,0,0,0,0,Matches
578,Leonardo Sepulveda,us USA,"FW,DF",Guadalajara,23-321,2001,0.2,1,4.29,1,0,0,0,0,0,0,0.00,0,0,0,0,0,0,Matches
579,Jesús Serrato,mx MEX,MF,Atlas,19-135,2005,4.0,6,1.51,6,0,0,0,0,0,0,0.00,0,0,0,0,0,0,Matches
580,Yehoshua Shtrimling,il ISR,DF,América,22-047,2003,1.0,0,0.00,0,0,0,0,0,0,0,0.00,0,0,0,0,0,0,Matches
581,Jordan Sierra,ec ECU,MF,Mazatlán,28-012,1997,22.3,29,2.76,23,0,1,2,2,1,1,0.10,1,0,0,0,0,0,Matches
582,Juan Sigala,mx MEX,FW,Pachuca,18-029,2007,3.5,5,1.43,3,2,0,0,0,0,0,0.00,0,0,0,0,0,0,Matches
583,Nathan Silva,br BRA,DF,UNAM,27-364,1997,26.7,13,0.49,9,0,0,2,1,1,0,0.00,0,0,0,0,0,0,Matches
584,Carlo Soldati,mx MEX,DF,Querétaro,19-303,2005,0.1,0,0.00,0,0,0,0,0,0,0,0.00,0,0,0,0,0,0,Matches
585,Ramiro Sordo,ar ARG,"FW,MF",Santos,24-310,2000,23.1,65,2.81,33,6,7,7,11,1,5,0.22,3,0,0,1,0,1,Matches
586,Samuel Sosa,ve VEN,FW,Querétaro,25-139,1999,7.1,16,2.26,8,4,2,0,2,0,1,0.14,1,0,0,0,0,0,Matches
587,Leonardo Suárez,ar ARG,"FW,MF",UNAM,29-036,1996,7.8,42,5.35,26,11,1,3,1,0,2,0.25,2,0,0,0,0,0,Matches
588,Alessandro Tagle,mx MEX,DF,Monterrey,19-310,2005,0.7,2,2.95,2,0,0,0,0,0,0,0.00,0,0,0,0,0,0,Matches
589,Fernando Tapia,mx MEX,GK,UANL,23-322,2001,3.0,1,0.33,0,1,0,0,0,0,0,0.00,0,0,0,0,0,0,Matches
590,Miguel Tapias,mx MEX,DF,Guadalajara,28-116,1997,8.9,2,0.23,1,0,0,0,0,1,0,0.00,0,0,0,0,0,0,Matches
591,Juan Tejeda,mx MEX,DF,Santos,21-052,2004,0.0,0,0.00,0,0,0,0,0,0,0,0.00,0,0,0,0,0,0,Matches
592,Eduardo Tercero,mx MEX,DF,UANL,28-364,1996,0.4,0,0.00,0,0,0,0,0,0,0,0.00,0,0,0,0,0,0,Matches
593,Iván Tona,mx MEX,MF,Tijuana,25-034,2000,21.0,58,2.76,51,2,1,3,1,0,6,0.29,5,0,0,0,1,0,Matches
594,Alan Torres,mx MEX,MF,Mazatlán,25-075,2000,12.4,25,2.01,22,2,0,0,1,0,3,0.24,3,0,0,0,0,0,Matches
595,Dylan Torres,mx MEX,MF,Puebla,21-091,2004,0.1,0,0.00,0,0,0,0,0,0,0,0.00,0,0,0,0,0,0,Matches
596,Jairo Torres,mx MEX,"MF,FW",FC Juárez,24-304,2000,28.3,84,2.97,63,2,6,5,7,1,8,0.28,8,0,0,0,0,0,Matches
597,Óliver Torres,es ESP,"MF,FW",Monterrey,30-176,1994,20.1,80,3.98,68,7,0,3,0,2,3,0.15,3,0,0,0,0,0,Matches
598,Román Torres,mx MEX,"DF,MF",Atlético,20-134,2004,11.7,22,1.87,20,1,0,1,0,0,3,0.26,3,0,0,0,0,0,Matches
599,Román Torres,mx MEX,"DF,FW",Necaxa,20-134,2004,0.1,0,0.00,0,0,0,0,0,0,0,0.00,0,0,0,0,0,0,Matches
600,Santiago Trigos,mx MEX,MF,UNAM,23-103,2002,8.5,13,1.53,10,0,1,2,0,0,3,0.35,3,0,0,0,0,0,Matches
Rk,Player,Nation,Pos,Squad,Age,Born,90s,SCA,SCA90,PassLive,PassDead,TO,Sh,Fld,Def,GCA,GCA90,PassLive,PassDead,TO,Sh,Fld,Def,Matches
601,Ezequiel Unsain,ar ARG,GK,Necaxa,30-057,1995,34.0,6,0.18,4,2,0,0,0,0,1,0.03,1,0,0,0,0,0,Matches
602,Héctor Uribe,mx MEX,FW,León,20-335,2004,0.5,1,2.05,1,0,0,0,0,0,0,0.00,0,0,0,0,0,0,Matches
603,Diego Valdés,cl CHI,"MF,FW",América,31-095,1994,10.4,60,5.76,36,15,4,2,1,2,3,0.29,3,0,0,0,0,0,Matches
604,Christian Valdivia,mx MEX,DF,Cruz Azul,19-227,2005,0.2,0,0.00,0,0,0,0,0,0,0,0.00,0,0,0,0,0,0,Matches
605,Aldieri Valenzuela,mx MEX,"FW,MF",Tijuana,22-070,2003,0.4,1,2.73,1,0,0,0,0,0,0,0.00,0,0,0,0,0,0,Matches
606,Francisco Valenzuela,mx MEX,MF,Monterrey,18-022,2007,0.5,4,8.00,2,0,1,0,1,0,1,2.00,0,0,0,0,1,0,Matches
607,Diego Valoyes,co COL,"FW,MF",FC Juárez,28-225,1996,7.0,16,2.29,11,0,1,3,1,0,2,0.29,1,0,0,1,0,0,Matches
608,Camilo Vargas,co COL,GK,Atlas,36-057,1989,31.0,7,0.23,5,2,0,0,0,0,0,0.00,0,0,0,0,0,0,Matches
609,William Vargas,ec ECU,DF,Mazatlán,27-327,1997,1.8,2,1.10,1,0,0,1,0,0,0,0.00,0,0,0,0,0,0,Matches
610,Brandon Vazquez,us USA,"FW,MF",Monterrey,26-203,1998,6.2,15,2.44,8,0,3,3,1,0,2,0.32,0,0,1,0,1,0,Matches
611,Brayton Vázquez,mx MEX,DF,Querétaro,27-000,1998,3.3,0,0.00,0,0,0,0,0,0,0,0.00,0,0,0,0,0,0,Matches
612,Miguel Vázquez,mx MEX,DF,América,21-087,2004,9.8,7,0.71,6,0,0,0,0,1,0,0.00,0,0,0,0,0,0,Matches
613,Alexis Vega,mx MEX,"FW,MF",Toluca,27-161,1997,27.9,154,5.52,101,29,10,9,1,4,26,0.93,15,4,4,3,0,0,Matches
614,Jesús Vega,mx MEX,"FW,DF",Tijuana,25-048,2000,7.7,22,2.85,20,1,1,0,0,0,5,0.65,4,0,1,0,0,0,Matches
615,Sebastián Vegas,cl CHI,DF,Monterrey,28-152,1996,7.0,8,1.14,7,0,0,1,0,0,1,0.14,1,0,0,0,0,0,Matches
616,Christo Vela,mx MEX,"MF,FW",América,20-279,2004,0.9,4,4.56,2,1,0,1,0,0,0,0.00,0,0,0,0,0,0,Matches
617,Kevin Velasco,co COL,"MF,DF",Puebla,28-005,1997,3.7,13,3.48,12,0,0,1,0,0,1,0.27,0,0,0,1,0,0,Matches
618,Jesús Venegas,mx MEX,"MF,FW",FC Juárez,30-036,1995,4.2,5,1.21,4,0,0,0,0,1,2,0.48,2,0,0,0,0,0,Matches
619,Sebastián Venegas,mx MEX,MF,UNAM,20-089,2005,0.5,0,0.00,0,0,0,0,0,0,0,0.00,0,0,0,0,0,0,Matches
620,Patrick Villa,mx MEX,DF,América,21-145,2003,0.1,0,0.00,0,0,0,0,0,0,0,0.00,0,0,0,0,0,0,Matches
621,Jonatan Villal,us USA,"FW,MF",Atlético,20-119,2005,0.6,4,6.32,4,0,0,0,0,0,0,0.00,0,0,0,0,0,0,Matches
622,Fran Villalba,es ESP,"MF,FW",Santos,26-359,1998,14.3,62,4.35,55,6,1,0,0,0,5,0.35,4,0,1,0,0,0,Matches
623,Dieter Villalpando,mx MEX,"MF,FW",FC Juárez,33-274,1991,21.6,66,3.06,53,2,4,3,3,1,6,0.28,5,0,1,0,0,0,Matches
624,Isaías Violante,mx MEX,"FW,MF",Toluca,21-197,2003,13.5,40,2.96,24,2,6,5,3,0,8,0.59,5,0,3,0,0,0,Matches
625,Vitinho,br BRA,"FW,MF",Atlético,24-012,2001,18.8,55,2.93,34,5,6,6,3,1,6,0.32,3,1,1,0,1,0,Matches
Rk,Player,Nation,Pos,Squad,Age,Born,90s,SCA,SCA90,PassLive,PassDead,TO,Sh,Fld,Def,GCA,GCA90,PassLive,PassDead,TO,Sh,Fld,Def,Matches
626,Tiago Volpi,br BRA,GK,Toluca,34-137,1990,19.0,8,0.42,6,2,0,0,0,0,1,0.05,1,0,0,0,0,0,Matches
627,Facundo Waller,uy URU,MF,Puebla,28-026,1997,17.5,67,3.82,33,21,1,3,6,3,3,0.17,3,0,0,0,0,0,Matches
628,Teun Wilke,mx MEX,FW,Guadalajara,23-052,2002,6.0,12,2.01,10,0,0,0,2,0,1,0.17,1,0,0,0,0,0,Matches
629,Édgar Yoel Bárcenas,pa PAN,"MF,FW",Mazatlán,31-194,1993,22.3,89,4.00,57,27,1,1,3,0,6,0.27,2,4,0,0,0,0,Matches
630,Ángel Zaldívar,mx MEX,FW,FC Juárez,31-086,1994,12.7,22,1.72,18,0,0,4,0,0,5,0.39,4,0,0,1,0,0,Matches
631,Edgar Zaldívar,mx MEX,DF,Atlas,28-200,1996,11.1,13,1.17,10,1,0,2,0,0,1,0.09,0,0,0,1,0,0,Matches
632,Saúl Zamora,mx MEX,DF,Guadalajara,22-040,2003,0.1,0,0.00,0,0,0,0,0,0,0,0.00,0,0,0,0,0,0,Matches
633,Ángel Zapata,mx MEX,"MF,FW",Querétaro,24-091,2001,0.0,0,0.00,0,0,0,0,0,0,0,0.00,0,0,0,0,0,0,Matches
634,Alejandro Zendejas,us USA,"FW,MF",América,27-087,1998,21.8,81,3.72,63,4,3,7,4,0,18,0.83,14,0,0,3,1,0,Matches
635,José Zúñiga,co COL,"FW,MF",Tijuana,30-296,1994,23.4,63,2.69,43,0,8,5,5,2,9,0.38,3,0,1,1,2,2,Matches
636,Uroš Đurđević,me MNE,FW,Atlas,31-064,1994,18.5,38,2.06,24,1,0,6,6,1,4,0.22,1,0,0,1,2,0,Matches
