Unnamed: 0_level_0,Unnamed: 1_level_0,Unnamed: 2_level_0,Unnamed: 3_level_0,Unnamed: 4_level_0,Unnamed: 5_level_0,Unnamed: 6_level_0,Unnamed: 7_level_0,Total,Total,Total,Total,Total,Short,Short,Short,Medium,Medium,Medium,Long,Long,Long,Unnamed: 22_level_0,Unnamed: 23_level_0,Expected,Expected,Unnamed: 26_level_0,Unnamed: 27_level_0,Unnamed: 28_level_0,Unnamed: 29_level_0,Unnamed: 30_level_0,Unnamed: 31_level_0
Rk,Player,Nation,Pos,Squad,Age,Born,90s,Cmp,Att,Cmp%,TotDist,PrgDist,Cmp,Att,Cmp%,Cmp,Att,Cmp%,Cmp,Att,Cmp%,Ast,xAG,xA,A-xAG,KP,1/3,PPA,CrsPA,PrgP,Matches
1,Rodrigo Abascal,uy URU,DF,Boavista,31-111,1994,25.9,788,1122,70.2,18515,9842,184,210,87.6,420,508,82.7,180,386,46.6,0,1.5,1.2,-1.5,14,70,9,5,56,Matches
2,Nelson Abbey,eng ENG,DF,Rio Ave,21-250,2003,7.1,279,366,76.2,4917,1600,115,130,88.5,146,169,86.4,15,49,30.6,0,0.1,0.1,-0.1,2,9,3,2,14,Matches
3,Bilal Abdelrahman Zeeni,eg EGY,MF,Estrela,22-104,2003,0.1,2,3,66.7,30,12,1,1,100.0,1,2,50.0,0,0,,0,0.1,0.1,-0.1,2,0,1,0,1,Matches
4,Giorgi Aburjania,ge GEO,MF,AVS Futebol,30-123,1995,3.4,115,138,83.3,1907,572,58,63,92.1,49,58,84.5,8,13,61.5,0,0.6,0.2,-0.6,9,17,1,0,22,Matches
5,Adriano,br BRA,MF,Santa Clara,25-182,1999,27.2,958,1133,84.6,16255,4176,428,474,90.3,436,497,87.7,68,112,60.7,1,1.9,1.4,-0.9,17,97,9,2,94,Matches
6,Lucas Áfrico,br BRA,DF,Farense,30-089,1995,18.5,553,695,79.6,12486,4904,115,131,87.8,330,363,90.9,100,171,58.5,0,0.1,0.1,-0.1,3,35,1,0,31,Matches
7,Salvador Agra,pt POR,"MF,DF",Boavista,33-175,1991,27.7,622,917,67.8,10750,3545,291,350,83.1,248,338,73.4,66,168,39.3,2,4.0,3.6,-2.0,48,47,25,16,64,Matches
8,Brandon Aguilera,cr CRC,"MF,FW",Rio Ave,21-311,2003,15.3,495,683,72.5,9460,2776,191,234,81.6,211,258,81.8,77,141,54.6,1,2.2,1.6,-1.2,24,74,13,4,72,Matches
9,Jorge Aguirre,es ESP,FW,Gil Vicente FC,25-120,2000,14.6,201,286,70.3,3016,491,117,158,74.1,56,77,72.7,17,21,81.0,2,2.1,0.9,-0.1,11,24,6,1,22,Matches
10,Babatunde Akinsola,ng NGA,"MF,FW",AVS Futebol,22-056,2003,10.3,177,264,67.0,2649,777,97,123,78.9,64,84,76.2,9,32,28.1,1,0.7,1.0,+0.3,9,16,8,1,28,Matches
11,Kerem Aktürkoğlu,tr TUR,"FW,MF",Benfica,26-196,1998,20.7,445,633,70.3,6725,1743,253,311,81.4,134,185,72.4,32,59,54.2,9,7.4,4.9,+1.6,40,26,30,7,64,Matches
12,Léo Alaba,br BRA,DF,AVS Futebol,25-308,1999,3.7,126,189,66.7,2430,1012,37,45,82.2,71,102,69.6,15,31,48.4,0,0.0,0.1,0.0,0,6,1,0,12,Matches
13,Alan,br BRA,MF,Moreirense,25-058,2000,25.9,933,1162,80.3,14413,4469,480,531,90.4,331,387,85.5,65,136,47.8,5,3.8,3.5,+1.2,58,102,28,1,151,Matches
14,Gonçalo Almeida,pt POR,"DF,MF",Boavista,21-364,2003,9.0,217,304,71.4,3834,1123,97,129,75.2,92,117,78.6,22,38,57.9,0,0.9,0.9,-0.9,11,8,6,3,18,Matches
15,Pedro Álvaro,pt POR,DF,Estoril,25-064,2000,28.6,1099,1289,85.3,20907,8569,388,421,92.2,590,647,91.2,110,192,57.3,1,0.3,0.7,+0.7,1,57,0,0,55,Matches
16,Pedro Amaral,pt POR,"DF,MF",Estoril,27-253,1997,24.8,911,1189,76.6,15872,5598,414,474,87.3,402,487,82.5,78,163,47.9,2,2.1,2.7,-0.1,19,59,26,14,95,Matches
17,Zeki Amdouni,ch SUI,"MF,FW",Benfica,24-152,2000,9.5,249,295,84.4,3588,708,143,159,89.9,86,97,88.7,8,12,66.7,2,3.4,2.6,-1.4,16,24,6,1,33,Matches
18,Artur Jorge Marques Amorim,pt POR,DF,Farense,30-264,1994,14.2,374,466,80.3,8390,3097,75,87,86.2,231,256,90.2,66,117,56.4,1,0.3,0.4,+0.7,3,19,3,1,22,Matches
19,Andrew,br BRA,GK,Gil Vicente FC,23-308,2001,32.0,938,1205,77.8,25397,15301,149,151,98.7,477,487,97.9,312,562,55.5,0,0.0,0.0,0.0,0,8,1,0,0,Matches
20,Jeremy Antonisse,cw CUW,"FW,MF",Moreirense,23-037,2002,9.0,170,244,69.7,2393,720,90,109,82.6,48,67,71.6,11,33,33.3,0,1.1,1.4,-1.1,8,9,4,2,12,Matches
21,Arvin Appiah,eng ENG,"DF,FW",Nacional,24-120,2001,14.4,363,471,77.1,5613,1903,196,228,86.0,139,177,78.5,21,38,55.3,0,0.7,0.7,-0.7,7,28,7,4,34,Matches
22,Óscar Aranda,es ESP,FW,Famalicão,23-006,2002,27.2,556,750,74.1,9436,2585,272,323,84.2,193,242,79.8,60,112,53.6,3,2.3,2.5,+0.7,16,69,29,2,121,Matches
23,Henrique Araújo,pt POR,FW,Arouca,23-106,2002,10.6,126,181,69.6,1843,395,73,89,82.0,38,55,69.1,10,13,76.9,1,0.5,0.3,+0.5,4,9,4,0,21,Matches
24,Maximiliano Araújo,uy URU,"DF,MF",Sporting CP,25-079,2000,17.8,740,907,81.6,11472,3236,430,474,90.7,247,312,79.2,47,80,58.8,3,3.8,4.9,-0.8,39,40,31,10,84,Matches
25,Tomás Araújo,pt POR,DF,Benfica,22-354,2002,24.1,1293,1513,85.5,24418,8570,524,578,90.7,615,680,90.4,142,207,68.6,2,0.9,0.9,+1.1,11,151,15,4,125,Matches
Rk,Player,Nation,Pos,Squad,Age,Born,90s,Cmp,Att,Cmp%,TotDist,PrgDist,Cmp,Att,Cmp%,Cmp,Att,Cmp%,Cmp,Att,Cmp%,Ast,xAG,xA,A-xAG,KP,1/3,PPA,CrsPA,PrgP,Matches
26,Telmo Arcanjo,cv CPV,FW,Vitória,23-318,2001,13.7,400,546,73.3,6571,1604,203,243,83.5,147,192,76.6,34,77,44.2,2,2.3,2.3,-0.3,20,25,21,10,52,Matches
27,Gboly Ariyibi,us USA,"FW,MF",Boavista,30-107,1995,3.1,19,38,50.0,318,93,10,13,76.9,9,17,52.9,0,3,0.0,0,0.1,0.2,-0.1,2,2,4,1,7,Matches
28,Henrique Arreiol,pt POR,MF,Sporting CP,19-318,2005,0.3,11,13,84.6,136,17,8,9,88.9,3,3,100.0,0,1,0.0,0,0.0,0.0,0.0,0,1,0,0,1,Matches
29,Bright Arrey-Mbi,de GER,DF,Braga,22-040,2003,12.6,822,882,93.2,15668,4338,243,257,94.6,525,542,96.9,49,72,68.1,0,0.2,0.1,-0.2,3,29,0,0,41,Matches
30,Afonso Assis,pt POR,MF,Moreirense,18-294,2006,0.2,3,4,75.0,52,13,1,2,50.0,2,2,100.0,0,0,,0,0.0,0.0,0.0,0,0,0,0,0,Matches
31,Gustavo Assuncao,pt POR,MF,AVS Futebol,25-036,2000,15.2,570,698,81.7,9701,2719,271,317,85.5,239,263,90.9,43,81,53.1,0,0.5,1.1,-0.5,8,58,3,1,55,Matches
32,Otavio Ataide,br BRA,DF,Porto,23-014,2002,18.1,1236,1404,88.0,23202,7168,464,503,92.2,632,682,92.7,123,183,67.2,0,0.2,0.5,-0.2,6,123,5,1,120,Matches
33,João Aurélio,pt POR,"FW,DF",Nacional,36-261,1988,2.8,52,92,56.5,796,290,25,32,78.1,18,30,60.0,5,18,27.8,0,0.0,0.0,0.0,0,4,2,1,5,Matches
34,Fredrik Aursnes,no NOR,"MF,FW",Benfica,29-146,1995,25.1,1017,1238,82.1,17260,5215,483,538,89.8,412,465,88.6,90,148,60.8,5,4.6,4.3,+0.4,29,127,40,4,161,Matches
35,Felix Bacher,at AUT,DF,Estoril,24-192,2000,21.0,770,912,84.4,13310,5322,332,359,92.5,358,397,90.2,64,125,51.2,0,0.0,0.1,0.0,1,35,0,0,31,Matches
36,Miguel Baeza,es ESP,"MF,FW",Nacional,25-039,2000,2.3,39,61,63.9,723,209,16,20,80.0,15,20,75.0,5,14,35.7,0,0.0,0.0,0.0,1,5,0,0,6,Matches
37,Alexander Bah,dk DEN,DF,Benfica,27-147,1997,15.7,770,990,77.8,12735,4244,396,443,89.4,304,386,78.8,56,111,50.5,1,1.2,1.4,-0.2,12,60,19,6,76,Matches
38,Adrian Bajrami,al ALB,DF,Benfica,23-030,2002,0.1,8,12,66.7,174,4,2,2,100.0,5,6,83.3,1,3,33.3,0,0.0,0.0,0.0,0,0,0,0,0,Matches
39,Theofanis Bakoulas,gr GRE,MF,Rio Ave,20-121,2005,2.3,57,76,75.0,1047,216,25,32,78.1,27,33,81.8,5,9,55.6,0,0.3,0.1,-0.3,1,5,0,0,5,Matches
40,Elves Baldé,gw GNB,"MF,FW",Farense,25-215,1999,11.6,166,267,62.2,3081,977,74,105,70.5,62,83,74.7,24,51,47.1,2,2.7,1.9,-0.7,18,11,10,6,26,Matches
41,Mohamed Bamba,ci CIV,MF,Gil Vicente FC,20-209,2004,8.6,343,416,82.5,6667,1534,121,134,90.3,176,199,88.4,43,71,60.6,0,0.1,0.1,-0.1,3,30,1,0,30,Matches
42,Robson Bambu,br BRA,DF,Braga,27-174,1997,11.2,666,758,87.9,12889,4071,220,228,96.5,390,415,94.0,52,98,53.1,0,0.1,0.1,-0.1,3,36,1,0,45,Matches
43,Chico Banza,ao ANG,FW,Estrela,26-139,1998,6.3,78,122,63.9,1120,215,44,61,72.1,21,32,65.6,5,13,38.5,0,0.2,0.4,-0.2,4,8,1,0,11,Matches
44,Simon Banza,cd COD,FW,Braga,28-265,1996,0.2,3,3,100.0,24,12,3,3,100.0,0,0,,0,0,,0,0.0,0.0,0.0,0,0,1,0,1,Matches
45,Rafael Barbosa,pt POR,"MF,FW",Farense,29-037,1996,4.0,107,157,68.2,2189,779,34,40,85.0,53,65,81.5,18,39,46.2,0,0.6,0.6,-0.6,11,16,5,4,28,Matches
46,Leandro Barreiro Martins,lu LUX,MF,Benfica,25-122,2000,12.5,487,563,86.5,7738,1640,245,268,91.4,221,245,90.2,14,23,60.9,1,1.6,1.3,-0.6,11,26,8,0,49,Matches
47,Afonso Bastardo,pt POR,FW,Sporting CP,20-047,2005,0.0,0,0,,0,0,0,0,,0,0,,0,0,,0,0.0,0.0,0.0,0,0,0,0,0,Matches
48,Gil Bastião Dias,pt POR,"FW,MF",Famalicão,28-219,1996,14.5,316,466,67.8,4469,1385,172,212,81.1,100,137,73.0,18,46,39.1,2,0.9,1.1,+1.1,11,25,16,4,52,Matches
49,Gabriel Batista,br BRA,GK,Santa Clara,26-336,1998,32.0,604,981,61.6,18409,13671,107,108,99.1,261,266,98.1,234,601,38.9,0,0.0,0.1,0.0,0,16,1,0,1,Matches
50,Gilberto Batista,gw GNB,DF,Moreirense,21-127,2003,3.2,92,123,74.8,1613,597,39,45,86.7,41,59,69.5,8,12,66.7,0,0.0,0.3,0.0,0,4,0,0,2,Matches
Rk,Player,Nation,Pos,Squad,Age,Born,90s,Cmp,Att,Cmp%,TotDist,PrgDist,Cmp,Att,Cmp%,Cmp,Att,Cmp%,Cmp,Att,Cmp%,Ast,xAG,xA,A-xAG,KP,1/3,PPA,CrsPA,PrgP,Matches
51,Ricardo Batista,pt POR,GK,Casa Pia,38-167,1986,1.0,31,35,88.6,703,457,9,9,100.0,18,19,94.7,4,6,66.7,0,0.0,0.0,0.0,0,1,0,0,0,Matches
52,Yanis Begraoui,ma MAR,"FW,MF",Estoril,23-305,2001,19.5,344,458,75.1,5466,1059,171,213,80.3,133,159,83.6,25,38,65.8,3,3.0,2.0,0.0,16,28,15,0,42,Matches
53,Gui Beleza,pt POR,MF,Gil Vicente FC,18-147,2006,0.0,0,0,,0,0,0,0,,0,0,,0,0,,0,0.0,0.0,0.0,0,0,0,0,0,Matches
54,Bachir Belloumi,dz ALG,FW,Farense,22-338,2002,3.0,42,73,57.5,593,184,29,33,87.9,12,23,52.2,1,13,7.7,0,0.1,0.1,-0.1,2,6,2,0,14,Matches
55,Andrea Belotti,it ITA,FW,Benfica,31-136,1993,4.5,67,88,76.1,905,195,30,40,75.0,20,23,87.0,4,4,100.0,0,0.7,0.3,-0.7,6,5,0,0,8,Matches
56,Fahem Benaissa Yahia,fr FRA,"DF,MF",Casa Pia,23-006,2002,2.5,75,102,73.5,1101,335,44,54,81.5,29,38,76.3,1,6,16.7,0,0.0,0.1,0.0,0,4,1,0,5,Matches
57,Beni,ao ANG,MF,Vitória,22-349,2002,0.5,37,40,92.5,596,109,19,21,90.5,15,15,100.0,2,3,66.7,0,0.0,0.0,0.0,0,0,0,0,1,Matches
58,Beni,ao ANG,MF,Casa Pia,22-349,2002,8.3,325,376,86.4,5415,1395,150,171,87.7,142,159,89.3,23,30,76.7,1,0.2,0.2,+0.8,4,23,3,0,35,Matches
59,Álex Bermejo,es ESP,"MF,FW",Farense,26-145,1998,6.3,123,186,66.1,2221,689,59,74,79.7,40,56,71.4,18,38,47.4,0,0.4,0.7,-0.4,8,13,7,2,17,Matches
60,Sergio Bermejo,es ESP,"MF,FW",Gil Vicente FC,27-261,1997,4.5,107,128,83.6,1399,407,61,68,89.7,37,45,82.2,2,4,50.0,0,0.2,0.2,-0.2,5,14,2,0,16,Matches
61,Simão Bertelli,br BRA,GK,AVS Futebol,31-337,1993,11.0,269,379,71.0,8087,5787,38,38,100.0,127,132,96.2,103,206,50.0,0,0.0,0.0,0.0,0,6,0,0,0,Matches
62,Jan-Niklas Beste,de GER,"FW,DF",Benfica,26-121,1999,5.6,238,302,78.8,4043,984,113,127,89.0,98,126,77.8,21,32,65.6,1,1.5,1.0,-0.5,15,9,5,2,21,Matches
63,José Bica,pt POR,"FW,MF",Vitória,21-323,2003,0.3,2,3,66.7,20,4,2,2,100.0,0,0,,0,0,,0,0.1,0.0,-0.1,1,0,0,0,0,Matches
64,Biel,br BRA,"MF,FW",Sporting CP,24-034,2001,0.2,5,9,55.6,64,0,4,4,100.0,0,2,0.0,1,2,50.0,0,0.0,0.0,0.0,0,0,0,0,0,Matches
65,Raúl Blanco,es ESP,FW,Casa Pia,23-278,2001,2.8,60,69,87.0,1219,266,24,29,82.8,28,30,93.3,8,9,88.9,0,0.0,0.1,0.0,0,9,0,0,11,Matches
66,Paulinho Bóia,br BRA,"FW,MF",Nacional,26-313,1998,10.0,188,247,76.1,2723,690,102,125,81.6,58,69,84.1,13,23,56.5,2,2.2,1.9,-0.2,20,13,4,1,20,Matches
67,Kévin Boma,tg TOG,DF,Estoril,22-166,2002,25.4,940,1101,85.4,16418,5845,355,389,91.3,526,583,90.2,48,108,44.4,0,0.2,0.4,-0.2,6,44,1,0,49,Matches
68,Pedro Bondo,ao ANG,"DF,MF",Famalicão,20-170,2004,1.4,44,72,61.1,753,246,25,29,86.2,13,22,59.1,5,18,27.8,1,0.6,0.3,+0.4,3,6,0,0,3,Matches
69,Kiko Bondoso,pt POR,"FW,MF",Rio Ave,29-169,1995,20.8,412,540,76.3,5778,1279,257,299,86.0,119,156,76.3,20,33,60.6,1,2.2,1.5,-1.2,21,21,13,4,53,Matches
70,Toni Borevkovic,hr CRO,DF,Vitória,27-321,1997,24.9,1263,1413,89.4,24005,8817,440,470,93.6,702,752,93.4,110,165,66.7,0,0.3,0.3,-0.3,4,60,0,0,73,Matches
71,Daniel Borges,br BRA,"MF,FW",Santa Clara,22-029,2003,2.0,37,76,48.7,540,209,21,35,60.0,11,19,57.9,2,8,25.0,0,0.1,0.2,-0.1,1,7,1,0,3,Matches
72,Gonçalo Borges,pt POR,"FW,MF",Porto,24-037,2001,7.8,187,260,71.9,2712,557,110,120,91.7,61,91,67.0,10,30,33.3,2,1.7,1.7,+0.3,12,7,13,7,16,Matches
73,Róbert Boženík,sk SVK,FW,Boavista,25-168,1999,27.6,310,430,72.1,4731,564,161,207,77.8,109,135,80.7,20,32,62.5,0,0.3,0.4,-0.3,7,21,9,1,36,Matches
74,Daniel Bragança,pt POR,MF,Sporting CP,25-343,1999,12.0,613,685,89.5,9917,2510,320,343,93.3,239,261,91.6,42,53,79.2,4,1.7,1.7,+2.3,21,77,15,1,87,Matches
75,Bruno Brigido,br BRA,GK,Estrela,34-057,1991,17.5,367,557,65.9,10426,7601,50,50,100.0,206,210,98.1,110,295,37.3,0,0.0,0.0,0.0,0,7,0,0,0,Matches
Rk,Player,Nation,Pos,Squad,Age,Born,90s,Cmp,Att,Cmp%,TotDist,PrgDist,Cmp,Att,Cmp%,Cmp,Att,Cmp%,Cmp,Att,Cmp%,Ast,xAG,xA,A-xAG,KP,1/3,PPA,CrsPA,PrgP,Matches
76,Alexandre Brito,pt POR,"MF,DF",Sporting CP,19-290,2005,1.0,40,44,90.9,602,56,23,24,95.8,15,18,83.3,1,1,100.0,0,0.0,0.0,0.0,0,1,0,0,3,Matches
77,Rafael Brito,pt POR,MF,Casa Pia,23-106,2002,11.1,312,429,72.7,5546,1604,130,164,79.3,148,190,77.9,28,57,49.1,1,0.4,0.3,+0.6,8,36,5,4,32,Matches
78,Tiago Brito,pt POR,MF,Estoril,21-019,2004,0.8,36,44,81.8,543,65,19,23,82.6,17,20,85.0,0,1,0.0,0,0.1,0.0,-0.1,2,1,0,0,1,Matches
79,Bruma,pt POR,"FW,MF",Braga,30-193,1994,13.4,437,546,80.0,6256,1482,260,295,88.1,135,162,83.3,25,43,58.1,5,5.9,4.0,-0.9,20,38,23,0,64,Matches
80,Bruma,pt POR,"FW,MF",Benfica,30-193,1994,5.0,173,222,77.9,2540,740,93,107,86.9,58,71,81.7,11,20,55.0,2,1.0,1.5,+1.0,6,16,9,0,33,Matches
81,Jonathan Buatu Mananga,ao ANG,DF,Gil Vicente FC,31-220,1993,18.3,925,1010,91.6,18931,5561,200,219,91.3,636,657,96.8,82,116,70.7,1,0.5,0.6,+0.5,4,31,2,1,42,Matches
82,Leonel Bucca,ar ARG,"MF,FW",Estrela,26-046,1999,12.8,263,384,68.5,4016,1377,135,170,79.4,110,156,70.5,11,31,35.5,2,1.7,0.9,+0.3,11,35,7,1,39,Matches
83,Leonardo Buta,pt POR,DF,Moreirense,22-334,2002,4.6,162,226,71.7,2455,964,81,103,78.6,67,83,80.7,6,20,30.0,0,0.1,0.1,-0.1,3,8,4,1,11,Matches
84,Adrián Butzke,es ESP,FW,Nacional,26-036,1999,5.4,72,109,66.1,1079,216,41,59,69.5,19,29,65.5,5,8,62.5,1,0.4,0.4,+0.6,6,7,0,0,13,Matches
85,Arthur Cabral,br BRA,FW,Benfica,27-010,1998,4.1,43,58,74.1,529,55,26,33,78.8,13,18,72.2,0,1,0.0,0,1.4,0.4,-1.4,5,1,0,0,0,Matches
86,Daniel Cabral,br BRA,MF,Estrela,22-356,2002,0.0,0,1,0.0,0,0,0,0,,0,0,,0,0,,0,0.0,0.0,0.0,0,0,0,0,0,Matches
87,Jovane Cabral,cv CPV,"FW,MF",Estrela,26-325,1998,10.2,182,277,65.7,3109,950,87,112,77.7,76,97,78.4,15,51,29.4,1,1.2,1.7,-0.2,9,26,12,0,37,Matches
88,Lucas Calegari,br BRA,DF,Famalicão,23-067,2002,16.5,722,850,84.9,11795,3693,337,373,90.3,307,349,88.0,57,87,65.5,1,0.7,0.6,+0.3,8,36,6,3,49,Matches
89,Diogo Calila,pt POR,"MF,DF",Santa Clara,26-207,1998,19.1,478,667,71.7,7510,2387,262,309,84.8,172,224,76.8,33,91,36.3,2,1.1,1.0,+0.9,17,25,11,8,39,Matches
90,Ibrahima Camará,gn GUI,MF,Boavista,26-100,1999,14.8,387,524,73.9,6908,2358,191,221,86.4,138,177,78.0,49,99,49.5,0,0.7,0.9,-0.7,8,55,8,2,48,Matches
91,André Candeias,pt POR,"FW,MF",Farense,22-105,2003,0.4,7,11,63.6,111,46,4,5,80.0,3,3,100.0,0,2,0.0,0,0.0,0.0,0.0,0,1,0,0,1,Matches
92,Lazar Carević,me MNE,GK,Famalicão,26-050,1999,18.0,394,527,74.8,10616,7626,75,75,100.0,203,205,99.0,116,246,47.2,0,0.0,0.0,0.0,0,5,0,0,0,Matches
93,Zé Carlos,pt POR,"MF,DF",Vitória,23-187,2001,1.4,65,82,79.3,894,371,40,46,87.0,21,25,84.0,3,7,42.9,0,0.0,0.0,0.0,1,6,0,0,7,Matches
94,Zé Carlos,pt POR,MF,Farense,23-187,2001,7.4,219,282,77.7,3592,1123,104,119,87.4,90,107,84.1,17,34,50.0,0,0.1,0.2,-0.1,3,25,4,0,27,Matches
95,Zé Carlos,pt POR,DF,Gil Vicente FC,26-278,1998,28.1,1132,1523,74.3,19353,6690,506,575,88.0,518,658,78.7,85,208,40.9,0,1.9,2.5,-1.9,20,62,19,10,86,Matches
96,Álvaro Carreras,es ESP,DF,Benfica,22-043,2003,28.6,1581,1946,81.2,28169,9963,715,798,89.6,698,810,86.2,144,252,57.1,1,2.9,2.4,-1.9,32,168,34,13,184,Matches
97,João Carvalho,pt POR,"MF,FW",Estoril,28-057,1997,24.0,738,977,75.5,12703,4163,349,422,82.7,288,345,83.5,80,144,55.6,2,3.3,3.3,-1.3,27,98,30,0,125,Matches
98,Pedro Carvalho,pt POR,"DF,MF",Estoril,22-080,2003,7.1,290,392,74.0,4504,1735,170,192,88.5,96,135,71.1,17,41,41.5,0,0.6,0.7,-0.6,4,9,9,0,31,Matches
99,Vitor Carvalho,br BRA,MF,Braga,27-343,1997,16.5,706,864,81.7,13278,2839,263,307,85.7,344,395,87.1,85,123,69.1,0,0.6,0.9,-0.6,8,62,5,0,80,Matches
100,Facundo Cáseres,ar ARG,MF,Gil Vicente FC,23-342,2001,13.8,683,752,90.8,12143,2784,270,284,95.1,337,357,94.4,58,79,73.4,0,0.7,1.4,-0.7,6,45,1,0,54,Matches
Rk,Player,Nation,Pos,Squad,Age,Born,90s,Cmp,Att,Cmp%,TotDist,PrgDist,Cmp,Att,Cmp%,Cmp,Att,Cmp%,Cmp,Att,Cmp%,Ast,xAG,xA,A-xAG,KP,1/3,PPA,CrsPA,PrgP,Matches
101,Cassiano,br BRA,FW,Casa Pia,35-323,1989,20.0,143,243,58.8,1874,429,82,116,70.7,47,75,62.7,4,14,28.6,1,1.2,0.9,-0.2,14,9,7,2,19,Matches
102,Jesús Castillo,pe PER,MF,Gil Vicente FC,23-328,2001,9.1,367,450,81.6,7256,2251,124,140,88.6,188,215,87.4,50,81,61.7,0,0.9,0.8,-0.9,9,25,6,0,37,Matches
103,André Castro,pt POR,MF,Moreirense,37-033,1988,0.2,7,8,87.5,96,4,3,3,100.0,3,4,75.0,0,0,,0,0.0,0.0,0.0,0,0,0,0,0,Matches
104,Cristian Castro,co COL,DF,AVS Futebol,24-100,2001,27.6,1079,1254,86.0,21318,8233,349,374,93.3,595,639,93.1,125,221,56.6,1,1.3,0.7,-0.3,6,51,3,1,58,Matches
105,Geny Catamo,mz MOZ,"MF,DF",Sporting CP,24-099,2001,19.3,724,916,79.0,10870,3054,420,472,89.0,250,308,81.2,38,77,49.4,2,4.6,4.4,-2.6,26,54,39,7,101,Matches
106,Cauê,br BRA,FW,Gil Vicente FC,22-170,2002,7.4,102,139,73.4,1341,289,54,68,79.4,29,39,74.4,5,5,100.0,0,0.1,0.1,-0.1,1,10,4,0,12,Matches
107,Cauê,br BRA,"FW,MF",Casa Pia,22-170,2002,3.9,43,62,69.4,720,206,21,29,72.4,14,18,77.8,6,9,66.7,0,0.0,0.0,0.0,0,4,0,0,8,Matches
108,César,br BRA,GK,Boavista,33-098,1992,16.0,220,380,57.9,7117,5784,36,36,100.0,70,73,95.9,112,262,42.7,0,0.0,0.0,0.0,0,2,0,0,0,Matches
109,Tidjany Chabrol,fr FRA,"FW,MF",Gil Vicente FC,22-294,2002,11.6,260,308,84.4,4065,722,136,150,90.7,94,107,87.9,18,27,66.7,2,1.0,0.9,+1.0,10,18,11,0,29,Matches
110,Kevin Chamorro,cr CRC,GK,Estoril,25-027,2000,3.0,39,74,52.7,1064,899,9,9,100.0,20,21,95.2,10,44,22.7,0,0.0,0.0,0.0,0,3,0,0,0,Matches
111,Francisco Chissumba,pt POR,DF,Braga,19-341,2005,14.0,730,891,81.9,11491,3039,377,426,88.5,306,361,84.8,34,67,50.7,1,0.8,0.7,+0.2,10,42,9,4,59,Matches
112,Till Cissokho,fr FRA,DF,Estrela,25-086,2000,4.0,168,201,83.6,3504,1304,47,56,83.9,93,99,93.9,28,40,70.0,0,0.0,0.0,0.0,0,5,0,0,8,Matches
113,Clayton,br BRA,DF,AVS Futebol,25-031,2000,2.0,82,92,89.1,1732,821,19,21,90.5,48,50,96.0,13,19,68.4,0,0.0,0.0,0.0,0,5,0,0,8,Matches
114,Clayton,br BRA,FW,Rio Ave,26-114,1999,27.1,278,420,66.2,4345,492,133,191,69.6,109,139,78.4,19,34,55.9,2,1.6,0.8,+0.4,12,15,5,0,25,Matches
115,Diego Collado,es ESP,"MF,FW",Gil Vicente FC,24-116,2001,0.3,8,10,80.0,117,4,5,5,100.0,1,3,33.3,1,1,100.0,0,0.0,0.0,0.0,0,0,0,0,0,Matches
116,Semeu Commey,gh GHA,DF,Estrela,20-358,2004,0.5,6,12,50.0,186,73,2,2,100.0,0,1,0.0,4,8,50.0,0,0.0,0.0,0.0,0,1,1,0,1,Matches
117,Fábio Conceição,pt POR,"FW,MF",Estrela,24-007,2001,6.8,138,182,75.8,2247,684,71,90,78.9,53,66,80.3,12,20,60.0,0,0.7,0.4,-0.7,3,13,3,1,18,Matches
118,Fábio Conceição,pt POR,"FW,DF",Rio Ave,24-007,2001,4.7,121,155,78.1,1965,537,62,65,95.4,49,63,77.8,9,17,52.9,1,0.6,0.9,+0.4,7,11,6,3,12,Matches
119,Leo Cordeiro,br BRA,MF,Estrela,29-220,1995,19.3,618,762,81.1,10456,3168,281,324,86.7,274,317,86.4,44,74,59.5,1,0.5,0.9,+0.5,15,85,10,0,100,Matches
120,Félix Correia,pt POR,"FW,MF",Gil Vicente FC,24-103,2001,30.1,841,1249,67.3,14964,5218,383,478,80.1,294,400,73.5,124,255,48.6,3,5.2,5.7,-2.2,56,72,67,12,150,Matches
121,Alberto costa,pt POR,DF,Vitória,21-218,2003,7.5,290,389,74.6,4523,1590,160,178,89.9,111,149,74.5,13,33,39.4,2,1.5,2.3,+0.5,11,23,9,3,31,Matches
122,Bruno Xavier Almeida Costa,pt POR,"MF,FW",Nacional,28-016,1997,10.3,288,364,79.1,5438,1743,125,141,88.7,113,137,82.5,44,73,60.3,1,1.8,1.7,-0.8,24,23,8,1,40,Matches
123,Diogo Costa,pt POR,GK,Porto,25-228,1999,30.0,950,1144,83.0,23617,15338,186,187,99.5,533,536,99.4,230,415,55.4,0,0.0,0.1,0.0,0,20,0,0,0,Matches
124,Gonçalo Costa,pt POR,"DF,MF",Estoril,25-076,2000,4.4,162,237,68.4,2458,1050,90,108,83.3,60,86,69.8,6,23,26.1,0,0.2,0.3,-0.2,4,5,3,1,9,Matches
125,Hélder Costa,ao ANG,"FW,MF",Estoril,31-113,1994,6.7,134,191,70.2,1955,498,73,99,73.7,49,56,87.5,6,13,46.2,0,0.7,0.6,-0.7,12,11,5,3,20,Matches
Rk,Player,Nation,Pos,Squad,Age,Born,90s,Cmp,Att,Cmp%,TotDist,PrgDist,Cmp,Att,Cmp%,Cmp,Att,Cmp%,Cmp,Att,Cmp%,Ast,xAG,xA,A-xAG,KP,1/3,PPA,CrsPA,PrgP,Matches
126,João Costa,pt POR,FW,Santa Clara,25-059,2000,8.0,92,141,65.2,1109,212,60,87,69.0,26,36,72.2,0,3,0.0,0,1.1,0.7,-1.1,7,5,1,0,9,Matches
127,João Paulo Santos Costa,pt POR,GK,Estrela,29-092,1996,11.0,201,327,61.5,6786,5267,20,20,100.0,90,92,97.8,91,215,42.3,0,0.0,0.0,0.0,0,3,0,0,0,Matches
128,Michel Costa,br BRA,MF,Estoril,23-136,2001,6.6,207,247,83.8,3548,979,103,113,91.2,77,89,86.5,21,30,70.0,0,0.1,0.3,-0.1,4,23,5,2,26,Matches
129,Rui Costa,pt POR,"FW,MF",Farense,29-074,1996,5.9,51,90,56.7,741,125,29,41,70.7,14,25,56.0,4,9,44.4,0,0.4,0.6,-0.4,7,3,3,1,5,Matches
130,Marco Cruz,pt POR,DF,Vitória,21-071,2004,0.1,9,16,56.3,130,29,6,8,75.0,2,6,33.3,1,2,50.0,0,0.0,0.0,0.0,0,0,0,0,0,Matches
131,Sandro Cruz,ao ANG,DF,Gil Vicente FC,23-358,2001,23.1,844,1107,76.2,14439,5639,394,448,87.9,361,439,82.2,70,147,47.6,0,0.9,0.8,-0.9,14,57,9,6,73,Matches
132,Augusto Dabo,gw GNB,DF,Boavista,21-053,2004,6.1,127,228,55.7,2003,1054,69,83,83.1,53,97,54.6,3,26,11.5,1,0.1,0.1,+0.9,1,8,2,1,17,Matches
133,Samuel Dahl,se SWE,"DF,MF",Benfica,25-062,2000,6.5,265,349,75.9,4127,1183,146,165,88.5,92,113,81.4,19,43,44.2,4,2.2,2.5,+1.8,12,15,13,2,36,Matches
134,Amadou Dante,ml MLI,"DF,MF",Arouca,24-210,2000,11.6,438,574,76.3,7639,2580,199,228,87.3,204,259,78.8,31,60,51.7,0,1.3,0.6,-1.3,9,33,12,7,42,Matches
135,Mathias De Amorim,fr FRA,MF,Famalicão,20-146,2004,10.8,329,403,81.6,5233,1494,171,194,88.1,115,139,82.7,31,35,88.6,1,1.2,1.2,-0.2,13,43,10,4,58,Matches
136,Zeno Debast,be BEL,"DF,MF",Sporting CP,21-193,2003,22.0,1392,1583,87.9,26297,9876,538,568,94.7,673,727,92.6,162,252,64.3,3,1.9,1.5,+1.1,20,198,18,4,181,Matches
137,Depú,ao ANG,FW,Gil Vicente FC,25-117,2000,0.5,6,8,75.0,69,15,5,6,83.3,1,2,50.0,0,0,,0,0.0,0.0,0.0,0,0,0,0,0,Matches
138,Derick,br BRA,"DF,MF",Farense,31-246,1993,15.7,289,485,59.6,5681,2389,105,131,80.2,127,195,65.1,49,117,41.9,3,2.0,0.8,+1.0,18,25,11,8,25,Matches
139,Ángel Di María,ar ARG,FW,Benfica,37-080,1988,17.4,649,914,71.0,12024,4136,303,344,88.1,223,303,73.6,106,204,52.0,4,5.0,7.0,-1.0,43,81,65,14,153,Matches
140,Abdoulay Diaby,ml MLI,"FW,MF",Boavista,33-349,1991,7.0,100,148,67.6,1597,371,50,68,73.5,37,47,78.7,8,19,42.1,0,0.3,0.2,-0.3,3,10,4,1,13,Matches
141,Matheus Dias,br BRA,"MF,DF",Nacional,28-087,1997,18.1,570,686,83.1,10907,3319,226,262,86.3,267,305,87.5,70,97,72.2,1,0.8,0.6,+0.2,13,54,5,0,79,Matches
142,Tiago Dias,pt POR,"DF,FW",Casa Pia,27-001,1998,0.6,20,41,48.8,394,138,10,13,76.9,3,9,33.3,6,15,40.0,0,0.3,0.5,-0.3,3,0,2,2,0,Matches
143,Ousmane Diomande,ci CIV,DF,Sporting CP,21-152,2003,26.7,1940,2070,93.7,37227,11191,542,572,94.8,1255,1301,96.5,128,164,78.0,0,0.6,0.9,-0.6,9,78,3,0,79,Matches
144,Tiago Djaló,pt POR,DF,Porto,25-026,2000,6.6,466,497,93.8,8817,2546,146,150,97.3,282,295,95.6,38,50,76.0,0,0.2,0.1,-0.2,2,32,1,0,23,Matches
145,Maxime Dominguez,ch SUI,MF,Gil Vicente FC,29-093,1996,2.8,98,109,89.9,1425,405,50,51,98.0,36,41,87.8,6,9,66.7,0,0.3,0.5,-0.3,6,3,1,0,11,Matches
146,Issiar Dramé,ml MLI,DF,Estrela,26-078,1999,14.7,297,360,82.5,6059,2039,70,82,85.4,194,207,93.7,30,60,50.0,0,0.2,0.5,-0.2,3,13,0,0,13,Matches
147,Dudu,br BRA,"FW,MF",Nacional,25-268,1999,14.9,174,234,74.4,2490,510,106,130,81.5,49,60,81.7,11,22,50.0,2,1.1,0.6,+0.9,11,11,6,3,19,Matches
148,Carlos Eduardo,br BRA,"FW,MF",Gil Vicente FC,22-268,2002,2.7,28,44,63.6,381,50,15,24,62.5,11,13,84.6,1,4,25.0,0,0.7,0.1,-0.7,3,1,1,1,1,Matches
149,Marcus Edwards,eng ENG,"MF,FW",Sporting CP,26-153,1998,1.2,41,57,71.9,514,165,26,29,89.7,11,13,84.6,0,4,0.0,0,0.2,0.2,-0.2,4,5,2,0,11,Matches
150,Marvin Elimbi,fr FRA,DF,Gil Vicente FC,22-074,2003,3.5,104,119,87.4,2378,802,27,28,96.4,57,59,96.6,19,31,61.3,0,0.0,0.1,0.0,1,4,0,0,3,Matches
Rk,Player,Nation,Pos,Squad,Age,Born,90s,Cmp,Att,Cmp%,TotDist,PrgDist,Cmp,Att,Cmp%,Cmp,Att,Cmp%,Cmp,Att,Cmp%,Ast,xAG,xA,A-xAG,KP,1/3,PPA,CrsPA,PrgP,Matches
151,Simon Elisor,fr FRA,FW,Famalicão,25-287,1999,5.6,80,111,72.1,1094,149,42,57,73.7,30,39,76.9,2,6,33.3,0,0.5,0.3,-0.5,6,3,4,0,9,Matches
152,Úmaro Embaló,pt POR,"FW,MF",Vitória,23-364,2001,1.6,56,74,75.7,920,176,29,32,90.6,21,29,72.4,4,7,57.1,0,0.0,0.1,0.0,0,5,3,3,4,Matches
153,Rui Encarnação,pt POR,GK,Nacional,27-030,1998,0.5,6,8,75.0,260,238,0,0,,3,3,100.0,3,5,60.0,0,0.0,0.0,0.0,0,0,0,0,0,Matches
154,Ricardo Esgaio,pt POR,DF,Sporting CP,31-354,1993,2.6,135,166,81.3,2368,923,63,65,96.9,58,67,86.6,11,28,39.3,0,0.4,0.1,-0.4,4,17,1,0,13,Matches
155,Tiago Esgaio,pt POR,DF,Arouca,29-277,1995,24.2,976,1340,72.8,17513,6480,431,506,85.2,423,542,78.0,103,204,50.5,1,1.8,2.1,-0.8,15,64,16,10,91,Matches
156,Dario Essugo,pt POR,MF,Sporting CP,20-052,2005,0.2,14,14,100.0,228,20,8,8,100.0,5,5,100.0,1,1,100.0,0,0.0,0.0,0.0,0,3,0,0,1,Matches
157,Luís Esteves,pt POR,MF,Nacional,27-026,1998,30.2,947,1243,76.2,19638,6315,369,427,86.4,363,457,79.4,184,290,63.4,3,3.0,3.1,0.0,41,127,26,6,161,Matches
158,Stephen Eustáquio,ca CAN,"MF,DF",Porto,28-135,1996,20.4,1187,1356,87.5,22183,6004,436,490,89.0,593,632,93.8,130,184,70.7,0,1.4,2.4,-1.4,19,108,14,2,143,Matches
159,Evanilson,br BRA,FW,Porto,25-211,1999,0.1,2,4,50.0,35,1,0,0,,2,3,66.7,0,0,,0,0.0,0.0,0.0,0,0,0,0,0,Matches
160,Claudio Falcão,br BRA,"DF,MF",Farense,30-306,1994,29.7,682,914,74.6,14865,6300,177,221,80.1,369,442,83.5,124,212,58.5,2,1.7,1.1,+0.3,20,80,5,1,77,Matches
161,Eduardo Felicíssimo,pt POR,MF,Sporting CP,18-117,2007,2.2,62,78,79.5,952,275,38,47,80.9,17,22,77.3,6,7,85.7,0,0.2,0.0,-0.2,1,5,0,0,7,Matches
162,Nuno Felix,pt POR,MF,Benfica,21-050,2004,0.2,16,18,88.9,249,51,9,9,100.0,6,7,85.7,1,1,100.0,0,0.0,0.0,0.0,0,4,0,0,2,Matches
163,Vando Félix,gw GNB,"FW,MF",Vitória,22-244,2002,5.3,107,138,77.5,1518,273,64,79,81.0,33,38,86.8,6,8,75.0,0,0.5,0.7,-0.5,5,3,6,0,16,Matches
164,Jorge Filipe Oliveira Fernandes,pt POR,DF,Vitória,28-033,1997,4.6,227,253,89.7,4525,1712,66,70,94.3,141,149,94.6,20,31,64.5,0,0.3,0.1,-0.3,2,12,1,0,25,Matches
165,Lucas Fernandes,br BRA,"MF,FW",AVS Futebol,27-227,1997,5.5,184,216,85.2,2971,637,95,102,93.1,59,68,86.8,21,29,72.4,0,0.3,0.3,-0.3,4,17,3,0,11,Matches
166,Martim Fernandes,pt POR,DF,Porto,19-107,2006,14.0,609,781,78.0,9988,2723,303,339,89.4,248,309,80.3,48,100,48.0,5,4.7,4.1,+0.3,24,29,24,11,42,Matches
167,Mateus Fernandes,pt POR,"FW,MF",Sporting CP,20-299,2004,0.3,23,25,92.0,283,80,10,11,90.9,5,6,83.3,2,2,100.0,0,0.1,0.1,-0.1,1,1,1,0,2,Matches
168,Roger Fernandes,gw GNB,"FW,MF",Braga,19-165,2005,17.3,508,706,72.0,8509,1834,260,303,85.8,189,254,74.4,50,109,45.9,3,3.5,3.8,-0.5,31,21,21,6,47,Matches
169,Rúben Fernandes,pt POR,DF,Gil Vicente FC,38-364,1986,27.8,1619,1824,88.8,33564,10258,414,438,94.5,994,1059,93.9,202,301,67.1,1,0.6,0.7,+0.4,6,79,0,0,85,Matches
170,Roberto Férnandez,es ESP,FW,Braga,22-306,2002,5.6,78,114,68.4,885,111,54,69,78.3,14,20,70.0,2,5,40.0,0,0.2,0.2,-0.2,6,6,1,0,5,Matches
171,João Ferreira Barros,pt POR,"MF,FW",Boavista,19-115,2006,2.9,43,70,61.4,543,158,18,25,72.0,18,23,78.3,0,5,0.0,0,0.1,0.0,-0.1,3,8,0,0,5,Matches
172,Filipe Ferreira,pt POR,DF,Boavista,34-220,1990,21.9,686,926,74.1,12736,5876,284,318,89.3,301,377,79.8,86,177,48.6,0,0.3,0.6,-0.3,7,47,10,5,60,Matches
173,Fernando Ferreira Fonseca,pt POR,"DF,MF",AVS Futebol,28-052,1997,18.2,638,896,71.2,10734,4898,293,343,85.4,287,382,75.1,45,113,39.8,0,1.6,1.3,-1.6,16,45,16,8,63,Matches
174,João Ferreira,pt POR,DF,Braga,24-044,2001,14.4,757,939,80.6,15266,5019,259,286,90.6,399,453,88.1,94,175,53.7,1,0.9,1.3,+0.1,14,64,7,3,67,Matches
175,Marcelo dos Santos Ferreira,br BRA,DF,Moreirense,35-282,1989,31.0,1360,1600,85.0,28522,9329,336,369,91.1,839,910,92.2,171,295,58.0,0,0.6,0.5,-0.6,9,54,1,0,49,Matches
Rk,Player,Nation,Pos,Squad,Age,Born,90s,Cmp,Att,Cmp%,TotDist,PrgDist,Cmp,Att,Cmp%,Cmp,Att,Cmp%,Cmp,Att,Cmp%,Ast,xAG,xA,A-xAG,KP,1/3,PPA,CrsPA,PrgP,Matches
176,Pedro Ferreira,pt POR,MF,Santa Clara,27-120,1998,19.0,389,558,69.7,6613,1829,193,238,81.1,141,204,69.1,41,77,53.2,3,1.2,0.5,+1.8,7,39,7,2,47,Matches
177,Tiago Ferreira,pt POR,FW,Estrela,23-048,2002,0.4,9,12,75.0,167,42,4,5,80.0,5,5,100.0,0,1,0.0,0,0.1,0.0,-0.1,1,0,0,0,1,Matches
178,Daniel Figueira,pt POR,GK,Estoril,26-289,1998,1.0,19,24,79.2,401,266,7,7,100.0,8,8,100.0,4,9,44.4,0,0.0,0.0,0.0,0,0,0,0,0,Matches
179,Sidoine Fogning,cm CMR,"DF,MF",Boavista,23-175,2001,10.0,248,333,74.5,4591,1880,97,108,89.8,125,141,88.7,23,68,33.8,0,0.1,0.1,-0.1,1,12,1,0,19,Matches
180,Tiago Fonseca Morais,pt POR,"FW,MF",Rio Ave,21-244,2003,15.8,299,420,71.2,4533,1612,150,189,79.4,111,147,75.5,18,32,56.3,0,1.7,2.2,-1.7,18,39,19,4,58,Matches
181,José Fontán,es ESP,DF,Arouca,25-083,2000,27.8,1496,1698,88.1,28816,11002,492,525,93.7,842,897,93.9,147,244,60.2,0,0.1,0.2,-0.1,3,70,1,0,75,Matches
182,José Fonte,pt POR,DF,Casa Pia,41-134,1983,21.5,779,880,88.5,14674,4782,271,288,94.1,421,453,92.9,75,117,64.1,0,0.1,0.2,-0.1,1,21,0,0,31,Matches
183,Lucas França,br BRA,GK,Nacional,29-106,1996,31.5,609,951,64.0,18974,13963,64,64,100.0,308,315,97.8,232,564,41.1,0,0.1,0.0,-0.1,1,10,0,0,0,Matches
184,André Franco,pt POR,"MF,FW",Porto,27-023,1998,5.3,229,271,84.5,3820,865,113,124,91.1,90,102,88.2,21,33,63.6,0,1.3,0.8,-1.3,7,25,9,0,25,Matches
185,Afonso freitas,pt POR,DF,Nacional,25-028,2000,0.2,4,5,80.0,46,16,4,4,100.0,0,0,,0,1,0.0,0,0.0,0.0,0.0,0,0,0,0,0,Matches
186,Iván Fresneda,es ESP,"DF,MF",Sporting CP,20-219,2004,10.6,429,531,80.8,6587,1791,233,267,87.3,167,191,87.4,21,37,56.8,0,1.0,0.8,-1.0,8,24,9,4,42,Matches
187,Godfried Frimpong,nl NED,DF,Moreirense,25-288,1999,27.2,811,1148,70.6,12509,5590,435,505,86.1,305,403,75.7,45,157,28.7,3,2.8,2.3,+0.2,19,43,32,22,64,Matches
188,Kanya Fujimoto,jp JPN,MF,Gil Vicente FC,25-308,1999,24.7,618,779,79.3,9645,2393,316,368,85.9,227,261,87.0,43,71,60.6,5,4.2,2.8,+0.8,35,49,24,3,93,Matches
189,Taichi Fukui,jp JPN,MF,Arouca,20-294,2004,23.3,882,1049,84.1,15004,4026,406,445,91.2,395,435,90.8,70,123,56.9,1,1.3,1.0,-0.3,22,79,10,0,98,Matches
190,Rúben Furtado,pt POR,"FW,MF",Braga,19-155,2005,0.6,10,18,55.6,168,59,3,6,50.0,4,8,50.0,1,1,100.0,0,0.1,0.0,-0.1,1,1,0,0,2,Matches
191,Tiago Gabriel,pt POR,DF,Estrela,20-130,2004,10.9,320,388,82.5,7229,2765,73,81,90.1,191,214,89.3,56,87,64.4,0,0.0,0.1,0.0,1,13,2,0,22,Matches
192,Galeno,br BRA,"FW,DF",Porto,27-195,1997,16.1,566,739,76.6,9489,2573,301,342,88.0,213,269,79.2,48,88,54.5,0,2.2,2.3,-2.2,23,24,24,3,58,Matches
193,Tiago Galletto,uy URU,MF,AVS Futebol,22-359,2002,0.7,6,11,54.5,89,17,3,3,100.0,3,7,42.9,0,1,0.0,0,0.0,0.0,0.0,0,0,0,0,1,Matches
194,Nino Galović,hr CRO,DF,Arouca,32-303,1992,1.0,76,82,92.7,1358,416,25,27,92.6,46,47,97.9,4,6,66.7,0,0.0,0.0,0.0,0,3,0,0,1,Matches
195,García,br BRA,DF,Nacional,23-121,2002,30.6,1078,1554,69.4,22034,9384,401,469,85.5,476,639,74.5,188,380,49.5,3,3.2,3.7,-0.2,43,95,51,31,101,Matches
196,Fabrício Garcia,cv CPV,"FW,DF",Estoril,24-001,2001,14.1,273,367,74.4,4238,864,154,193,79.8,90,114,78.9,21,34,61.8,0,0.8,1.2,-0.8,7,6,10,4,15,Matches
197,Santiago García,es ESP,MF,Gil Vicente FC,23-249,2001,15.1,482,604,79.8,7237,2149,269,327,82.3,170,203,83.7,28,40,70.0,2,0.9,0.5,+1.1,5,34,6,0,63,Matches
198,Bruno Gaspar,ao ANG,DF,Vitória,32-014,1993,9.6,353,464,76.1,5836,2099,163,193,84.5,159,184,86.4,21,56,37.5,0,0.6,0.9,-0.6,13,33,13,9,42,Matches
199,Mory Gbane,ci CIV,"MF,DF",Gil Vicente FC,24-131,2000,16.3,604,723,83.5,11821,3600,190,230,82.6,339,383,88.5,70,91,76.9,0,0.2,0.3,-0.2,2,38,2,0,48,Matches
200,Geovanny,pt POR,MF,Farense,20-295,2004,1.8,28,38,73.7,474,141,13,16,81.3,14,15,93.3,1,5,20.0,0,0.0,0.0,0.0,0,4,2,0,6,Matches
Rk,Player,Nation,Pos,Squad,Age,Born,90s,Cmp,Att,Cmp%,TotDist,PrgDist,Cmp,Att,Cmp%,Cmp,Att,Cmp%,Cmp,Att,Cmp%,Ast,xAG,xA,A-xAG,KP,1/3,PPA,CrsPA,PrgP,Matches
201,André Geraldes,pt POR,"MF,DF",Casa Pia,34-003,1991,12.9,392,490,80.0,6883,2378,175,189,92.6,180,221,81.4,31,59,52.5,1,0.9,0.6,+0.1,7,28,5,5,35,Matches
202,Ismaël Gharbi,es ESP,"FW,MF",Braga,21-025,2004,11.5,390,523,74.6,6416,1448,207,235,88.1,119,152,78.3,44,84,52.4,3,1.4,1.7,+1.6,19,23,15,1,43,Matches
203,Marco van Ginkel,nl NED,"FW,MF",Boavista,32-155,1992,6.1,139,181,76.8,2098,494,70,84,83.3,53,67,79.1,7,13,53.8,0,0.4,0.3,-0.4,6,9,0,0,14,Matches
204,José Gomes,pt POR,DF,Nacional,28-289,1996,25.0,621,938,66.2,10806,4675,290,352,82.4,271,397,68.3,53,138,38.4,1,1.7,1.8,-0.7,24,41,24,14,63,Matches
205,Pedro gomes,pt POR,DF,Boavista,21-335,2003,15.9,403,521,77.4,6445,2608,197,229,86.0,175,215,81.4,21,51,41.2,0,0.1,0.2,-0.1,5,29,1,0,35,Matches
206,Vítor Gomes,pt POR,MF,Rio Ave,37-131,1987,0.4,24,27,88.9,375,189,11,12,91.7,8,9,88.9,2,3,66.7,1,0.6,0.2,+0.4,4,5,3,0,6,Matches
207,William Gomes,br BRA,"MF,FW",Porto,19-051,2006,1.5,40,67,59.7,772,244,20,27,74.1,15,27,55.6,5,9,55.6,0,0.3,0.1,-0.3,4,3,0,0,7,Matches
208,Victor Gomez,es ESP,DF,Braga,25-034,2000,19.3,976,1238,78.8,18204,6132,373,422,88.4,493,578,85.3,98,185,53.0,2,1.7,1.5,+0.3,19,92,34,12,116,Matches
209,Nuno Gonçalo Moreira,pt POR,"FW,MF",Casa Pia,25-323,1999,16.6,396,543,72.9,6650,2081,205,248,82.7,122,158,77.2,48,92,52.2,5,2.1,2.8,+2.9,21,44,14,3,79,Matches
210,João Gonçalves,pt POR,GK,Boavista,24-181,2000,4.0,50,110,45.5,2259,2037,5,5,100.0,12,13,92.3,33,92,35.9,0,0.0,0.0,0.0,0,6,0,0,0,Matches
211,Pedro Gonçalves,pt POR,"FW,MF",Sporting CP,26-311,1998,7.9,246,325,75.7,3785,1482,144,165,87.3,66,88,75.0,23,45,51.1,4,3.9,3.5,+0.1,40,26,19,2,44,Matches
212,Cristo González,es ESP,MF,Arouca,27-193,1997,2.0,30,50,60.0,494,176,15,19,78.9,14,17,82.4,1,5,20.0,1,0.8,0.2,+0.2,3,8,4,0,10,Matches
213,Juan González,co COL,FW,Estrela,20-282,2004,0.2,11,13,84.6,216,65,5,5,100.0,4,4,100.0,2,2,100.0,0,0.0,0.0,0.0,0,0,0,0,0,Matches
214,Mario González,es ESP,FW,Famalicão,29-069,1996,6.4,73,110,66.4,871,90,48,67,71.6,15,22,68.2,1,5,20.0,2,0.5,0.4,+1.5,3,1,0,0,4,Matches
215,Nicolás González,es ESP,MF,Porto,23-122,2002,16.0,828,927,89.3,13780,3993,403,435,92.6,334,371,90.0,69,86,80.2,3,0.7,1.2,+2.3,14,108,15,0,114,Matches
216,Jean Gorby,fr FRA,MF,Braga,22-284,2002,13.3,714,828,86.2,14019,3259,248,273,90.8,375,401,93.5,83,128,64.8,0,0.2,0.4,-0.2,4,71,4,2,68,Matches
217,João Goulart Silva,pt POR,DF,Casa Pia,25-098,2000,29.5,1008,1239,81.4,19328,6615,338,386,87.6,554,618,89.6,108,200,54.0,0,0.5,0.4,-0.5,4,48,2,0,48,Matches
218,Tiago Gouveia,pt POR,"FW,DF",Benfica,23-321,2001,0.9,38,49,77.6,516,177,25,27,92.6,10,11,90.9,1,5,20.0,1,0.7,0.6,+0.3,3,1,6,1,7,Matches
219,Pablo Gozalbez,es ESP,MF,Arouca,24-005,2001,7.2,135,214,63.1,1859,655,79,92,85.9,43,67,64.2,5,29,17.2,0,0.5,0.6,-0.5,10,18,13,1,37,Matches
220,João Graça,pt POR,"MF,FW",Rio Ave,29-321,1995,5.2,151,193,78.2,2502,573,70,78,89.7,58,69,84.1,15,23,65.2,0,0.1,0.1,-0.1,2,14,4,4,18,Matches
221,Samuel Granada,br BRA,FW,AVS Futebol,25-084,2000,2.7,35,53,66.0,509,102,19,25,76.0,13,19,68.4,1,5,20.0,1,0.4,0.6,+0.6,1,3,0,0,4,Matches
222,Jaume Grau,es ESP,MF,AVS Futebol,28-000,1997,20.5,646,811,79.7,11890,3800,281,326,86.2,273,316,86.4,79,126,62.7,2,1.0,1.0,+1.0,14,79,3,0,72,Matches
223,Marko Grujić,rs SRB,MF,Porto,29-022,1996,0.4,25,31,80.6,444,130,12,12,100.0,9,10,90.0,3,5,60.0,0,0.4,0.1,-0.4,1,2,1,0,3,Matches
224,Marko Gudžulić,rs SRB,GK,Estrela,22-304,2002,2.0,38,73,52.1,1449,1127,3,3,100.0,13,13,100.0,22,57,38.6,0,0.0,0.0,0.0,0,3,0,0,0,Matches
225,Rafik Guitane,fr FRA,"FW,MF",Estoril,25-344,1999,8.6,243,304,79.9,3606,921,132,153,86.3,89,108,82.4,12,19,63.2,4,3.0,2.1,+1.0,20,19,15,3,42,Matches
Rk,Player,Nation,Pos,Squad,Age,Born,90s,Cmp,Att,Cmp%,TotDist,PrgDist,Cmp,Att,Cmp%,Cmp,Att,Cmp%,Cmp,Att,Cmp%,Ast,xAG,xA,A-xAG,KP,1/3,PPA,CrsPA,PrgP,Matches
226,Rafik Guitane,fr FRA,FW,Braga,25-344,1999,0.0,5,5,100.0,110,0,1,1,100.0,2,2,100.0,2,2,100.0,0,0.0,0.0,0.0,0,0,0,0,0,Matches
227,Deniz Gül,tr TUR,FW,Porto,20-307,2004,4.6,73,93,78.5,980,124,43,55,78.2,26,27,96.3,0,0,,0,0.4,0.4,-0.4,2,3,3,0,9,Matches
228,Viktor Gyökeres,se SWE,FW,Sporting CP,26-335,1998,29.2,478,663,72.1,5685,1087,317,405,78.3,111,150,74.0,12,19,63.2,6,6.9,6.8,-0.9,59,15,30,3,65,Matches
229,Justin de Haas,nl NED,DF,Famalicão,25-093,2000,26.4,1188,1399,84.9,23702,9273,380,417,91.1,654,700,93.4,138,244,56.6,0,0.2,0.4,-0.2,3,68,1,0,76,Matches
230,Habraão,br BRA,FW,Santa Clara,23-313,2001,0.0,0,0,,0,0,0,0,,0,0,,0,0,,0,0.0,0.0,0.0,0,0,0,0,0,Matches
231,Tomás Händel,pt POR,MF,Vitória,24-159,2000,27.0,1303,1489,87.5,21337,5938,620,693,89.5,561,605,92.7,88,124,71.0,1,1.9,1.8,-0.9,25,138,24,4,159,Matches
232,Conrad Harder,dk DEN,"FW,MF",Sporting CP,20-028,2005,8.6,108,177,61.0,1486,371,67,94,71.3,31,47,66.0,6,14,42.9,5,2.9,2.0,+2.1,13,5,6,3,10,Matches
233,Thiago Helguera,uy URU,MF,Braga,19-040,2006,0.1,5,7,71.4,98,21,1,2,50.0,3,3,100.0,1,1,100.0,0,0.0,0.0,0.0,0,0,0,0,0,Matches
234,Gustavo Henrique,br BRA,"MF,FW",Estrela,26-003,1999,2.5,47,61,77.0,549,119,32,35,91.4,10,16,62.5,1,2,50.0,1,0.1,0.1,+0.9,3,2,0,0,2,Matches
235,Morten Hjulmand,dk DEN,MF,Sporting CP,25-314,1999,23.6,1347,1494,90.2,21339,5365,704,752,93.6,539,585,92.1,78,104,75.0,2,1.7,2.0,+0.3,25,162,22,0,154,Matches
236,Jordan Holsgrove,sct SCO,MF,Estoril,25-237,1999,24.5,1460,1797,81.2,25736,10036,700,773,90.6,558,643,86.8,158,288,54.9,3,3.9,3.2,-0.9,45,140,22,6,160,Matches
237,Lukáš Horníček,cz CZE,GK,Braga,22-296,2002,15.0,413,558,74.0,10457,6925,78,79,98.7,233,234,99.6,101,244,41.4,0,0.0,0.0,0.0,0,3,0,0,0,Matches
238,André Horta,pt POR,MF,Braga,28-179,1996,5.6,340,412,82.5,5884,1730,160,176,90.9,128,143,89.5,38,66,57.6,4,1.2,1.6,+2.8,14,45,12,3,57,Matches
239,Ricardo Horta,pt POR,"MF,FW",Braga,30-232,1994,29.5,886,1110,79.8,13957,3454,482,543,88.8,297,351,84.6,76,139,54.7,4,4.9,4.2,-0.9,56,87,29,5,116,Matches
240,Igor,br BRA,MF,Estrela,22-059,2003,8.9,278,328,84.8,5181,1791,114,131,87.0,132,148,89.2,29,38,76.3,0,1.0,0.5,-1.0,9,31,6,1,29,Matches
241,André Inácio,br BRA,"MF,FW",Estrela,23-071,2002,7.1,111,157,70.7,1678,332,67,85,78.8,36,44,81.8,7,17,41.2,1,1.1,0.9,-0.1,6,8,3,1,8,Matches
242,André Inácio,br BRA,"FW,MF",Rio Ave,23-071,2002,10.1,150,225,66.7,2196,605,95,119,79.8,44,71,62.0,7,16,43.8,1,1.3,1.2,-0.3,13,9,12,2,28,Matches
243,Gonçalo Inácio,pt POR,DF,Sporting CP,23-253,2001,23.1,1774,1972,90.0,32534,13033,678,720,94.2,935,990,94.4,146,222,65.8,2,0.8,1.1,+1.2,14,220,11,0,176,Matches
244,Isaac,br BRA,FW,Nacional,21-040,2004,13.7,186,259,71.8,2368,401,116,151,76.8,49,65,75.4,7,9,77.8,1,0.4,0.2,+0.6,11,7,2,0,12,Matches
245,Ismael,pt POR,MF,Moreirense,26-041,1999,22.5,851,1007,84.5,14187,4258,424,474,89.5,313,350,89.4,78,119,65.5,1,0.7,0.7,+0.3,15,85,10,3,95,Matches
246,Franco Israel,uy URU,GK,Sporting CP,25-013,2000,11.0,236,264,89.4,4994,3104,59,59,100.0,145,148,98.0,30,55,54.5,0,0.0,0.0,0.0,0,2,0,0,0,Matches
247,Ivan Jaime Pajuelo,es ESP,FW,Porto,24-221,2000,4.9,122,148,82.4,1738,485,77,83,92.8,38,45,84.4,4,9,44.4,2,0.6,0.6,+1.4,7,7,6,2,25,Matches
248,Jason,es ESP,"FW,MF",Arouca,30-303,1994,23.1,442,714,61.9,7033,2425,244,303,80.5,143,211,67.8,42,141,29.8,1,3.3,3.7,-2.3,32,35,26,8,74,Matches
249,Jhonatan,br BRA,GK,Rio Ave,33-362,1991,8.0,221,310,71.3,5999,4282,38,41,92.7,106,110,96.4,74,154,48.1,0,0.0,0.0,0.0,0,1,0,0,0,Matches
250,Diederrick Joel,cm CMR,FW,Nacional,31-150,1993,8.0,93,132,70.5,1319,297,57,70,81.4,29,43,67.4,4,4,100.0,0,1.1,1.1,-1.1,6,10,8,0,16,Matches
Rk,Player,Nation,Pos,Squad,Age,Born,90s,Cmp,Att,Cmp%,TotDist,PrgDist,Cmp,Att,Cmp%,Cmp,Att,Cmp%,Cmp,Att,Cmp%,Ast,xAG,xA,A-xAG,KP,1/3,PPA,CrsPA,PrgP,Matches
251,Joel Jorquera,es ESP,FW,Moreirense,24-259,2000,3.1,59,77,76.6,845,230,36,39,92.3,19,25,76.0,2,5,40.0,0,0.1,0.2,-0.1,2,3,1,1,12,Matches
252,Luiz Lúcio Reis Júnior,br BRA,GK,Famalicão,24-111,2001,1.0,25,38,65.8,1027,818,1,1,100.0,8,8,100.0,16,29,55.2,0,0.0,0.0,0.0,0,5,0,0,0,Matches
253,Samuel Justo,pt POR,MF,Farense,21-033,2004,0.4,27,38,71.1,438,123,15,15,100.0,10,14,71.4,2,6,33.3,0,0.1,0.2,-0.1,1,2,2,1,4,Matches
254,Issa Kaboré,bf BFA,DF,Benfica,23-358,2001,0.1,14,17,82.4,218,55,5,7,71.4,8,8,100.0,0,1,0.0,0,0.0,0.0,0.0,0,0,1,0,3,Matches
255,Kaio,br BRA,FW,Vitória,21-079,2004,14.4,258,353,73.1,3867,1168,146,170,85.9,86,119,72.3,18,38,47.4,3,2.3,2.2,+0.7,16,19,29,5,61,Matches
256,Kaique,br BRA,GK,Farense,22-019,2003,4.0,110,154,71.4,3165,2319,13,13,100.0,62,62,100.0,33,77,42.9,0,0.0,0.0,0.0,0,5,0,0,0,Matches
257,Osman Kakay,sl SLE,"DF,MF",Boavista,27-253,1997,4.4,111,150,74.0,1742,535,57,65,87.7,45,54,83.3,7,26,26.9,0,0.1,0.1,-0.1,1,3,1,1,8,Matches
258,Issiaka Kamate,fr FRA,"FW,MF",AVS Futebol,20-276,2004,3.9,83,111,74.8,1135,242,50,58,86.2,25,40,62.5,3,3,100.0,0,0.4,0.1,-0.4,3,7,0,0,8,Matches
259,Kazu,br BRA,DF,Gil Vicente FC,25-048,2000,5.9,283,353,80.2,4921,1664,124,139,89.2,125,141,88.7,28,53,52.8,0,0.3,0.4,-0.3,2,24,3,2,25,Matches
260,Keliano,ao ANG,MF,Estrela,22-109,2003,10.6,293,339,86.4,4955,1370,139,151,92.1,125,137,91.2,24,36,66.7,1,0.2,0.6,+0.8,8,31,4,2,37,Matches
261,Kewin,br BRA,GK,Moreirense,29-192,1995,29.0,703,1020,68.9,20064,14159,125,125,100.0,320,327,97.9,254,561,45.3,0,0.0,0.0,0.0,1,8,2,0,0,Matches
262,Kikas,pt POR,FW,Estrela,26-230,1998,20.8,175,298,58.7,2660,472,81,127,63.8,66,99,66.7,9,26,34.6,1,0.6,1.2,+0.4,11,8,8,3,14,Matches
263,Gustavo Klismahn,br BRA,"MF,FW",Santa Clara,25-163,1999,9.1,232,331,70.1,4196,1487,110,125,88.0,71,101,70.3,40,75,53.3,3,1.7,1.7,+1.3,20,24,10,4,35,Matches
264,Ruben Kluivert,nl NED,DF,Casa Pia,23-349,2001,13.7,548,638,85.9,10981,4525,156,174,89.7,329,353,93.2,58,98,59.2,0,0.1,0.2,-0.1,1,34,2,0,27,Matches
265,Koka,eg EGY,"FW,MF",Rio Ave,32-061,1993,1.9,29,43,67.4,403,70,19,26,73.1,8,12,66.7,1,2,50.0,0,0.2,0.0,-0.2,3,0,2,0,4,Matches
266,Orkun Kökçü,tr TUR,MF,Benfica,24-127,2000,27.3,1539,1873,82.2,28674,9237,642,726,88.4,637,720,88.5,218,341,63.9,7,6.9,6.9,+0.1,70,206,65,11,278,Matches
267,Moussa Koné,sn SEN,"MF,FW",Boavista,28-126,1996,3.3,36,48,75.0,464,22,21,24,87.5,12,16,75.0,0,2,0.0,0,0.1,0.0,-0.1,2,0,0,0,0,Matches
268,Konstantinos Kostoulas,gr GRE,DF,Rio Ave,20-086,2005,1.1,34,42,81.0,592,197,15,15,100.0,18,19,94.7,1,7,14.3,0,0.0,0.0,0.0,0,5,0,0,0,Matches
269,Vladen Kovačević,ba BIH,GK,Sporting CP,27-024,1998,6.0,97,112,86.6,1973,1293,29,29,100.0,59,60,98.3,9,23,39.1,0,0.0,0.0,0.0,0,1,0,0,0,Matches
270,Andrian Kraev,bg BUL,MF,Casa Pia,26-080,1999,16.5,432,561,77.0,7153,1976,235,287,81.9,150,187,80.2,37,52,71.2,0,0.1,0.3,-0.1,3,46,4,1,54,Matches
271,Layvin Kurzawa,fr FRA,"DF,MF",Boavista,32-243,1992,1.9,50,81,61.7,693,236,29,35,82.9,12,23,52.2,4,12,33.3,0,0.1,0.1,-0.1,1,1,1,1,2,Matches
272,Chiheb Labidi,tn TUN,"MF,FW",Nacional,23-338,2001,4.1,113,149,75.8,1748,427,50,60,83.3,51,64,79.7,7,11,63.6,0,0.1,0.4,-0.1,4,9,4,0,17,Matches
273,André Lacximicant,pt POR,FW,Estoril,23-351,2001,10.0,98,163,60.1,1490,290,51,82,62.2,28,44,63.6,9,11,81.8,2,0.7,0.4,+1.3,6,7,4,1,13,Matches
274,Chico Lamba,pt POR,DF,Arouca,22-056,2003,23.3,1124,1311,85.7,21937,8728,376,399,94.2,630,677,93.1,108,205,52.7,2,0.6,0.4,+1.4,8,50,3,0,60,Matches
275,Larra,es ESP,"MF,DF",Casa Pia,27-139,1997,23.1,634,937,67.7,11213,3812,279,342,81.6,278,383,72.6,65,149,43.6,3,2.8,2.5,+0.2,18,37,14,5,54,Matches
Rk,Player,Nation,Pos,Squad,Age,Born,90s,Cmp,Att,Cmp%,TotDist,PrgDist,Cmp,Att,Cmp%,Cmp,Att,Cmp%,Cmp,Att,Cmp%,Ast,xAG,xA,A-xAG,KP,1/3,PPA,CrsPA,PrgP,Matches
276,Leonardo Lelo,pt POR,"MF,DF",Casa Pia,25-036,2000,31.6,916,1316,69.6,15987,7044,445,522,85.2,346,469,73.8,104,252,41.3,4,4.5,4.6,-0.5,52,66,20,6,107,Matches
277,Marcos Leonardo,br BRA,MF,Benfica,22-003,2003,0.9,6,12,50.0,75,19,4,5,80.0,2,4,50.0,0,1,0.0,0,0.0,0.1,0.0,1,0,2,0,2,Matches
278,Guilherme Liberato,br BRA,MF,Moreirense,23-323,2001,0.5,29,34,85.3,484,112,17,20,85.0,10,10,100.0,2,3,66.7,0,0.0,0.0,0.0,0,2,0,0,3,Matches
279,Otso Liimatta,fi FIN,"FW,MF",Famalicão,20-299,2004,1.3,29,40,72.5,435,90,18,22,81.8,11,14,78.6,0,1,0.0,0,0.1,0.1,-0.1,1,1,2,0,4,Matches
280,Rúben Lima,pt POR,DF,Estrela,35-214,1989,19.8,661,913,72.4,14028,6151,207,235,88.1,333,405,82.2,116,243,47.7,2,1.9,1.8,+0.1,11,61,11,5,65,Matches
281,Yan Lincon,br BRA,FW,Moreirense,22-234,2002,2.6,29,37,78.4,393,46,16,19,84.2,8,9,88.9,2,2,100.0,0,0.0,0.0,0.0,0,1,0,0,3,Matches
282,Jérémy Livolant,fr FRA,"FW,MF",Casa Pia,27-116,1998,18.0,335,488,68.6,5026,1361,198,247,80.2,108,155,69.7,20,51,39.2,2,2.3,1.7,-0.3,16,33,11,4,42,Matches
283,Danny Loader,cm CMR,"FW,MF",Porto,24-250,2000,11.2,231,288,80.2,3249,675,143,167,85.6,63,77,81.8,14,19,73.7,1,0.8,0.7,+0.2,12,15,9,2,31,Matches
284,Samuel Lobato,pt POR,"FW,MF",Famalicão,23-198,2001,0.8,24,31,77.4,245,69,15,19,78.9,4,7,57.1,0,0,,0,0.0,0.0,0.0,0,1,0,0,1,Matches
285,Tom van de Looi,nl NED,MF,Famalicão,25-307,1999,17.5,742,911,81.4,13365,4180,310,349,88.8,346,403,85.9,69,120,57.5,2,0.6,0.8,+1.4,8,101,7,2,111,Matches
286,Miguel Lopes,pt POR,DF,Estrela,38-137,1986,12.2,483,552,87.5,10393,3865,115,129,89.1,288,311,92.6,76,100,76.0,0,0.1,0.1,-0.1,1,21,0,0,27,Matches
287,Rony Lopes,pt POR,"MF,FW",Farense,29-128,1995,10.9,269,398,67.6,4975,1678,114,138,82.6,96,119,80.7,45,106,42.5,0,1.2,2.1,-1.2,19,20,11,1,36,Matches
288,Vasco Lopes,cv CPV,"FW,MF",AVS Futebol,25-245,1999,11.1,249,329,75.7,3469,883,159,182,87.4,71,100,71.0,12,21,57.1,1,1.2,2.0,-0.2,9,17,14,4,45,Matches
289,Mamadou Loum,sn SEN,"MF,DF",Arouca,28-126,1996,7.7,330,391,84.4,5927,1690,132,154,85.7,164,186,88.2,32,40,80.0,0,0.5,0.3,-0.5,4,26,1,1,42,Matches
290,Jonatan Lucca,br BRA,MF,AVS Futebol,30-337,1994,3.0,112,134,83.6,1942,526,49,57,86.0,55,62,88.7,5,10,50.0,0,0.0,0.1,0.0,1,14,0,0,12,Matches
291,Florentino Luís,pt POR,MF,Benfica,25-259,1999,20.2,895,1029,87.0,15837,4550,396,437,90.6,374,410,91.2,99,124,79.8,1,0.6,0.8,+0.4,10,102,8,2,116,Matches
292,Zé Luís,cv CPV,FW,AVS Futebol,34-101,1991,13.5,208,300,69.3,2808,493,129,169,76.3,56,85,65.9,9,14,64.3,1,1.8,0.7,-0.8,12,13,3,0,22,Matches
293,Luismi,gq EQG,FW,Moreirense,23-300,2001,15.0,133,232,57.3,1731,489,78,111,70.3,38,62,61.3,4,14,28.6,3,1.1,0.6,+1.9,12,9,7,1,20,Matches
294,Vitali Lystsov,ru RUS,DF,Boavista,29-298,1995,5.2,104,146,71.2,2163,1260,36,47,76.6,48,64,75.0,17,27,63.0,0,0.0,0.1,0.0,1,9,1,0,16,Matches
295,Rúben Macedo,pt POR,"FW,MF",Nacional,29-057,1996,12.0,149,244,61.1,2387,665,79,96,82.3,47,69,68.1,17,47,36.2,0,2.0,1.9,-2.0,14,8,8,6,15,Matches
296,Tiago Machado,pt POR,"FW,MF",Boavista,21-033,2004,1.4,26,35,74.3,396,77,16,20,80.0,5,8,62.5,3,4,75.0,0,0.2,0.1,-0.2,1,2,1,1,4,Matches
297,Madson,br BRA,FW,Moreirense,25-252,1999,13.0,229,343,66.8,3290,899,136,170,80.0,66,98,67.3,15,43,34.9,1,1.6,1.0,-0.6,17,11,9,1,29,Matches
298,Miguel Maga,pt POR,DF,Vitória,22-170,2002,14.0,564,711,79.3,8412,3219,311,348,89.4,219,263,83.3,23,50,46.0,1,1.1,2.4,-0.1,10,32,12,1,56,Matches
299,Otar Mamageishvili,ge GEO,MF,Famalicão,22-110,2003,0.5,6,15,40.0,90,4,2,4,50.0,0,5,0.0,2,3,66.7,0,0.0,0.0,0.0,0,0,0,0,0,Matches
300,Eliaquim Mangala,fr FRA,DF,Estoril,34-081,1991,4.7,185,216,85.6,3323,1289,63,69,91.3,110,118,93.2,10,25,40.0,0,0.0,0.0,0.0,0,4,0,0,3,Matches
Rk,Player,Nation,Pos,Squad,Age,Born,90s,Cmp,Att,Cmp%,TotDist,PrgDist,Cmp,Att,Cmp%,Cmp,Att,Cmp%,Cmp,Att,Cmp%,Ast,xAG,xA,A-xAG,KP,1/3,PPA,CrsPA,PrgP,Matches
301,Ricardo Mangas,pt POR,FW,Vitória,27-047,1998,3.8,57,73,78.1,826,99,31,37,83.8,18,24,75.0,3,5,60.0,0,0.3,0.7,-0.3,3,1,1,0,4,Matches
302,Brian Mansilla,uy URU,"FW,MF",Arouca,22-356,2002,3.1,52,87,59.8,674,237,30,40,75.0,14,20,70.0,2,13,15.4,0,0.8,0.2,-0.8,5,4,1,0,6,Matches
303,Nico Mantl,de GER,GK,Arouca,25-088,2000,29.0,740,949,78.0,18151,13365,202,204,99.0,353,361,97.8,185,383,48.3,0,0.0,0.0,0.0,0,6,0,0,0,Matches
304,Manú,ao ANG,"FW,DF",Estrela,19-177,2005,0.5,1,2,50.0,11,0,1,1,100.0,0,0,,0,0,,0,0.0,0.0,0.0,0,0,0,0,0,Matches
305,Manuel Manu,pt POR,MF,Vitória,23-327,2001,7.6,365,453,80.6,7008,2609,140,165,84.8,165,189,87.3,50,77,64.9,1,0.6,0.4,+0.4,10,74,6,1,73,Matches
306,Manuel Manu,pt POR,MF,Benfica,23-327,2001,1.5,62,71,87.3,997,338,34,34,100.0,25,29,86.2,3,7,42.9,1,0.1,0.0,+0.9,1,4,0,0,8,Matches
307,Maracás,br BRA,DF,Moreirense,31-008,1994,26.6,1025,1177,87.1,20235,6392,302,321,94.1,606,651,93.1,103,171,60.2,1,0.9,0.1,+0.1,1,18,0,0,33,Matches
308,Iván Marcano,es ESP,DF,Porto,37-316,1987,8.5,555,630,88.1,10997,3581,193,207,93.2,296,315,94.0,65,97,67.0,0,0.5,0.3,-0.5,4,39,1,1,39,Matches
309,Adrián Marín,es ESP,DF,Braga,28-116,1997,7.9,464,576,80.6,7971,3966,223,242,92.1,200,239,83.7,38,75,50.7,2,0.7,1.1,+1.3,6,55,7,2,58,Matches
310,João Mário,pt POR,"FW,MF",Benfica,32-106,1993,1.7,84,103,81.6,1293,520,50,56,89.3,25,30,83.3,8,13,61.5,0,0.3,0.6,-0.3,5,9,3,0,18,Matches
311,João Mário Lopes,pt POR,DF,Porto,25-122,2000,17.4,804,1005,80.0,13276,4215,405,449,90.2,327,398,82.2,61,112,54.5,3,4.2,5.3,-1.2,30,64,49,19,111,Matches
312,Uładzisłaŭ Marozaŭ,by BLR,FW,Arouca,24-205,2000,3.1,22,49,44.9,305,39,15,25,60.0,6,9,66.7,1,4,25.0,0,0.2,0.1,-0.2,1,1,0,0,1,Matches
313,Alejandro Marqués,ve VEN,FW,Estoril,24-274,2000,18.3,163,235,69.4,2173,419,90,119,75.6,45,63,71.4,9,13,69.2,0,0.5,0.6,-0.5,10,12,3,0,18,Matches
314,Alex Marques,pt POR,DF,Boavista,19-194,2005,1.1,38,49,77.6,709,269,14,15,93.3,22,28,78.6,2,4,50.0,0,0.0,0.0,0.0,0,0,0,0,1,Matches
315,João Marques,pt POR,"MF,FW",Braga,23-081,2002,0.4,12,17,70.6,206,57,4,4,100.0,5,6,83.3,2,3,66.7,0,0.0,0.0,0.0,1,2,1,1,1,Matches
316,João Marques,pt POR,"FW,MF",Gil Vicente FC,23-081,2002,4.8,108,167,64.7,1629,346,55,70,78.6,42,63,66.7,6,20,30.0,0,0.0,0.1,0.0,0,7,2,1,14,Matches
317,Gabri Martínez,es ESP,"FW,MF",Braga,22-103,2003,17.0,497,697,71.3,7821,2165,269,323,83.3,189,247,76.5,32,63,50.8,2,3.8,3.4,-1.8,23,32,20,1,62,Matches
318,Toni Martínez,es ESP,FW,Porto,27-309,1997,0.0,0,0,,0,0,0,0,,0,0,,0,0,,0,0.0,0.0,0.0,0,0,0,0,0,Matches
319,Bernardo Martins,pt POR,"FW,MF",Moreirense,27-152,1997,16.2,482,610,79.0,7425,2247,257,303,84.8,154,179,86.0,39,71,54.9,3,1.6,1.8,+1.4,20,63,14,1,73,Matches
320,Matheus,br BRA,GK,Braga,32-290,1992,17.0,436,584,74.7,10760,7180,84,86,97.7,247,250,98.8,105,247,42.5,0,0.0,0.0,0.0,1,10,0,0,2,Matches
321,Matheusinho,br BRA,"FW,MF",Santa Clara,27-083,1998,0.8,28,33,84.8,465,141,15,17,88.2,10,11,90.9,3,4,75.0,0,0.0,0.0,0.0,0,3,1,0,4,Matches
322,Marco Matias,pt POR,"FW,MF",Farense,35-360,1989,12.1,176,315,55.9,3110,1096,88,120,73.3,42,77,54.5,35,85,41.2,3,1.4,1.3,+1.6,21,18,6,1,29,Matches
323,Jordi Mboula,es ESP,"FW,MF",Gil Vicente FC,26-050,1999,12.8,247,332,74.4,3316,983,153,189,81.0,70,91,76.9,12,21,57.1,2,0.8,0.8,+1.2,8,14,11,1,33,Matches
324,Tobías Medina,ar ARG,"MF,FW",Rio Ave,21-063,2004,0.3,3,4,75.0,29,0,3,3,100.0,0,1,0.0,0,0,,0,0.0,0.0,0.0,0,0,0,0,0,Matches
325,Mauro Meireles Couto,pt POR,DF,Sporting CP,19-171,2005,0.0,10,11,90.9,113,8,8,8,100.0,2,2,100.0,0,0,,0,0.0,0.0,0.0,0,0,0,0,1,Matches
Rk,Player,Nation,Pos,Squad,Age,Born,90s,Cmp,Att,Cmp%,TotDist,PrgDist,Cmp,Att,Cmp%,Cmp,Att,Cmp%,Cmp,Att,Cmp%,Ast,xAG,xA,A-xAG,KP,1/3,PPA,CrsPA,PrgP,Matches
326,Francisco Meixedo,pt POR,GK,Estrela,23-351,2001,0.5,16,21,76.2,489,326,1,1,100.0,11,11,100.0,4,9,44.4,0,0.0,0.0,0.0,0,0,0,0,0,Matches
327,Yair Mena Palacios,co COL,"MF,FW",AVS Futebol,24-311,2000,1.0,9,22,40.9,140,67,4,7,57.1,5,7,71.4,0,3,0.0,0,0.0,0.0,0.0,1,1,0,0,1,Matches
328,João Mendes,pt POR,"MF,FW",Vitória,30-196,1994,18.3,506,651,77.7,7571,2113,288,326,88.3,163,204,79.9,33,68,48.5,1,1.8,2.0,-0.8,21,56,18,3,88,Matches
329,João Mendes,pt POR,DF,Vitória,25-022,2000,26.9,1316,1725,76.3,22032,7648,639,730,87.5,558,696,80.2,94,210,44.8,0,1.5,1.9,-1.5,24,91,28,12,134,Matches
330,Joe Mendes,se SWE,DF,Braga,22-125,2002,2.0,110,134,82.1,1711,542,57,61,93.4,44,55,80.0,6,13,46.2,0,0.0,0.2,0.0,2,8,0,0,10,Matches
331,Gustavo Mendonça,pt POR,MF,AVS Futebol,22-055,2003,7.2,224,282,79.4,3791,914,104,119,87.4,87,104,83.7,24,36,66.7,0,0.2,0.2,-0.2,3,15,1,0,16,Matches
332,Miguel Menino,pt POR,MF,Farense,22-115,2003,20.3,320,470,68.1,5204,1907,154,215,71.6,119,152,78.3,30,55,54.5,0,1.0,1.1,-1.0,11,35,4,1,52,Matches
333,John Mercado,ec ECU,"FW,MF",AVS Futebol,22-336,2002,23.3,332,520,63.8,5057,1273,185,240,77.1,111,163,68.1,24,64,37.5,1,3.1,3.0,-2.1,26,16,18,13,30,Matches
334,Mehdi Merghem,fr FRA,"MF,FW",Farense,27-290,1997,5.1,112,156,71.8,2107,751,53,63,84.1,40,52,76.9,17,33,51.5,0,1.5,1.0,-1.5,10,8,9,3,23,Matches
335,Bruno Messi,pt POR,"FW,MF",Santa Clara,28-238,1996,1.3,37,62,59.7,638,216,18,24,75.0,12,19,63.2,5,15,33.3,0,0.1,0.2,-0.1,2,3,5,4,4,Matches
336,Michel,br BRA,DF,Moreirense,21-350,2003,1.1,24,42,57.1,385,137,8,11,72.7,15,23,65.2,0,5,0.0,0,0.0,0.0,0.0,0,0,0,0,0,Matches
337,Dieu-Merci Michel,ca CAN,FW,Vitória,21-085,2004,3.9,28,41,68.3,323,51,18,24,75.0,8,11,72.7,0,0,,0,0.1,0.0,-0.1,1,1,0,0,2,Matches
338,Enea Mihaj,al ALB,DF,Famalicão,26-304,1998,28.1,1313,1547,84.9,27866,10661,355,390,91.0,754,815,92.5,196,322,60.9,1,0.2,0.3,+0.8,5,81,3,0,73,Matches
339,Álex Millán,es ESP,"FW,MF",Farense,25-179,1999,4.5,37,57,64.9,537,109,18,30,60.0,14,18,77.8,2,4,50.0,0,0.1,0.2,-0.1,3,5,0,0,7,Matches
340,Cezary Miszta,pl POL,GK,Rio Ave,23-187,2001,23.0,572,807,70.9,15870,11416,86,86,100.0,310,316,98.1,176,402,43.8,0,0.0,0.0,0.0,0,7,0,0,0,Matches
341,Iyad Mohamed,km COM,MF,Casa Pia,24-061,2001,4.6,130,168,77.4,2344,672,58,66,87.9,56,68,82.4,13,22,59.1,0,0.1,0.1,-0.1,2,19,2,2,15,Matches
342,Rodrigo Mora,pt POR,MF,Porto,18-000,2007,13.9,300,392,76.5,4972,976,151,187,80.7,108,131,82.4,27,35,77.1,4,1.4,1.3,+2.6,19,22,16,3,63,Matches
343,Morato,br BRA,DF,Benfica,23-309,2001,1.0,67,74,90.5,1070,418,38,41,92.7,25,27,92.6,4,4,100.0,0,0.0,0.0,0.0,0,6,0,0,10,Matches
344,Paulo Moreira,pt POR,MF,Estrela,25-077,2000,12.1,279,340,82.1,4717,1240,136,160,85.0,122,138,88.4,17,28,60.7,0,0.5,0.5,-0.5,9,22,5,1,32,Matches
345,Marco Moreno,es ESP,DF,Farense,24-074,2001,20.7,563,732,76.9,12702,5381,133,155,85.8,327,372,87.9,101,191,52.9,0,0.1,0.4,-0.1,2,46,0,0,45,Matches
346,Dani Morer,es ESP,DF,Moreirense,27-089,1998,0.1,4,6,66.7,63,11,2,2,100.0,2,3,66.7,0,0,,0,0.0,0.0,0.0,0,0,0,0,1,Matches
347,Hidemasa Morita,jp JPN,MF,Sporting CP,29-360,1995,13.2,627,738,85.0,10100,3143,320,362,88.4,255,280,91.1,39,60,65.0,3,2.7,2.0,+0.3,19,94,10,0,98,Matches
348,Moura,pt POR,DF,Famalicão,25-262,1999,4.0,144,189,76.2,2458,877,78,84,92.9,50,68,73.5,14,24,58.3,1,0.5,0.1,+0.5,7,9,3,2,9,Matches
349,Moura,pt POR,DF,Porto,25-262,1999,22.6,1007,1260,79.9,16206,6130,494,548,90.1,429,526,81.6,56,108,51.9,8,4.0,3.5,+4.0,32,55,28,15,94,Matches
350,João Moutinho,pt POR,MF,Braga,38-239,1986,16.8,976,1128,86.5,17827,5014,384,415,92.5,470,511,92.0,102,165,61.8,2,1.1,1.7,+0.9,15,126,14,2,137,Matches
Rk,Player,Nation,Pos,Squad,Age,Born,90s,Cmp,Att,Cmp%,TotDist,PrgDist,Cmp,Att,Cmp%,Cmp,Att,Cmp%,Cmp,Att,Cmp%,Ast,xAG,xA,A-xAG,KP,1/3,PPA,CrsPA,PrgP,Matches
351,MT,br BRA,"DF,MF",Santa Clara,24-065,2001,30.0,1149,1548,74.2,22170,8399,436,486,89.7,534,653,81.8,151,329,45.9,1,1.9,1.2,-0.9,16,126,22,3,123,Matches
352,Jonathan Mutombo,fr FRA,DF,Gil Vicente FC,22-251,2002,6.5,258,322,80.1,4554,1641,116,131,88.5,115,131,87.8,25,48,52.1,0,0.4,0.2,-0.4,4,23,4,2,25,Matches
353,Manuel Namora,pt POR,"MF,FW",Boavista,27-082,1998,3.4,29,53,54.7,478,172,17,30,56.7,9,14,64.3,3,4,75.0,0,0.1,0.1,-0.1,1,3,2,0,7,Matches
354,Dylan Nandín,uy URU,FW,Arouca,23-066,2002,6.6,79,115,68.7,989,132,48,64,75.0,24,32,75.0,0,1,0.0,1,0.8,0.5,+0.2,5,3,2,0,5,Matches
355,Nani,pt POR,"FW,MF",Estrela,38-169,1986,5.2,171,240,71.3,2534,629,103,121,85.1,51,72,70.8,10,30,33.3,0,0.4,0.6,-0.4,9,7,4,0,11,Matches
356,Fran Navarro,es ESP,FW,Porto,27-091,1998,1.0,13,14,92.9,151,3,7,8,87.5,4,4,100.0,0,0,,0,0.0,0.0,0.0,0,0,0,0,1,Matches
357,Fran Navarro,es ESP,FW,Braga,27-091,1998,6.7,57,84,67.9,640,100,42,53,79.2,12,18,66.7,0,0,,0,0.2,0.3,-0.2,4,4,1,0,6,Matches
358,Christian Neiva Afonso,pt POR,"DF,MF",AVS Futebol,30-146,1994,16.7,518,747,69.3,9296,3806,225,252,89.3,224,308,72.7,61,148,41.2,2,1.7,1.6,+0.3,14,33,11,8,39,Matches
359,Nenê,br BRA,FW,AVS Futebol,41-281,1983,8.2,114,161,70.8,1868,343,60,71,84.5,30,46,65.2,15,18,83.3,1,0.4,0.2,+0.6,4,12,2,0,17,Matches
360,Neto,br BRA,MF,Farense,33-245,1991,17.8,528,673,78.5,10019,2790,204,248,82.3,224,265,84.5,83,122,68.0,0,0.6,0.4,-0.6,11,63,4,1,71,Matches
361,Martim Neto,pt POR,MF,Rio Ave,22-111,2003,12.9,488,594,82.2,8376,2116,229,267,85.8,202,229,88.2,45,62,72.6,1,1.2,0.6,-0.2,12,50,8,0,75,Matches
362,Renato Nhaga,gw GNB,MF,Casa Pia,18-039,2007,0.0,4,5,80.0,85,14,1,1,100.0,2,3,66.7,1,1,100.0,0,0.0,0.0,0.0,0,1,0,0,1,Matches
363,Sikou Niakaté,ml MLI,DF,Braga,25-299,1999,20.0,1202,1375,87.4,23170,8416,374,400,93.5,695,740,93.9,112,198,56.6,1,0.9,0.6,+0.1,6,102,3,1,96,Matches
364,Yusupha Njie,gm GAM,"FW,MF",Farense,31-122,1994,6.7,78,107,72.9,1281,233,41,51,80.4,27,36,75.0,8,13,61.5,0,0.3,0.2,-0.3,3,4,3,1,9,Matches
365,Miguel Nóbrega,pt POR,DF,Rio Ave,25-018,2000,1.0,35,42,83.3,500,301,23,24,95.8,10,15,66.7,1,2,50.0,0,0.0,0.0,0.0,0,3,0,0,3,Matches
366,Jonatás Noro,pt POR,DF,Braga,19-300,2005,0.1,7,7,100.0,158,50,0,0,,5,5,100.0,2,2,100.0,0,0.0,0.0,0.0,0,0,0,0,0,Matches
367,João Novais,pt POR,MF,Rio Ave,31-299,1993,14.4,466,627,74.3,8922,3024,184,218,84.4,196,241,81.3,72,134,53.7,0,2.9,3.1,-2.9,29,53,13,1,64,Matches
368,Andreas Ntoi,gr GRE,DF,Rio Ave,22-092,2003,13.2,516,630,81.9,11066,3851,122,130,93.8,328,358,91.6,64,132,48.5,0,0.6,0.1,-0.6,1,35,1,0,38,Matches
369,Samuel Obeng,gh GHA,FW,Casa Pia,27-355,1997,4.1,34,55,61.8,439,102,21,30,70.0,9,14,64.3,1,2,50.0,0,0.1,0.0,-0.1,3,3,0,0,4,Matches
370,Guillermo Ochoa,mx MEX,GK,AVS Futebol,39-296,1985,20.0,461,624,73.9,13456,9928,85,85,100.0,203,205,99.0,171,330,51.8,0,0.3,0.0,-0.3,1,4,0,0,0,Matches
371,Lawrence Ofori,gh GHA,MF,Moreirense,26-311,1998,19.8,922,1046,88.1,15539,4682,425,458,92.8,393,421,93.3,73,121,60.3,1,0.8,0.9,+0.2,14,100,11,0,93,Matches
372,Leonardo Oliveira,pt POR,FW,Famalicão,20-086,2005,0.3,0,1,0.0,0,0,0,0,,0,0,,0,0,,0,0.0,0.0,0.0,0,0,0,0,0,Matches
373,Nélson Oliveira,pt POR,FW,Vitória,33-270,1991,18.6,241,322,74.8,3351,630,138,172,80.2,67,85,78.8,13,19,68.4,4,2.8,1.4,+1.2,15,14,7,1,36,Matches
374,Paulo Oliveira,pt POR,DF,Braga,33-117,1992,17.0,904,1058,85.4,18571,6165,228,245,93.1,582,631,92.2,92,165,55.8,0,0.0,0.4,0.0,1,52,0,0,46,Matches
375,Talys Oliveira,br BRA,DF,Farense,26-084,1999,2.8,95,151,62.9,2035,1119,36,39,92.3,37,54,68.5,22,53,41.5,0,0.2,0.4,-0.2,6,11,7,6,13,Matches
Rk,Player,Nation,Pos,Squad,Age,Born,90s,Cmp,Att,Cmp%,TotDist,PrgDist,Cmp,Att,Cmp%,Cmp,Att,Cmp%,Cmp,Att,Cmp%,Ast,xAG,xA,A-xAG,KP,1/3,PPA,CrsPA,PrgP,Matches
376,Samu Omorodion,es ESP,FW,Porto,21-000,2004,23.2,258,331,77.9,4127,660,147,177,83.1,76,91,83.5,25,32,78.1,3,2.0,2.2,+1.0,17,15,7,0,24,Matches
377,Bruno Onyemaechi,ng NGA,"DF,MF",Boavista,26-032,1999,17.4,366,587,62.4,6499,2557,170,233,73.0,143,203,70.4,46,103,44.7,1,1.2,1.3,-0.2,14,30,14,10,34,Matches
378,Jandro Orellana,es ESP,MF,Estoril,24-271,2000,11.3,449,526,85.4,6986,1878,237,254,93.3,182,207,87.9,23,43,53.5,1,0.4,0.8,+0.6,10,32,5,0,39,Matches
379,Korede Osundina,us USA,FW,Casa Pia,21-081,2004,1.9,18,30,60.0,267,38,8,14,57.1,9,11,81.8,0,1,0.0,0,0.2,0.3,-0.2,1,1,2,0,3,Matches
380,Nicolás Otamendi,ar ARG,DF,Benfica,37-082,1988,28.1,1688,1892,89.2,33025,12191,588,650,90.5,882,933,94.5,204,278,73.4,2,1.4,1.9,+0.6,10,107,5,0,123,Matches
381,Amine El Ouazzani,ma MAR,FW,Braga,23-294,2001,17.4,220,307,71.7,2750,584,153,185,82.7,44,66,66.7,8,11,72.7,1,1.8,1.7,-0.8,19,16,4,1,21,Matches
382,Amine Oudrhiri,ma MAR,MF,Estrela,32-182,1992,5.9,199,224,88.8,3782,1366,74,76,97.4,95,106,89.6,28,35,80.0,0,0.0,0.1,0.0,0,28,1,0,22,Matches
383,Amine Oudrhiri,ma MAR,MF,Rio Ave,32-182,1992,7.2,329,369,89.2,6494,1679,108,119,90.8,167,174,96.0,45,56,80.4,0,0.1,0.1,-0.1,3,20,2,1,19,Matches
384,Pablo,br BRA,"FW,MF",Gil Vicente FC,21-123,2004,7.3,114,151,75.5,1440,226,73,89,82.0,30,36,83.3,4,6,66.7,0,0.5,0.2,-0.5,8,5,0,0,7,Matches
385,Renato Pantalon,hr CRO,DF,Estrela,27-190,1997,5.3,116,144,80.6,2289,792,35,43,81.4,68,78,87.2,12,20,60.0,0,0.0,0.1,0.0,1,6,0,0,7,Matches
386,Renato Pantalon,hr CRO,DF,Rio Ave,27-190,1997,7.7,336,387,86.8,6276,2408,125,133,94.0,167,185,90.3,38,58,65.5,0,0.1,0.1,-0.1,2,19,1,0,27,Matches
387,Jonathan Panzo,eng ENG,DF,Rio Ave,24-192,2000,12.2,618,681,90.7,12395,4221,176,194,90.7,377,398,94.7,63,78,80.8,0,0.4,0.3,-0.4,3,34,0,0,39,Matches
388,David Pastor,br BRA,"DF,MF",Farense,25-074,2000,26.9,755,1029,73.4,13324,5546,340,397,85.6,311,412,75.5,81,145,55.9,2,1.5,2.7,+0.5,22,55,25,15,70,Matches
389,Afonso Patrão,pt POR,FW,Braga,18-091,2007,1.9,24,33,72.7,307,77,17,22,77.3,6,8,75.0,0,1,0.0,1,0.5,0.6,+0.5,2,1,0,0,4,Matches
390,Patrick,br BRA,DF,Rio Ave,27-336,1997,11.1,522,645,80.9,10671,4037,151,171,88.3,314,344,91.3,54,112,48.2,0,0.1,0.1,-0.1,1,35,0,0,34,Matches
391,Vangelis Pavlidis,gr GRE,FW,Benfica,26-165,1998,23.1,377,513,73.5,5524,1094,225,279,80.6,101,127,79.5,29,43,67.4,6,4.6,3.6,+1.4,36,21,22,1,49,Matches
392,Zé Pedro Figueiredo,pt POR,DF,Porto,27-333,1997,14.6,907,1055,86.0,16986,5537,314,337,93.2,516,567,91.0,65,125,52.0,0,0.3,0.6,-0.3,5,93,7,1,85,Matches
393,João Pedro,br BRA,DF,Rio Ave,22-052,2003,1.1,50,67,74.6,792,241,28,32,87.5,18,21,85.7,4,12,33.3,1,0.0,0.1,+1.0,1,3,0,0,3,Matches
394,Daniel Penha,br BRA,MF,Nacional,26-200,1998,15.9,360,533,67.5,6821,2331,160,204,78.4,132,186,71.0,57,104,54.8,1,1.7,2.2,-0.7,38,46,12,2,63,Matches
395,Pepê,br BRA,"FW,MF",Porto,28-070,1997,21.8,635,832,76.3,10376,2322,322,386,83.4,237,283,83.7,52,93,55.9,2,2.8,3.2,-0.8,30,38,29,7,87,Matches
396,Pereira,pt POR,"FW,MF",Casa Pia,23-079,2002,8.1,119,176,67.6,1568,425,72,93,77.4,39,52,75.0,2,13,15.4,1,2.1,1.4,-1.1,14,9,10,5,13,Matches
397,Diogo Pereira,pt POR,MF,Gil Vicente FC,22-001,2003,0.2,0,1,0.0,0,0,0,0,,0,1,0.0,0,0,,0,0.0,0.0,0.0,0,0,0,0,0,Matches
398,Francisco Pereira,pt POR,MF,Estoril,23-088,2002,0.1,9,10,90.0,157,39,5,5,100.0,4,4,100.0,0,1,0.0,0,0.0,0.0,0.0,0,1,0,0,1,Matches
399,Matheus Pereira,br BRA,"MF,DF",Santa Clara,24-135,2000,18.1,442,635,69.6,6854,2088,234,262,89.3,168,230,73.0,26,97,26.8,4,3.3,2.9,+0.7,20,32,12,8,34,Matches
400,Sebastián Pérez Cardona,co COL,"MF,DF",Boavista,32-037,1993,19.6,737,909,81.1,13305,4317,307,349,88.0,336,384,87.5,78,136,57.4,0,0.8,0.7,-0.8,8,66,13,0,89,Matches
Rk,Player,Nation,Pos,Squad,Age,Born,90s,Cmp,Att,Cmp%,TotDist,PrgDist,Cmp,Att,Cmp%,Cmp,Att,Cmp%,Cmp,Att,Cmp%,Ast,xAG,xA,A-xAG,KP,1/3,PPA,CrsPA,PrgP,Matches
401,Nehuén Pérez,ar ARG,DF,Porto,24-315,2000,22.1,1529,1682,90.9,30426,9114,439,475,92.4,939,988,95.0,142,200,71.0,1,0.4,1.0,+0.6,6,113,6,4,122,Matches
402,Tomás Pérez,ar ARG,"DF,MF",Porto,19-252,2005,1.2,75,85,88.2,1310,311,31,35,88.6,40,41,97.6,3,6,50.0,0,0.0,0.0,0.0,1,5,0,0,6,Matches
403,Francisco Petrasso,ar ARG,DF,Rio Ave,23-066,2002,3.7,95,116,81.9,1809,538,25,29,86.2,68,71,95.8,2,14,14.3,0,0.0,0.0,0.0,1,1,0,0,2,Matches
404,Petterson,br BRA,"MF,FW",Estrela,21-121,2004,0.8,27,35,77.1,383,47,16,19,84.2,8,9,88.9,1,3,33.3,0,0.0,0.1,0.0,0,3,1,0,4,Matches
405,Lucas Piazon,br BRA,"MF,FW",AVS Futebol,31-105,1994,24.1,719,898,80.1,11082,3194,395,441,89.6,250,303,82.5,54,102,52.9,2,2.0,2.4,0.0,36,62,9,3,97,Matches
406,Wagner Pina,cv CPV,"DF,MF",Estoril,22-183,2002,25.7,802,1041,77.0,12971,4743,394,463,85.1,339,430,78.8,53,96,55.2,4,2.7,2.8,+1.3,22,40,14,4,53,Matches
407,Rodrigo Pinheiro,pt POR,DF,Famalicão,22-250,2002,20.2,736,985,74.7,11860,5390,370,435,85.1,287,365,78.6,54,118,45.8,2,1.9,2.4,+0.1,20,73,28,13,89,Matches
408,Rodrigo Pinho,br BRA,FW,Estrela,33-340,1991,17.6,172,256,67.2,2680,812,84,114,73.7,51,72,70.8,18,33,54.5,0,0.6,0.6,-0.6,11,29,5,1,31,Matches
409,Alexandre Pinto,pt POR,DF,Arouca,26-301,1998,7.1,230,335,68.7,4096,1705,103,135,76.3,91,123,74.0,29,53,54.7,0,0.3,0.7,-0.3,5,18,10,4,25,Matches
410,Dinis Pinto,pt POR,DF,Moreirense,24-254,2000,22.1,854,1143,74.7,13081,5327,449,514,87.4,309,418,73.9,56,139,40.3,1,1.5,2.3,-0.5,13,41,15,14,67,Matches
411,Jaime Pinto,pt POR,"MF,FW",Farense,27-219,1997,2.6,16,24,66.7,203,82,9,11,81.8,4,7,57.1,1,1,100.0,0,0.0,0.1,0.0,0,3,1,1,2,Matches
412,João Pinto,pt POR,MF,Gil Vicente FC,22-247,2002,0.0,0,0,,0,0,0,0,,0,0,,0,0,,0,0.0,0.0,0.0,0,0,0,0,0,Matches
413,Ole Pohlmann,de GER,"MF,FW",Rio Ave,24-030,2001,16.8,316,420,75.2,4837,1150,172,205,83.9,102,125,81.6,24,52,46.2,2,1.6,1.4,+0.4,26,24,16,2,47,Matches
414,Carlos Ponck,cv CPV,DF,Moreirense,30-112,1995,5.4,257,299,86.0,4901,1666,75,86,87.2,158,165,95.8,20,39,51.3,0,0.1,0.0,-0.1,2,9,1,0,13,Matches
415,Boris Popović,rs SRB,DF,Arouca,25-068,2000,9.0,478,526,90.9,8713,2929,157,165,95.2,287,299,96.0,29,55,52.7,0,0.0,0.1,0.0,0,14,1,1,21,Matches
416,Darío Poveda,es ESP,"FW,MF",Farense,28-053,1997,10.2,98,167,58.7,1764,350,44,71,62.0,39,52,75.0,11,21,52.4,1,0.1,0.2,+0.9,4,10,1,0,16,Matches
417,Gianluca Prestianni,ar ARG,"MF,FW",Benfica,19-094,2006,3.2,90,119,75.6,1224,336,57,64,89.1,31,43,72.1,1,4,25.0,0,0.1,0.3,-0.1,4,4,9,0,22,Matches
418,Diogo Prioste,pt POR,MF,Benfica,21-040,2004,0.1,18,20,90.0,299,119,8,8,100.0,9,10,90.0,1,1,100.0,0,0.0,0.0,0.0,0,1,0,0,3,Matches
419,Miguel Puche García,es ESP,"FW,MF",Arouca,24-005,2001,4.1,121,167,72.5,2235,475,42,53,79.2,61,83,73.5,13,19,68.4,0,1.1,0.3,-1.1,8,5,8,2,15,Matches
420,Quaresma,br BRA,DF,Arouca,28-256,1996,0.9,53,67,79.1,925,190,22,24,91.7,22,28,78.6,7,11,63.6,0,0.0,0.1,0.0,0,6,1,0,4,Matches
421,Eduardo Quaresma,pt POR,DF,Sporting CP,23-064,2002,13.6,935,1006,92.9,15506,4779,445,466,95.5,434,453,95.8,46,68,67.6,0,0.1,0.6,-0.1,3,114,2,0,101,Matches
422,Geovany Quenda,pt POR,"MF,DF",Sporting CP,18-005,2007,24.7,891,1182,75.4,15570,4894,430,504,85.3,341,439,77.7,104,189,55.0,4,4.8,4.4,-0.8,53,65,49,8,121,Matches
423,Uroš Račić,rs SRB,MF,Braga,27-049,1998,6.5,303,362,83.7,5582,1290,118,143,82.5,150,166,90.4,31,41,75.6,1,0.2,0.3,+0.8,4,32,6,0,40,Matches
424,Rafinha,pt POR,MF,Farense,19-107,2006,0.0,0,0,,0,0,0,0,,0,0,,0,0,,0,0.0,0.0,0.0,0,0,0,0,0,Matches
425,Jesús Ramírez,ve VEN,FW,Vitória,27-001,1998,7.3,80,126,63.5,1009,133,51,70,72.9,25,36,69.4,0,4,0.0,2,0.4,0.6,+1.6,4,4,2,0,9,Matches
Rk,Player,Nation,Pos,Squad,Age,Born,90s,Cmp,Att,Cmp%,TotDist,PrgDist,Cmp,Att,Cmp%,Cmp,Att,Cmp%,Cmp,Att,Cmp%,Ast,xAG,xA,A-xAG,KP,1/3,PPA,CrsPA,PrgP,Matches
426,Cláudio Ramos,pt POR,GK,Porto,33-170,1991,2.0,45,51,88.2,927,564,10,10,100.0,30,30,100.0,4,10,40.0,0,0.0,0.0,0.0,0,0,0,0,0,Matches
427,Guilherme Ramos,pt POR,DF,Santa Clara,27-267,1997,2.7,115,133,86.5,2194,750,30,34,88.2,80,87,92.0,4,9,44.4,0,0.0,0.0,0.0,1,7,0,0,12,Matches
428,Leonardo Realpe,ec ECU,DF,Famalicão,24-068,2001,3.0,79,96,82.3,1742,709,20,21,95.2,43,47,91.5,16,26,61.5,0,0.0,0.1,0.0,1,4,1,0,10,Matches
429,João Rêgo,pt POR,FW,Benfica,19-319,2005,0.2,9,16,56.3,143,25,4,8,50.0,5,7,71.4,0,0,,0,0.0,0.0,0.0,0,0,1,0,1,Matches
430,Francisco Reis Ferreira,pt POR,DF,Estrela,28-040,1997,15.2,552,742,74.4,12676,5431,127,153,83.0,317,357,88.8,107,214,50.0,0,0.4,0.5,-0.4,6,55,3,1,50,Matches
431,Matheus Reis,br BRA,DF,Sporting CP,30-076,1995,14.5,862,981,87.9,14686,5061,387,411,94.2,411,454,90.5,54,89,60.7,2,1.1,1.3,+0.9,11,105,16,4,103,Matches
432,Tiago Reis,br BRA,FW,Nacional,25-264,1999,2.6,23,37,62.2,319,25,14,21,66.7,7,11,63.6,1,3,33.3,0,0.1,0.0,-0.1,2,1,0,0,2,Matches
433,Miguel Reisinho,pt POR,"MF,FW",Boavista,26-026,1999,22.1,603,799,75.5,9597,2648,308,379,81.3,209,249,83.9,54,102,52.9,0,0.7,1.2,-0.7,18,64,14,3,72,Matches
434,Filipe Relvas,pt POR,DF,Vitória,25-227,1999,8.4,425,486,87.4,7911,2901,146,161,90.7,235,254,92.5,41,63,65.1,0,0.0,0.1,0.0,0,28,0,0,30,Matches
435,Marco Ribeiro,pt POR,"MF,DF",Boavista,19-325,2005,3.8,91,133,68.4,1462,566,49,59,83.1,36,47,76.6,5,21,23.8,0,0.4,0.3,-0.4,5,11,5,3,18,Matches
436,Rodrigo Ribeiro,pt POR,FW,Sporting CP,20-007,2005,0.0,0,0,,0,0,0,0,,0,0,,0,0,,0,0.0,0.0,0.0,0,0,0,0,0,Matches
437,Rodrigo Ribeiro,pt POR,FW,AVS Futebol,20-007,2005,10.9,127,196,64.8,1714,392,78,108,72.2,34,49,69.4,7,11,63.6,0,0.6,0.5,-0.6,8,11,3,0,14,Matches
438,Tomás Ribeiro,pt POR,DF,Vitória,26-005,1999,3.5,157,174,90.2,2998,1033,50,54,92.6,86,90,95.6,19,25,76.0,0,0.0,0.0,0.0,1,8,0,0,7,Matches
439,Tomás Ribeiro,pt POR,DF,Farense,26-005,1999,7.2,195,262,74.4,4780,2005,37,45,82.2,111,130,85.4,45,79,57.0,0,0.0,0.1,0.0,2,16,3,2,12,Matches
440,Yuri Ribeiro,pt POR,"DF,MF",Braga,28-101,1997,5.1,304,374,81.3,4499,1669,180,198,90.9,107,127,84.3,11,22,50.0,0,0.2,0.3,-0.2,3,30,7,1,38,Matches
441,Ricardinho,pt POR,"FW,MF",Santa Clara,26-272,1998,13.2,226,331,68.3,3231,970,118,150,78.7,78,111,70.3,13,27,48.1,0,1.3,1.3,-1.3,14,19,15,5,41,Matches
442,Riccieli,br BRA,DF,Famalicão,26-230,1998,6.5,288,340,84.7,5799,1931,84,97,86.6,179,197,90.9,24,42,57.1,0,0.1,0.0,-0.1,1,17,0,0,19,Matches
443,Omar Richards,eng ENG,DF,Rio Ave,27-079,1998,21.1,904,1117,80.9,14743,5844,451,492,91.7,375,445,84.3,59,132,44.7,1,0.8,1.3,+0.2,11,63,11,6,81,Matches
444,Rivaldo,,"DF,MF",Farense,24-229,2000,5.0,163,244,66.8,3253,1462,60,70,85.7,77,101,76.2,25,59,42.4,1,1.0,0.7,0.0,6,17,5,2,19,Matches
445,Óscar Rivas,es ESP,DF,Vitória,25-039,2000,8.9,415,486,85.4,7925,3040,151,165,91.5,217,233,93.1,42,74,56.8,0,0.0,0.1,0.0,0,28,1,1,27,Matches
446,Pablo Roberto,br BRA,"MF,FW",Casa Pia,25-172,1999,11.5,367,472,77.8,6936,2008,160,195,82.1,138,162,85.2,56,86,65.1,0,0.4,0.7,-0.4,6,49,10,2,59,Matches
447,Joel Robles,es ESP,GK,Estoril,34-322,1990,28.0,478,852,56.1,15266,12450,80,80,100.0,177,182,97.3,217,585,37.1,0,0.0,0.1,0.0,0,28,0,0,2,Matches
448,Matí­as Rocha,uy URU,DF,Arouca,24-081,2001,3.2,217,236,91.9,3625,1338,110,115,95.7,98,103,95.1,9,15,60.0,0,0.0,0.0,0.0,0,8,0,0,11,Matches
449,Rochinha,pt POR,FW,Famalicão,30-002,1995,10.0,167,242,69.0,2866,924,86,99,86.9,49,70,70.0,24,55,43.6,0,0.7,1.0,-0.7,9,19,8,1,35,Matches
450,Afonso Rodrigues,pt POR,"MF,FW",Famalicão,22-259,2002,0.1,2,5,40.0,23,13,1,2,50.0,1,2,50.0,0,0,,0,0.0,0.0,0.0,0,0,0,0,0,Matches
Rk,Player,Nation,Pos,Squad,Age,Born,90s,Cmp,Att,Cmp%,TotDist,PrgDist,Cmp,Att,Cmp%,Cmp,Att,Cmp%,Cmp,Att,Cmp%,Ast,xAG,xA,A-xAG,KP,1/3,PPA,CrsPA,PrgP,Matches
451,Diego Rodrigues,pt POR,MF,Braga,19-346,2005,1.8,80,96,83.3,1507,467,29,36,80.6,36,40,90.0,12,15,80.0,1,0.8,0.8,+0.2,3,16,2,0,16,Matches
452,Gerson Rodrigues,lu LUX,FW,AVS Futebol,29-319,1995,2.1,45,59,76.3,527,128,28,33,84.8,10,14,71.4,1,2,50.0,0,0.1,0.1,-0.1,2,2,3,1,5,Matches
453,Ivo Rodrigues,pt POR,"MF,FW",Arouca,30-036,1995,7.1,194,257,75.5,3253,1109,87,103,84.5,85,105,81.0,15,32,46.9,1,0.9,0.8,+0.1,4,22,9,2,48,Matches
454,Ivo Rodrigues,pt POR,"MF,FW",Moreirense,30-036,1995,6.4,254,317,80.1,4081,1313,134,148,90.5,90,107,84.1,22,39,56.4,0,0.2,0.1,-0.2,4,22,1,0,27,Matches
455,Luís Carlos Rocha Rodrigues,pt POR,DF,Santa Clara,38-265,1986,27.6,919,1088,84.5,17136,5992,328,361,90.9,511,570,89.6,71,140,50.7,0,0.4,0.2,-0.4,3,29,3,0,38,Matches
456,Rafael Rodrigues,pt POR,"DF,MF",AVS Futebol,23-067,2002,10.6,314,475,66.1,5625,2814,128,161,79.5,147,203,72.4,31,75,41.3,0,0.3,0.3,-0.3,4,24,6,4,26,Matches
457,Ignacio Rodríguez,uy URU,DF,AVS Futebol,21-176,2003,13.2,451,591,76.3,9708,4111,117,144,81.3,271,307,88.3,62,126,49.2,0,0.3,0.6,-0.3,1,33,2,1,29,Matches
458,Benjamín Rollheiser,ar ARG,"MF,FW",Benfica,25-042,2000,1.5,102,125,81.6,1540,312,64,72,88.9,27,32,84.4,8,11,72.7,1,0.1,0.2,+0.9,2,13,1,0,11,Matches
459,Baptiste Roux,fr FRA,"DF,MF",AVS Futebol,25-160,1999,18.2,701,844,83.1,13962,5027,212,236,89.8,408,452,90.3,77,137,56.2,1,0.3,0.5,+0.7,5,51,5,3,40,Matches
460,Alan Ruiz,ar ARG,"MF,FW",Estrela,31-259,1993,15.3,506,712,71.1,9443,2857,252,303,83.2,156,214,72.9,83,153,54.2,2,1.7,1.9,+0.3,22,71,12,2,75,Matches
461,Gustavo sá,pt POR,MF,Famalicão,20-175,2004,26.0,600,865,69.4,10854,2817,253,331,76.4,240,323,74.3,79,122,64.8,6,3.0,2.6,+3.0,34,77,18,6,109,Matches
462,Josué Sá,pt POR,DF,Gil Vicente FC,32-322,1992,14.3,812,914,88.8,15583,4913,253,270,93.7,485,515,94.2,68,114,59.6,0,0.1,0.2,-0.1,2,47,2,0,47,Matches
463,Safira,br BRA,FW,Santa Clara,30-049,1995,11.0,122,212,57.5,1510,277,64,109,58.7,40,62,64.5,1,4,25.0,2,2.6,1.5,-0.6,12,10,4,0,13,Matches
464,Sala,es ESP,"FW,MF",Estoril,21-360,2003,1.7,41,50,82.0,833,257,19,21,90.5,16,18,88.9,6,8,75.0,0,0.3,0.2,-0.3,2,6,2,2,6,Matches
465,Samu,pt POR,MF,Vitória,29-014,1996,19.4,619,837,74.0,9521,3271,329,386,85.2,190,237,80.2,59,134,44.0,1,4.0,2.8,-3.0,35,73,19,2,101,Matches
466,Renato Sanches,pt POR,MF,Benfica,27-260,1997,2.2,173,199,86.9,3286,754,68,78,87.2,82,85,96.5,21,29,72.4,0,0.1,0.3,-0.1,2,30,0,0,27,Matches
467,Caio Santana,br BRA,"FW,MF",Estrela,21-044,2004,2.0,31,47,66.0,464,124,12,21,57.1,12,15,80.0,3,6,50.0,0,0.1,0.0,-0.1,2,2,1,0,1,Matches
468,Aderlan Santos,br BRA,DF,AVS Futebol,36-026,1989,6.5,149,185,80.5,3145,1025,31,38,81.6,99,106,93.4,16,34,47.1,0,0.0,0.0,0.0,0,1,1,0,4,Matches
469,Aderlan Santos,br BRA,DF,Rio Ave,36-026,1989,17.6,778,892,87.2,15642,5237,200,225,88.9,486,523,92.9,79,120,65.8,0,0.0,0.2,0.0,0,17,3,0,23,Matches
470,Bruno Santos,pt POR,FW,Farense,22-019,2003,0.6,6,10,60.0,87,0,4,7,57.1,2,3,66.7,0,0,,0,0.0,0.0,0.0,1,0,0,0,0,Matches
471,Gabriel Santos,br BRA,"FW,MF",Nacional,26-050,1999,1.0,10,16,62.5,151,33,6,10,60.0,4,5,80.0,0,1,0.0,0,0.1,0.0,-0.1,2,0,0,0,1,Matches
472,Hevertton Santos,br BRA,DF,Vitória,24-093,2001,2.8,115,158,72.8,1831,766,63,72,87.5,41,50,82.0,10,20,50.0,0,0.0,0.1,0.0,0,10,1,0,12,Matches
473,Leandro Santos,pt POR,"DF,MF",Benfica,19-219,2005,2.9,154,191,80.6,2374,755,84,97,86.6,59,69,85.5,7,14,50.0,0,0.6,0.5,-0.6,4,12,11,3,18,Matches
474,Léo Santos,br BRA,DF,Nacional,26-147,1998,6.6,228,276,82.6,4460,1455,66,71,93.0,144,152,94.7,17,44,38.6,0,0.0,0.0,0.0,0,4,0,0,3,Matches
475,Nuno Santos,pt POR,"MF,DF",Sporting CP,30-081,1995,3.9,224,276,81.2,4096,937,94,104,90.4,99,117,84.6,29,44,65.9,0,0.6,1.0,-0.6,12,15,13,4,23,Matches
Rk,Player,Nation,Pos,Squad,Age,Born,90s,Cmp,Att,Cmp%,TotDist,PrgDist,Cmp,Att,Cmp%,Cmp,Att,Cmp%,Cmp,Att,Cmp%,Ast,xAG,xA,A-xAG,KP,1/3,PPA,CrsPA,PrgP,Matches
476,Nuno Santos,pt POR,"FW,MF",Vitória,26-064,1999,19.7,599,828,72.3,9575,3033,318,377,84.4,205,282,72.7,53,106,50.0,4,2.5,3.1,+1.5,27,64,28,4,104,Matches
477,Pedro Santos,pt POR,MF,Arouca,24-205,2000,15.0,712,824,86.4,12816,3796,281,302,93.0,334,365,91.5,76,117,65.0,0,0.1,0.7,-0.1,3,88,7,2,96,Matches
478,Pedro Santos,pt POR,"FW,MF",Moreirense,22-084,2003,6.2,107,148,72.3,1489,311,59,69,85.5,37,47,78.7,4,15,26.7,0,0.4,0.2,-0.4,4,7,2,1,9,Matches
479,Zaidu Sanusi,ng NGA,DF,Porto,27-326,1997,0.6,35,42,83.3,620,164,18,19,94.7,12,13,92.3,5,9,55.6,0,0.0,0.0,0.0,0,2,0,0,3,Matches
480,Guilherme Schettine,br BRA,FW,Moreirense,29-207,1995,17.2,204,295,69.2,2615,461,112,143,78.3,61,92,66.3,8,14,57.1,3,1.5,0.7,+1.5,16,10,5,1,18,Matches
481,Andreas Schjelderup,no NOR,"FW,MF",Benfica,20-338,2004,4.7,117,144,81.3,1775,492,63,70,90.0,40,52,76.9,7,10,70.0,3,2.8,1.6,+0.2,12,9,8,1,16,Matches
482,Caio Secco,br BRA,GK,Moreirense,34-134,1990,3.0,58,91,63.7,1374,880,11,11,100.0,33,33,100.0,14,46,30.4,0,0.0,0.0,0.0,0,0,0,0,0,Matches
483,Telasco Segovia,ve VEN,MF,Casa Pia,22-033,2003,10.1,403,499,80.8,7198,1719,172,212,81.1,185,204,90.7,40,57,70.2,0,0.4,0.7,-0.4,3,41,6,0,54,Matches
484,Václav Sejk,cz CZE,FW,Famalicão,22-352,2002,9.0,137,191,71.7,1771,225,71,96,74.0,42,56,75.0,6,8,75.0,1,0.9,1.0,+0.1,9,9,2,0,12,Matches
485,Patrick Sequeira,cr CRC,GK,Casa Pia,26-065,1999,31.0,697,1054,66.1,18143,12805,145,147,98.6,372,378,98.4,176,521,33.8,0,0.2,0.0,-0.2,1,10,1,0,0,Matches
486,Serginho,pt POR,MF,Santa Clara,25-155,1999,12.9,400,511,78.3,7060,1763,169,193,87.6,173,201,86.1,41,83,49.4,1,1.3,0.9,-0.3,16,29,10,4,39,Matches
487,Guilherme Serrão,pt POR,"MF,DF",Estrela,21-233,2003,6.5,176,251,70.1,2656,980,93,112,83.0,60,82,73.2,12,31,38.7,0,0.4,0.2,-0.4,7,10,3,1,13,Matches
488,André Seruca,pt POR,"MF,DF",Farense,24-188,2000,0.2,2,4,50.0,18,13,2,2,100.0,0,1,0.0,0,0,,0,0.0,0.0,0.0,0,0,0,0,0,Matches
489,Naziru Shuabiu,ng NGA,FW,Rio Ave,21-084,2004,0.0,1,2,50.0,10,4,1,2,50.0,0,0,,0,0,,0,0.0,0.0,0.0,0,0,1,0,1,Matches
490,Sidney,br BRA,DF,Santa Clara,28-108,1997,25.6,908,1199,75.7,17970,7450,350,398,87.9,441,539,81.8,109,231,47.2,1,1.4,0.8,-0.4,10,93,12,9,97,Matches
491,Alysson Silva,br BRA,DF,Santa Clara,22-221,2002,1.8,103,114,90.4,2335,758,28,30,93.3,53,56,94.6,21,26,80.8,0,0.0,0.0,0.0,0,12,0,0,2,Matches
492,António Silva,pt POR,DF,Benfica,21-187,2003,20.6,1113,1264,88.1,22739,8119,346,376,92.0,609,653,93.3,151,212,71.2,2,1.0,1.1,+1.0,5,108,5,1,86,Matches
493,Gustavo da Silva,br BRA,FW,Vitória,25-338,1999,8.4,95,155,61.3,1334,353,55,72,76.4,27,40,67.5,5,16,31.3,0,1.0,0.9,-1.0,8,5,9,3,13,Matches
494,Joel silva,pt POR,"MF,DF",Boavista,22-083,2003,23.6,589,788,74.7,9448,3175,301,353,85.3,224,282,79.4,42,109,38.5,1,1.6,1.3,-0.6,18,43,12,5,63,Matches
495,José Silva,pt POR,DF,Sporting CP,19-258,2005,0.1,2,6,33.3,15,8,1,2,50.0,0,2,0.0,0,1,0.0,0,0.0,0.0,0.0,0,0,0,0,0,Matches
496,Luís Manuel Costa Silva,pt POR,MF,AVS Futebol,32-218,1992,5.2,141,175,80.6,2153,552,72,82,87.8,48,60,80.0,10,18,55.6,0,0.1,0.1,-0.1,1,9,1,0,13,Matches
497,Raul Silva,br BRA,DF,Farense,35-182,1989,5.2,134,159,84.3,2983,1214,30,33,90.9,78,83,94.0,26,38,68.4,0,0.6,0.5,-0.6,4,14,3,1,10,Matches
498,Rui Silva,pt POR,GK,Sporting CP,31-087,1994,15.0,269,340,79.1,6768,4927,67,67,100.0,131,131,100.0,69,139,49.6,0,0.2,0.0,-0.2,1,4,0,0,0,Matches
499,Tiago Silva,pt POR,MF,Vitória,31-337,1993,24.8,1574,1896,83.0,30759,10952,655,723,90.6,638,718,88.9,259,400,64.8,4,3.8,4.4,+0.2,50,221,27,9,222,Matches
500,Tomás Silva,pt POR,"DF,MF",Boavista,18-345,2006,1.0,15,30,50.0,213,65,10,12,83.3,3,4,75.0,1,7,14.3,0,0.0,0.0,0.0,0,1,0,0,0,Matches
Rk,Player,Nation,Pos,Squad,Age,Born,90s,Cmp,Att,Cmp%,TotDist,PrgDist,Cmp,Att,Cmp%,Cmp,Att,Cmp%,Cmp,Att,Cmp%,Ast,xAG,xA,A-xAG,KP,1/3,PPA,CrsPA,PrgP,Matches
501,David Simão,pt POR,MF,Arouca,34-355,1990,19.7,1013,1251,81.0,19176,6741,428,476,89.9,427,503,84.9,139,231,60.2,0,2.3,2.7,-2.3,30,121,15,3,145,Matches
502,João Simões,pt POR,MF,Sporting CP,18-119,2007,4.4,229,252,90.9,3900,658,116,123,94.3,85,93,91.4,23,26,88.5,0,0.3,0.2,-0.3,6,22,2,0,27,Matches
503,Sphephelo Sithole,za RSA,"FW,MF",Gil Vicente FC,26-063,1999,0.6,19,20,95.0,297,73,10,11,90.9,8,8,100.0,1,1,100.0,0,0.0,0.0,0.0,0,0,0,0,4,Matches
504,Filipe Soares,pt POR,MF,Farense,25-350,1999,6.5,179,221,81.0,3639,1160,55,70,78.6,85,100,85.0,32,40,80.0,1,0.4,0.9,+0.6,4,31,7,4,42,Matches
505,Lucas Soares,br BRA,"MF,DF",Santa Clara,27-001,1998,16.4,406,610,66.6,6879,2378,193,240,80.4,165,225,73.3,37,91,40.7,1,0.6,1.7,+0.4,13,18,16,11,27,Matches
506,Rafa Soares,pt POR,DF,Famalicão,29-361,1995,21.9,843,1166,72.3,14498,6907,388,446,87.0,350,446,78.5,79,198,39.9,2,3.3,2.6,-1.3,38,72,23,15,92,Matches
507,Samuel Soares,pt POR,GK,Benfica,22-324,2002,2.0,33,38,86.8,801,662,6,6,100.0,20,20,100.0,7,12,58.3,0,0.0,0.0,0.0,0,0,0,0,0,Matches
508,Alexandre Sola,ad AND,MF,Estrela,21-142,2003,0.2,4,4,100.0,62,16,2,2,100.0,2,2,100.0,0,0,,0,0.0,0.0,0.0,0,0,0,0,0,Matches
509,Djibril Soumaré,sn SEN,MF,Nacional,22-118,2003,19.4,604,748,80.7,11149,3430,239,285,83.9,281,327,85.9,71,102,69.6,1,0.3,0.4,+0.7,10,72,7,0,87,Matches
510,André Sousa,pt POR,MF,Nacional,34-300,1990,1.2,46,57,80.7,875,299,25,25,100.0,14,19,73.7,7,12,58.3,0,0.3,0.1,-0.3,5,5,0,0,5,Matches
511,Dyego Sousa,pt POR,FW,Nacional,35-233,1989,1.4,18,32,56.3,257,25,11,17,64.7,3,5,60.0,2,2,100.0,0,0.0,0.0,0.0,0,3,0,0,2,Matches
512,Gerson Sousa,pt POR,"FW,MF",Estrela,22-360,2002,0.7,17,24,70.8,244,57,10,12,83.3,6,9,66.7,0,1,0.0,0,0.0,0.1,0.0,0,3,0,0,1,Matches
513,Miguel Sousa,pt POR,"MF,FW",Casa Pia,26-228,1998,11.7,382,509,75.0,6544,2141,188,223,84.3,135,171,78.9,44,78,56.4,0,0.7,1.0,-0.7,15,55,12,0,72,Matches
514,Valentim Sousa,pt POR,FW,Rio Ave,20-080,2005,0.9,24,31,77.4,360,77,10,10,100.0,13,14,92.9,0,1,0.0,0,0.0,0.0,0.0,0,2,0,0,1,Matches
515,Vasco Sousa,pt POR,MF,Porto,22-032,2003,4.3,185,214,86.4,2912,619,94,100,94.0,73,82,89.0,13,17,76.5,0,0.3,0.5,-0.3,2,20,5,0,28,Matches
516,Fabiano Souza,br BRA,DF,Moreirense,25-052,2000,7.8,279,388,71.9,5332,2075,106,122,86.9,130,167,77.8,37,77,48.1,0,0.1,0.3,-0.1,2,25,4,2,23,Matches
517,Gabriel Airton de Souza,br BRA,"FW,MF",Moreirense,29-037,1996,10.1,117,166,70.5,1544,341,73,85,85.9,34,51,66.7,3,5,60.0,1,0.2,0.4,+0.8,3,3,3,1,14,Matches
518,Jerry St. Juste,nl NED,DF,Sporting CP,28-198,1996,5.6,381,405,94.1,6455,2027,156,162,96.3,203,213,95.3,17,22,77.3,0,0.0,0.1,0.0,0,35,0,0,33,Matches
519,Max Svensson,es ESP,"FW,MF",Casa Pia,,,9.4,136,216,63.0,2347,681,65,90,72.2,49,79,62.0,14,28,50.0,3,2.0,1.4,+1.0,11,14,5,2,21,Matches
520,Morlaye Sylla,gn GUI,"FW,MF",Arouca,26-282,1998,25.3,764,955,80.0,12387,3059,367,426,86.2,308,361,85.3,61,102,59.8,1,1.8,2.0,-0.8,27,81,29,2,122,Matches
521,Sidnei Tavares,pt POR,MF,Moreirense,23-218,2001,14.4,400,480,83.3,6107,1689,209,234,89.3,140,166,84.3,25,37,67.6,1,0.6,0.4,+0.4,6,49,6,0,44,Matches
522,Tomás Tavares,pt POR,DF,AVS Futebol,24-059,2001,8.8,375,510,73.5,6074,2543,204,231,88.3,133,183,72.7,28,57,49.1,1,0.5,0.5,+0.5,5,20,2,2,29,Matches
523,Duplexe Tchamba,cm CMR,DF,Casa Pia,26-299,1998,18.2,797,1027,77.6,16088,7319,294,324,90.7,366,432,84.7,125,245,51.0,1,0.5,0.3,+0.5,4,65,4,1,63,Matches
524,Cédric Teguia,es ESP,FW,Moreirense,23-216,2001,8.3,183,254,72.0,2835,987,93,113,82.3,63,86,73.3,13,30,43.3,0,0.6,0.7,-0.6,9,8,7,4,23,Matches
525,João Teixeira,pt POR,MF,Gil Vicente FC,31-088,1994,3.5,138,180,76.7,2551,796,61,66,92.4,59,71,83.1,16,33,48.5,0,0.2,0.3,-0.2,4,22,4,2,23,Matches
Rk,Player,Nation,Pos,Squad,Age,Born,90s,Cmp,Att,Cmp%,TotDist,PrgDist,Cmp,Att,Cmp%,Cmp,Att,Cmp%,Cmp,Att,Cmp%,Ast,xAG,xA,A-xAG,KP,1/3,PPA,CrsPA,PrgP,Matches
526,Jorge Teixeira,pt POR,DF,AVS Futebol,38-251,1986,7.9,251,308,81.5,5443,2201,68,72,94.4,146,158,92.4,37,74,50.0,0,0.0,0.1,0.0,0,13,1,0,14,Matches
527,Nigel Thomas,nl NED,"FW,MF",Nacional,24-093,2001,7.0,68,113,60.2,1140,395,34,43,79.1,23,39,59.0,9,19,47.4,0,1.1,0.6,-1.1,11,7,5,2,10,Matches
528,Demir Tıknaz,tr TUR,MF,Rio Ave,20-261,2004,20.1,762,890,85.6,12991,3886,332,365,91.0,323,365,88.5,76,96,79.2,2,1.6,0.9,+0.4,15,86,5,0,85,Matches
529,Tomané,pt POR,FW,Farense,32-194,1992,18.3,206,380,54.2,2933,714,116,183,63.4,68,114,59.6,9,25,36.0,0,1.3,1.2,-1.3,20,22,7,1,33,Matches
530,Tomé,pt POR,GK,Boavista,18-140,2006,2.0,14,48,29.2,779,710,0,0,,1,1,100.0,13,46,28.3,0,0.0,0.0,0.0,0,0,0,0,0,Matches
531,João Tomé,pt POR,"DF,MF",Rio Ave,22-082,2003,6.6,237,310,76.5,4325,1491,101,120,84.2,117,142,82.4,19,41,46.3,0,0.3,0.7,-0.3,5,18,10,5,21,Matches
532,Mirko Topić,rs SRB,MF,Famalicão,24-089,2001,25.3,1013,1181,85.8,18875,5046,396,437,90.6,469,527,89.0,120,152,78.9,0,0.6,0.8,-0.6,16,103,9,3,133,Matches
533,Diogo Travassos,pt POR,"MF,DF",Estrela,21-035,2004,17.2,471,723,65.1,8896,3305,189,234,80.8,204,297,68.7,63,143,44.1,0,1.2,0.8,-1.2,17,30,16,10,40,Matches
534,Alfonso Trezza,uy URU,"FW,MF",Arouca,25-317,1999,25.9,339,512,66.2,4884,1080,201,250,80.4,101,154,65.6,18,51,35.3,1,2.3,2.1,-1.3,24,20,18,12,30,Matches
535,Francisco Trincão,pt POR,"MF,FW",Sporting CP,25-127,1999,30.8,807,1022,79.0,12901,3818,421,494,85.2,279,346,80.6,68,106,64.2,14,8.0,7.2,+6.0,72,93,43,6,151,Matches
536,Anatolii Trubin,ua UKR,GK,Benfica,23-277,2001,30.0,664,796,83.4,16210,11080,136,137,99.3,384,390,98.5,143,266,53.8,0,0.0,0.0,0.0,1,6,0,0,1,Matches
537,Ulisses,br BRA,DF,Nacional,25-219,1999,28.4,1099,1300,84.5,23178,7667,270,299,90.3,683,732,93.3,136,240,56.7,0,0.1,0.3,-0.1,4,59,3,0,53,Matches
538,Tomáš Vaclík,cz CZE,GK,Boavista,36-037,1989,9.0,175,287,61.0,5759,4823,21,21,100.0,72,74,97.3,81,190,42.6,0,0.0,0.0,0.0,0,3,0,0,0,Matches
539,João Valido,pt POR,GK,Arouca,25-063,2000,3.0,73,81,90.1,1627,1098,22,22,100.0,39,39,100.0,12,20,60.0,0,0.1,0.0,-0.1,1,2,0,0,0,Matches
540,Alan Varela,ar ARG,MF,Porto,23-305,2001,23.3,1260,1457,86.5,21106,5650,591,634,93.2,566,619,91.4,83,153,54.2,2,1.2,2.9,+0.8,27,150,22,4,160,Matches
541,Bruno Varela,cv CPV,GK,Vitória,30-182,1994,32.0,833,1055,79.0,21766,15200,144,144,100.0,448,456,98.2,241,453,53.2,0,0.0,0.1,0.0,1,11,0,0,0,Matches
542,Nilton Varela,pt POR,"DF,MF",Estrela,23-345,2001,22.5,487,754,64.6,8455,3763,231,285,81.1,196,277,70.8,48,135,35.6,2,1.3,1.1,+0.7,12,29,13,11,35,Matches
543,João Vasconcelos,pt POR,MF,Braga,20-068,2005,0.0,4,5,80.0,84,7,1,2,50.0,2,2,100.0,1,1,100.0,0,0.0,0.0,0.0,0,1,0,0,0,Matches
544,Danilo Veiga,pt POR,"DF,MF",Estrela,22-222,2002,14.2,453,622,72.8,8247,3066,185,219,84.5,215,274,78.5,45,98,45.9,2,1.5,1.4,+0.5,13,34,13,7,39,Matches
545,Eric Veiga,lu LUX,"DF,MF",AVS Futebol,28-076,1997,3.3,55,83,66.3,901,409,29,33,87.9,21,28,75.0,4,18,22.2,0,0.1,0.1,-0.1,3,2,2,2,4,Matches
546,Jhon Velásquez,co COL,"FW,MF",Farense,30-003,1995,0.2,6,14,42.9,143,61,2,3,66.7,2,4,50.0,2,5,40.0,1,0.4,0.1,+0.6,3,1,1,0,2,Matches
547,Ricardo Velho,pt POR,GK,Farense,26-258,1998,28.0,563,894,63.0,18979,13812,56,56,100.0,250,253,98.8,256,578,44.3,0,0.0,0.2,0.0,1,27,0,0,2,Matches
548,Frederico Venâncio,pt POR,DF,Santa Clara,32-090,1993,19.1,737,876,84.1,14859,5077,217,243,89.3,403,448,90.0,106,162,65.4,0,0.3,0.2,-0.3,7,48,3,1,49,Matches
549,Paulo Victor,br BRA,"DF,MF",Farense,24-022,2001,16.0,374,593,63.1,7813,3205,121,154,78.6,186,266,69.9,61,145,42.1,0,0.3,0.7,-0.3,8,32,13,4,42,Matches
550,Fabio Vieira,pt POR,"MF,FW",Porto,24-340,2000,18.2,712,904,78.8,12827,3547,334,370,90.3,273,324,84.3,94,177,53.1,4,3.7,4.5,+0.3,37,77,37,15,112,Matches
Rk,Player,Nation,Pos,Squad,Age,Born,90s,Cmp,Att,Cmp%,TotDist,PrgDist,Cmp,Att,Cmp%,Cmp,Att,Cmp%,Cmp,Att,Cmp%,Ast,xAG,xA,A-xAG,KP,1/3,PPA,CrsPA,PrgP,Matches
551,Gabriel Vieira,br BRA,FW,Santa Clara,23-044,2002,29.7,366,630,58.1,5760,1799,195,264,73.9,104,173,60.1,40,128,31.3,3,3.1,4.0,-0.1,38,25,21,5,43,Matches
552,Mikel Villanueva,ve VEN,DF,Vitória,32-021,1993,13.9,873,976,89.4,16985,6369,308,327,94.2,440,472,93.2,113,155,72.9,0,0.0,0.3,0.0,1,55,1,1,53,Matches
553,Marcos Vinicios Sorriso,br BRA,"FW,MF",Famalicão,24-071,2001,20.9,443,684,64.8,6943,2103,233,290,80.3,149,226,65.9,39,103,37.9,3,3.3,3.3,-0.3,27,31,22,14,57,Matches
554,Vinícius,br BRA,"FW,MF",Santa Clara,25-363,1999,23.2,282,419,67.3,3669,1135,184,234,78.6,72,108,66.7,8,20,40.0,1,2.7,2.5,-1.7,19,28,15,0,50,Matches
555,Bernardo Vital,pt POR,MF,Estoril,24-127,2000,0.3,9,10,90.0,166,29,3,3,100.0,6,6,100.0,0,1,0.0,0,0.0,0.0,0.0,0,1,0,0,1,Matches
556,Zé Vitor,br BRA,DF,Nacional,24-085,2001,28.7,1057,1318,80.2,24107,9026,215,257,83.7,637,702,90.7,201,335,60.0,0,0.8,0.2,-0.8,7,59,2,0,62,Matches
557,Steven Vitória,ca CAN,DF,Boavista,38-114,1987,2.3,43,61,70.5,951,531,14,15,93.3,21,28,75.0,8,16,50.0,0,0.0,0.2,0.0,1,2,1,0,4,Matches
558,Marious Vrousai,gr GRE,"DF,MF",Rio Ave,26-307,1998,27.3,992,1367,72.6,17056,6827,467,557,83.8,411,541,76.0,89,187,47.6,3,1.8,1.5,+1.2,18,78,20,7,110,Matches
559,Ilija Vukotić,me MNE,MF,Boavista,26-118,1999,19.5,454,601,75.5,7744,2254,200,243,82.3,199,252,79.0,36,70,51.4,0,0.8,0.9,-0.8,15,48,6,0,76,Matches
560,Wendel,br BRA,FW,Santa Clara,24-276,2000,0.9,17,20,85.0,238,51,8,9,88.9,8,8,100.0,0,1,0.0,0,0.0,0.1,0.0,0,0,2,0,3,Matches
561,Wendell,br BRA,DF,Porto,31-289,1993,0.3,15,18,83.3,292,22,5,6,83.3,8,9,88.9,2,3,66.7,0,0.0,0.0,0.0,0,2,0,0,1,Matches
562,Weverson,br BRA,DF,Arouca,24-304,2000,18.9,636,851,74.7,10543,3525,325,368,88.3,239,305,78.4,55,119,46.2,1,1.2,1.0,-0.2,14,25,11,8,37,Matches
563,Xeka,pt POR,MF,Estoril,30-176,1994,10.4,377,482,78.2,5568,1569,204,234,87.2,131,153,85.6,20,48,41.7,1,0.8,1.0,+0.2,4,30,7,0,49,Matches
564,Güven Yalçın,tr TUR,FW,Arouca,26-107,1999,8.3,122,186,65.6,1639,377,80,97,82.5,36,60,60.0,3,8,37.5,1,0.7,0.5,+0.3,8,4,2,2,11,Matches
565,Fūki Yamada,jp JPN,"FW,MF",Nacional,23-299,2001,5.0,97,135,71.9,1570,538,50,54,92.6,29,38,76.3,12,29,41.4,2,0.9,1.3,+1.1,13,3,4,2,9,Matches
566,Zaydou Youssouf,km COM,MF,Famalicão,25-298,1999,14.8,508,626,81.2,10075,2297,184,210,87.6,219,242,90.5,77,133,57.9,0,0.6,1.0,-0.6,11,40,8,3,50,Matches
567,Yassir Zabiri,ma MAR,"FW,MF",Famalicão,20-071,2005,0.6,9,16,56.3,212,44,2,5,40.0,3,5,60.0,3,3,100.0,0,0.0,0.0,0.0,0,1,0,0,2,Matches
568,Rodrigo Zalazar,uy URU,"MF,FW",Braga,25-266,1999,13.7,480,638,75.2,8158,1925,241,278,86.7,174,217,80.2,48,93,51.6,6,3.6,2.4,+2.4,22,49,22,9,62,Matches
569,Vinícius Zanocelo,br BRA,MF,Estoril,24-095,2001,21.3,837,992,84.4,14388,4800,365,408,89.5,382,434,88.0,69,96,71.9,0,0.2,0.6,-0.2,9,97,6,1,98,Matches
570,Ivan Zlobin,ru RUS,GK,Famalicão,28-059,1997,13.0,269,389,69.2,6807,4600,71,72,98.6,134,137,97.8,63,177,35.6,0,0.0,0.0,0.0,0,2,0,0,0,Matches
571,Karem Zoabi,il ISR,"FW,MF",Rio Ave,19-002,2006,2.5,26,37,70.3,307,55,16,23,69.6,9,10,90.0,0,0,,1,1.1,0.1,-0.1,4,0,0,0,1,Matches
572,Nermin Zolotić,ba BIH,DF,Casa Pia,31-302,1993,7.0,324,389,83.3,5943,2739,137,153,89.5,147,161,91.3,34,64,53.1,0,0.0,0.1,0.0,0,28,1,0,29,Matches
