Unnamed: 0_level_0,Unnamed: 1_level_0,Unnamed: 2_level_0,Unnamed: 3_level_0,Unnamed: 4_level_0,Unnamed: 5_level_0,Unnamed: 6_level_0,Unnamed: 7_level_0,Standard,Standard,Standard,Standard,Standard,Standard,Standard,Standard,Standard,Standard,Standard,Standard,Expected,Expected,Expected,Expected,Expected,Unnamed: 25_level_0
Rk,Player,Nation,Pos,Squad,Age,Born,90s,Gls,Sh,SoT,SoT%,Sh/90,SoT/90,G/Sh,G/SoT,Dist,FK,PK,PKatt,xG,npxG,npxG/Sh,G-xG,np:G-xG,Matches
1,Patrick van Aanholt,nl NED,DF,Sparta R'dam,34-249,1990,17.4,0,19,1,5.3,1.09,0.06,0.00,0.00,23.3,1,0,0,0.6,0.6,0.03,-0.6,-0.6,Matches
2,Paxten Aaronson,us USA,"MF,FW",Utrecht,21-252,2003,27.7,7,52,12,23.1,1.88,0.43,0.13,0.58,18.5,0,0,0,4.9,4.9,0.09,+2.1,+2.1,Matches
3,Jayden Addai,nl NED,"FW,DF",AZ Alkmaar,19-252,2005,3.4,1,13,5,38.5,3.80,1.46,0.08,0.20,16.0,0,0,0,1.0,1.0,0.08,0.0,0.0,Matches
4,Bobby Adekanye,nl NED,"FW,MF",Go Ahead Eag,26-080,1999,8.6,1,18,5,27.8,2.08,0.58,0.06,0.20,17.2,0,0,0,1.3,1.3,0.07,-0.3,-0.3,Matches
5,Aske Adelgaard,dk DEN,DF,Go Ahead Eag,21-176,2003,12.6,0,5,1,20.0,0.40,0.08,0.00,0.00,21.0,0,0,0,0.3,0.3,0.06,-0.3,-0.3,Matches
6,Shawn Adewoye,be BEL,DF,Fortuna Sittard,24-310,2000,19.4,1,11,3,27.3,0.57,0.15,0.09,0.33,9.9,0,0,0,1.5,1.5,0.14,-0.5,-0.5,Matches
7,Olivier Aertssen,nl NED,DF,Zwolle,20-271,2004,12.4,1,6,2,33.3,0.48,0.16,0.17,0.50,17.0,0,0,0,0.6,0.6,0.10,+0.4,+0.4,Matches
8,Amar Ahmed,se SWE,"FW,MF",Willem II,21-075,2004,7.6,1,14,5,35.7,1.84,0.66,0.07,0.20,18.7,0,0,0,0.7,0.7,0.05,+0.3,+0.3,Matches
9,Isaiah Ahmed,cw CUW,MF,Heerenveen,19-128,2005,0.1,0,0,0,,0.00,0.00,,,,0,0,0,0.0,0.0,,0.0,0.0,Matches
10,Makan Aiko,fr FRA,FW,Fortuna Sittard,24-118,2001,13.1,1,24,6,25.0,1.83,0.46,0.04,0.17,13.6,0,0,0,4.0,4.0,0.17,-3.0,-3.0,Matches
11,Chuba Akpom,eng ENG,FW,Ajax,29-208,1995,9.2,3,21,8,38.1,2.27,0.87,0.14,0.38,11.9,0,0,0,3.1,3.1,0.15,-0.1,-0.1,Matches
12,Hamdi Akujobi,nl NED,DF,Almere City,25-105,2000,26.0,1,15,5,33.3,0.58,0.19,0.07,0.20,21.3,0,0,0,0.7,0.7,0.04,+0.3,+0.3,Matches
13,Gerald Alders,nl NED,DF,Twente,19-363,2005,0.1,0,0,0,,0.00,0.00,,,,0,0,0,0.0,0.0,,0.0,0.0,Matches
14,Hussein Ali,iq IRQ,DF,Heerenveen,23-065,2002,2.4,0,0,0,,0.00,0.00,,,,0,0,0,0.0,0.0,,0.0,0.0,Matches
15,Jaydon Amauri Banel,nl NED,FW,Ajax,20-198,2004,0.7,0,4,0,0.0,5.63,0.00,0.00,,20.1,0,0,0,0.1,0.1,0.03,-0.1,-0.1,Matches
16,Jamal Amofa,nl NED,DF,Go Ahead Eag,26-161,1998,1.8,0,1,0,0.0,0.57,0.00,0.00,,4.2,0,0,0,0.2,0.2,0.23,-0.2,-0.2,Matches
17,Silas Andersen,dk DEN,MF,Utrecht,20-326,2004,0.0,0,0,0,,0.00,0.00,,,,0,0,0,0.0,0.0,,0.0,0.0,Matches
18,Oliver Antman,fi FIN,"FW,MF",Go Ahead Eag,23-263,2001,24.8,6,48,14,29.2,1.94,0.57,0.13,0.43,15.1,0,0,0,6.5,6.5,0.14,-0.5,-0.5,Matches
19,Anouar El Azzouzi,nl NED,"MF,DF",Zwolle,23-341,2001,30.0,1,32,5,15.6,1.07,0.17,0.03,0.20,19.0,0,0,0,2.6,2.6,0.08,-1.6,-1.6,Matches
20,Julian Baas,nl NED,MF,Sparta R'dam,23-019,2002,9.4,0,4,2,50.0,0.42,0.21,0.00,0.00,28.5,1,0,0,0.1,0.1,0.04,-0.1,-0.1,Matches
21,Youri Baas,nl NED,DF,Ajax,22-049,2003,22.7,1,2,1,50.0,0.09,0.04,0.50,1.00,12.8,0,0,0,0.7,0.7,0.33,+0.3,+0.3,Matches
22,Isaac Babadi,nl NED,MF,PSV Eindhoven,20-029,2005,1.9,1,4,3,75.0,2.06,1.54,0.25,0.33,14.1,0,0,0,0.7,0.7,0.18,+0.3,+0.3,Matches
23,Leandro Bacuna,cw CUW,"DF,MF",Groningen,33-257,1991,23.2,4,30,10,33.3,1.29,0.43,0.03,0.10,24.8,7,3,4,4.7,1.5,0.05,-0.7,-0.5,Matches
24,Thibo Baeten,be BEL,"MF,FW",Go Ahead Eag,22-335,2002,0.1,0,0,0,,0.00,0.00,,,,0,0,0,0.0,0.0,,0.0,0.0,Matches
25,Esmir Bajraktarevic,ba BIH,"FW,DF",PSV Eindhoven,20-056,2005,0.2,0,1,0,0.0,5.29,0.00,0.00,,15.8,0,0,0,0.1,0.1,0.06,-0.1,-0.1,Matches
Rk,Player,Nation,Pos,Squad,Age,Born,90s,Gls,Sh,SoT,SoT%,Sh/90,SoT/90,G/Sh,G/SoT,Dist,FK,PK,PKatt,xG,npxG,npxG/Sh,G-xG,np:G-xG,Matches
26,Saïd Bakari,km COM,DF,Sparta R'dam,30-225,1994,20.8,1,11,2,18.2,0.53,0.10,0.09,0.50,23.4,0,0,0,0.6,0.6,0.06,+0.4,+0.4,Matches
27,Johan Bakayoko,be BEL,FW,PSV Eindhoven,22-015,2003,17.0,9,56,25,44.6,3.29,1.47,0.16,0.36,18.7,0,0,0,5.3,5.3,0.09,+3.7,+3.7,Matches
28,Nordin Bakker,nl NED,GK,Almere City,27-186,1997,31.0,0,1,0,0.0,0.03,0.00,0.00,,12.3,0,0,0,0.0,0.0,0.03,0.0,0.0,Matches
29,Max Balard,au AUS,MF,NAC Breda,24-166,2000,29.6,1,6,2,33.3,0.20,0.07,0.17,0.50,24.3,0,0,0,0.3,0.3,0.04,+0.7,+0.7,Matches
30,Alex Balboa,gq EQG,MF,Almere City,24-060,2001,4.5,1,8,1,12.5,1.78,0.22,0.13,1.00,21.6,0,0,0,0.3,0.3,0.04,+0.7,+0.7,Matches
31,Théo Barbet,fr FRA,DF,Almere City,24-060,2001,8.8,0,4,1,25.0,0.45,0.11,0.00,0.00,15.6,0,0,0,0.2,0.2,0.05,-0.2,-0.2,Matches
32,Vasilios Barkas,gr GRE,GK,Utrecht,30-340,1994,29.0,0,0,0,,0.00,0.00,,,,0,0,0,0.0,0.0,,0.0,0.0,Matches
33,Samuel Bastien,cd COD,"MF,FW",Fortuna Sittard,28-221,1996,14.4,0,9,3,33.3,0.63,0.21,0.00,0.00,20.7,2,0,0,0.4,0.4,0.05,-0.4,-0.4,Matches
34,Riechedly Bazoer,nl NED,MF,AZ Alkmaar,28-205,1996,0.0,0,0,0,,0.00,0.00,,,,0,0,0,0.0,0.0,,0.0,0.0,Matches
35,Guus Beaumont,nl NED,MF,Almere City,22-360,2002,0.1,0,0,0,,0.00,0.00,,,,0,0,0,0.0,0.0,,0.0,0.0,Matches
36,Thomas Beelen,nl NED,DF,Feyenoord,23-328,2001,18.9,1,10,3,30.0,0.53,0.16,0.10,0.33,12.1,0,0,0,0.8,0.8,0.08,+0.2,+0.2,Matches
37,Raffael Behounek,at AUT,DF,Willem II,28-019,1997,29.9,1,5,1,20.0,0.17,0.03,0.20,1.00,8.9,0,0,0,0.9,0.9,0.18,+0.1,+0.1,Matches
38,Kristijan Belic,rs SRB,MF,AZ Alkmaar,24-041,2001,6.5,1,10,5,50.0,1.54,0.77,0.10,0.20,19.6,0,0,0,0.4,0.4,0.04,+0.6,+0.6,Matches
39,Mimeirhel Benita,nl NED,DF,Heracles Almelo,21-169,2003,19.7,0,10,5,50.0,0.51,0.25,0.00,0.00,23.3,0,0,0,0.3,0.3,0.03,-0.3,-0.3,Matches
40,Walter Benítez,ar ARG,GK,PSV Eindhoven,32-106,1993,30.5,0,0,0,,0.00,0.00,,,,0,0,0,0.0,0.0,,0.0,0.0,Matches
41,Mitchell van Bergen,nl NED,FW,Sparta R'dam,25-251,1999,9.6,2,23,8,34.8,2.41,0.84,0.09,0.25,14.3,0,0,0,2.0,2.0,0.09,0.0,0.0,Matches
42,Mitchell van Bergen,nl NED,FW,Twente,25-251,1999,8.9,0,19,10,52.6,2.14,1.13,0.00,0.00,18.6,0,0,0,1.1,1.1,0.06,-1.1,-1.1,Matches
43,Thom van Bergen,nl NED,FW,Groningen,21-119,2004,24.7,4,37,13,35.1,1.50,0.53,0.11,0.31,13.2,0,0,0,7.7,7.7,0.21,-3.7,-3.7,Matches
44,Steven Berghuis,nl NED,"FW,MF",Ajax,33-137,1991,13.7,2,28,8,28.6,2.04,0.58,0.04,0.13,21.3,5,1,2,3.5,1.9,0.07,-1.5,-0.9,Matches
45,Steven Bergwijn,nl NED,FW,Ajax,27-209,1997,0.2,0,1,0,0.0,6.00,0.00,0.00,,10.9,0,0,0,0.1,0.1,0.06,-0.1,-0.1,Matches
46,Gijs Besselink,nl NED,MF,Twente,20-323,2004,3.6,0,0,0,,0.00,0.00,,,,0,0,0,0.0,0.0,,0.0,0.0,Matches
47,Daniel Bielica,pl POL,GK,NAC Breda,26-005,1999,30.0,0,0,0,,0.00,0.00,,,,0,0,0,0.0,0.0,,0.0,0.0,Matches
48,Justin Bijlow,nl NED,GK,Feyenoord,27-103,1998,4.0,0,0,0,,0.00,0.00,,,,0,0,0,0.0,0.0,,0.0,0.0,Matches
49,Adrian Blake,eng ENG,"FW,MF",Utrecht,19-294,2005,3.9,3,11,6,54.5,2.84,1.55,0.27,0.50,19.0,0,0,0,0.5,0.5,0.04,+2.5,+2.5,Matches
50,Thijmen Blokzijl,nl NED,DF,Groningen,20-069,2005,21.7,0,3,2,66.7,0.14,0.09,0.00,0.00,20.5,0,0,0,0.1,0.1,0.03,-0.1,-0.1,Matches
Rk,Player,Nation,Pos,Squad,Age,Born,90s,Gls,Sh,SoT,SoT%,Sh/90,SoT/90,G/Sh,G/SoT,Dist,FK,PK,PKatt,xG,npxG,npxG/Sh,G-xG,np:G-xG,Matches
51,Paweł Bochniewicz,pl POL,DF,Heerenveen,29-095,1996,12.3,0,8,3,37.5,0.65,0.24,0.00,0.00,9.9,0,0,0,0.7,0.7,0.08,-0.7,-0.7,Matches
52,Jeremy Bokila,cd COD,FW,Willem II,36-172,1988,14.2,2,26,8,30.8,1.84,0.56,0.04,0.13,14.9,0,1,1,3.0,2.2,0.08,-1.0,-1.2,Matches
53,Ruben van Bommel,nl NED,FW,AZ Alkmaar,20-275,2004,14.1,2,41,16,39.0,2.91,1.13,0.05,0.13,18.9,5,0,0,3.9,3.9,0.10,-1.9,-1.9,Matches
54,Taylor Booth,us USA,"FW,MF",Utrecht,23-339,2001,2.9,0,0,0,,0.00,0.00,,,,0,0,0,0.0,0.0,,0.0,0.0,Matches
55,Taylor Booth,us USA,FW,Twente,23-339,2001,3.0,0,3,0,0.0,1.00,0.00,0.00,,25.6,0,0,0,0.1,0.1,0.03,-0.1,-0.1,Matches
56,Olivier Boscagli,fr FRA,DF,PSV Eindhoven,27-168,1997,25.8,1,17,4,23.5,0.66,0.16,0.06,0.25,27.7,1,0,0,1.5,1.5,0.09,-0.5,-0.5,Matches
57,Jesse Bosch,nl NED,MF,Willem II,25-093,2000,27.9,5,37,16,43.2,1.32,0.57,0.14,0.31,21.9,4,0,0,2.4,2.4,0.06,+2.6,+2.6,Matches
58,Sven Bouland,nl NED,DF,Groningen,,,0.5,0,0,0,,0.00,0.00,,,,0,0,0,0.0,0.0,,0.0,0.0,Matches
59,Rayane Bounida,be BEL,FW,Ajax,19-063,2006,0.2,0,0,0,,0.00,0.00,,,,0,0,0,0.0,0.0,,0.0,0.0,Matches
60,Can Bozdogan,de GER,MF,Utrecht,24-030,2001,4.5,1,6,1,16.7,1.34,0.22,0.17,1.00,18.8,0,0,0,0.6,0.6,0.10,+0.4,+0.4,Matches
61,Mattijs Branderhorst,nl NED,GK,Fortuna Sittard,31-125,1993,25.0,0,0,0,,0.00,0.00,,,,0,0,0,0.0,0.0,,0.0,0.0,Matches
62,Oliver Braude,no NOR,DF,Heerenveen,21-073,2004,26.0,0,15,2,13.3,0.58,0.08,0.00,0.00,26.7,0,0,0,0.3,0.3,0.02,-0.3,-0.3,Matches
63,Myron van Brederode,nl NED,FW,AZ Alkmaar,21-303,2003,1.9,0,2,0,0.0,1.05,0.00,0.00,,14.9,0,0,0,0.2,0.2,0.09,-0.2,-0.2,Matches
64,Michael Bresser,nl NED,DF,PSV Eindhoven,18-011,2007,0.0,0,0,0,,0.00,0.00,,,,0,0,0,0.0,0.0,,0.0,0.0,Matches
65,Jakob Breum,dk DEN,"MF,FW",Go Ahead Eag,21-169,2003,21.8,9,54,20,37.0,2.48,0.92,0.17,0.45,18.2,3,0,0,5.5,5.5,0.10,+3.5,+3.5,Matches
66,Brian Brobbey,nl NED,FW,Ajax,23-093,2002,16.1,4,40,11,27.5,2.49,0.68,0.10,0.36,9.5,0,0,0,10.0,10.0,0.25,-6.0,-6.0,Matches
67,Michael Brouwer,nl NED,GK,Utrecht,32-104,1993,2.0,0,0,0,,0.00,0.00,,,,0,0,0,0.0,0.0,,0.0,0.0,Matches
68,Luuk Brouwers,nl NED,"MF,FW",Heerenveen,27-002,1998,19.4,3,27,12,44.4,1.39,0.62,0.11,0.25,14.1,0,0,0,3.4,3.4,0.13,-0.4,-0.4,Matches
69,Jordy Bruijn,nl NED,MF,Heracles Almelo,28-286,1996,3.4,0,8,0,0.0,2.35,0.00,0.00,,16.0,0,0,0,0.4,0.4,0.05,-0.4,-0.4,Matches
70,Max Bruns,nl NED,DF,Twente,22-180,2002,17.2,0,5,1,20.0,0.29,0.06,0.00,0.00,13.6,0,0,0,0.7,0.7,0.15,-0.7,-0.7,Matches
71,Thomas Bruns,nl NED,"MF,FW",Heracles Almelo,33-118,1992,10.2,3,21,6,28.6,2.07,0.59,0.14,0.50,16.7,1,0,0,2.2,2.2,0.10,+0.8,+0.8,Matches
72,Charles-Andréas Brym,ca CAN,"FW,MF",Sparta R'dam,26-270,1998,3.4,0,11,3,27.3,3.21,0.88,0.00,0.00,15.4,0,0,0,1.8,1.8,0.17,-1.8,-1.8,Matches
73,Charles-Andréas Brym,ca CAN,FW,Almere City,26-270,1998,11.4,3,28,10,35.7,2.45,0.87,0.11,0.30,14.8,0,0,0,3.8,3.8,0.14,-0.8,-0.8,Matches
74,Hugo Bueno,es ESP,DF,Feyenoord,22-229,2002,13.1,0,10,1,10.0,0.76,0.08,0.00,0.00,21.5,0,0,0,0.5,0.5,0.05,-0.5,-0.5,Matches
75,Thomas Buitink,nl NED,"FW,MF",Zwolle,24-325,2000,2.6,0,7,3,42.9,2.73,1.17,0.00,0.00,14.4,0,0,0,1.1,1.1,0.16,-1.1,-1.1,Matches
Rk,Player,Nation,Pos,Squad,Age,Born,90s,Gls,Sh,SoT,SoT%,Sh/90,SoT/90,G/Sh,G/SoT,Dist,FK,PK,PKatt,xG,npxG,npxG/Sh,G-xG,np:G-xG,Matches
76,Ezequiel Bullaude,ar ARG,"MF,FW",Fortuna Sittard,24-191,2000,20.4,6,35,13,37.1,1.71,0.64,0.14,0.38,13.3,0,1,2,6.0,4.5,0.13,0.0,+0.5,Matches
77,Abdurrahman Burak Sayın,,FW,Fortuna Sittard,,,0.0,0,0,0,,0.00,0.00,,,,0,0,0,0.0,0.0,,0.0,0.0,Matches
78,Maxime Busi,be BEL,DF,NAC Breda,25-203,1999,8.6,0,3,0,0.0,0.35,0.00,0.00,,15.4,0,0,0,0.2,0.2,0.06,-0.2,-0.2,Matches
79,Zico Buurmeester,nl NED,"MF,FW",AZ Alkmaar,22-332,2002,12.2,4,19,8,42.1,1.56,0.66,0.21,0.50,17.0,0,0,0,2.8,2.8,0.15,+1.2,+1.2,Matches
80,Àlex Carbonell,es ESP,MF,Almere City,27-232,1997,2.6,0,1,0,0.0,0.38,0.00,0.00,,17.2,0,0,0,0.1,0.1,0.09,-0.1,-0.1,Matches
81,Julián Carranza,ar ARG,FW,Feyenoord,24-348,2000,8.8,4,20,7,35.0,2.28,0.80,0.20,0.57,9.4,0,0,0,5.4,5.4,0.27,-1.4,-1.4,Matches
82,Stephano Carrillo,mx MEX,FW,Feyenoord,19-059,2006,0.6,0,1,0,0.0,1.73,0.00,0.00,,20.9,0,0,0,0.1,0.1,0.10,-0.1,-0.1,Matches
83,Yoann Cathline,fr FRA,FW,Utrecht,22-287,2002,20.2,6,59,15,25.4,2.92,0.74,0.10,0.40,19.3,0,0,0,3.0,3.0,0.05,+3.0,+3.0,Matches
84,Kayky Chagas,br BRA,"FW,DF",Sparta R'dam,21-328,2003,1.3,0,5,3,60.0,3.75,2.25,0.00,0.00,17.2,0,0,0,0.5,0.5,0.10,-0.5,-0.5,Matches
85,Jordy Clasie,nl NED,MF,AZ Alkmaar,33-312,1991,20.2,0,12,1,8.3,0.59,0.05,0.00,0.00,26.9,0,0,0,0.4,0.4,0.04,-0.4,-0.4,Matches
86,Pelle Clement,nl NED,"MF,FW",Sparta R'dam,28-351,1996,17.5,2,18,4,22.2,1.03,0.23,0.11,0.50,21.0,1,0,0,1.5,1.5,0.08,+0.5,+0.5,Matches
87,Denilho Cleonise,nl NED,"FW,MF",RKC Waalwijk,23-148,2001,12.1,1,16,4,25.0,1.32,0.33,0.06,0.25,21.7,0,0,0,0.6,0.6,0.04,+0.4,+0.4,Matches
88,Amara Conde,de GER,MF,Heerenveen,28-119,1997,7.2,0,2,0,0.0,0.28,0.00,0.00,,24.9,0,0,0,0.1,0.1,0.03,-0.1,-0.1,Matches
89,Vito van Crooy,nl NED,"MF,FW",NEC Nijmegen,29-096,1996,19.0,9,33,17,51.5,1.74,0.90,0.24,0.47,16.8,5,1,1,4.1,3.3,0.10,+4.9,+4.7,Matches
90,Alessio da Cruz,cv CPV,FW,Fortuna Sittard,28-107,1997,13.2,4,24,11,45.8,1.82,0.84,0.17,0.36,12.4,0,0,0,4.8,4.8,0.20,-0.8,-0.8,Matches
91,Ro-Zangelo Daal,nl NED,FW,AZ Alkmaar,21-084,2004,0.5,0,0,0,,0.00,0.00,,,,0,0,0,0.0,0.0,,0.0,0.0,Matches
92,Jasper Dahlhaus,nl NED,"DF,FW",Fortuna Sittard,23-159,2001,17.4,2,14,5,35.7,0.81,0.29,0.14,0.40,16.6,1,0,0,1.1,1.1,0.08,+0.9,+0.9,Matches
93,Matteo Dams,be BEL,DF,PSV Eindhoven,21-057,2004,10.2,0,4,1,25.0,0.39,0.10,0.00,0.00,17.7,0,0,0,0.3,0.3,0.07,-0.3,-0.3,Matches
94,Damil Dankerlui,sr SUR,"DF,FW",Almere City,28-254,1996,1.8,0,0,0,,0.00,0.00,,,,0,0,0,0.0,0.0,,0.0,0.0,Matches
95,Argyrios Darelas,gr GRE,"MF,FW",NEC Nijmegen,21-201,2003,0.5,0,0,0,,0.00,0.00,,,,0,0,0,0.0,0.0,,0.0,0.0,Matches
96,Brynjolfur Darri Willumsson,is ISL,"FW,MF",Groningen,24-266,2000,9.9,4,21,6,28.6,2.13,0.61,0.19,0.67,12.6,0,0,0,1.9,1.9,0.09,+2.1,+2.1,Matches
97,Jari De Busser,be BEL,GK,Go Ahead Eag,25-196,1999,14.0,0,0,0,,0.00,0.00,,,,0,0,0,0.0,0.0,,0.0,0.0,Matches
98,Brian De Keersmaecker,be BEL,MF,Heracles Almelo,24-364,2000,27.6,5,22,7,31.8,0.80,0.25,0.09,0.29,25.4,1,3,3,3.9,1.5,0.07,+1.1,+0.5,Matches
99,Mats Deijl,nl NED,DF,Go Ahead Eag,27-294,1997,31.0,4,31,9,29.0,1.00,0.29,0.06,0.22,17.3,2,2,2,4.5,2.9,0.09,-0.5,-0.9,Matches
100,Maxim Dekker,nl NED,DF,AZ Alkmaar,21-014,2004,5.5,0,0,0,,0.00,0.00,,,,0,0,0,0.0,0.0,,0.0,0.0,Matches
Rk,Player,Nation,Pos,Squad,Age,Born,90s,Gls,Sh,SoT,SoT%,Sh/90,SoT/90,G/Sh,G/SoT,Dist,FK,PK,PKatt,xG,npxG,npxG/Sh,G-xG,np:G-xG,Matches
101,Logan Delaurier Chaubet,fr FRA,FW,Almere City,23-013,2002,6.2,1,10,3,30.0,1.62,0.49,0.10,0.33,17.4,0,0,0,0.9,0.9,0.09,+0.1,+0.1,Matches
102,Branco van den Boomen,nl NED,MF,Ajax,29-288,1995,7.0,0,11,5,45.5,1.57,0.71,0.00,0.00,29.2,5,0,1,1.4,0.6,0.05,-1.4,-0.6,Matches
103,Damian van der Haar,nl NED,DF,Zwolle,21-109,2004,19.9,2,8,3,37.5,0.40,0.15,0.25,0.67,19.4,0,0,0,1.0,1.0,0.13,+1.0,+1.0,Matches
104,Mickey van der Hart,nl NED,GK,Heerenveen,30-326,1994,18.0,0,0,0,,0.00,0.00,,,,0,0,0,0.0,0.0,,0.0,0.0,Matches
105,Mike van der Hoorn,nl NED,DF,Utrecht,32-202,1992,26.4,3,18,7,38.9,0.68,0.27,0.17,0.43,9.7,0,0,0,2.4,2.4,0.14,+0.6,+0.6,Matches
106,Djevencio van der Kust,sr SUR,DF,Sparta R'dam,24-005,2001,10.3,0,2,1,50.0,0.20,0.10,0.00,0.00,17.9,0,0,0,0.1,0.1,0.05,-0.1,-0.1,Matches
107,Richard van der Venne,nl NED,"MF,FW",RKC Waalwijk,32-354,1992,8.2,4,22,9,40.9,2.70,1.10,0.18,0.44,19.9,0,0,0,2.1,2.1,0.10,+1.9,+1.9,Matches
108,Silvester van der Water,nl NED,"FW,MF",RKC Waalwijk,28-217,1996,6.9,3,15,5,33.3,2.18,0.73,0.20,0.60,18.8,0,0,0,1.5,1.5,0.10,+1.5,+1.5,Matches
109,David van der Werff,nl NED,MF,Groningen,20-247,2004,0.2,0,2,1,50.0,9.00,4.50,0.00,0.00,15.6,0,0,0,0.2,0.2,0.10,-0.2,-0.2,Matches
110,Anthony Descotte,be BEL,"FW,MF",Utrecht,21-275,2003,4.4,2,10,3,30.0,2.26,0.68,0.10,0.33,17.0,0,1,1,1.8,1.0,0.10,+0.2,0.0,Matches
111,Sergiño Dest,us USA,DF,PSV Eindhoven,24-183,2000,2.0,0,2,0,0.0,1.02,0.00,0.00,,27.0,0,0,0,0.0,0.0,0.02,0.0,0.0,Matches
112,Matisse Didden,be BEL,DF,Utrecht,23-209,2001,4.6,0,1,0,0.0,0.22,0.00,0.00,,8.1,0,0,0,0.3,0.3,0.33,-0.3,-0.3,Matches
113,Thomas Didillon,fr FRA,GK,Willem II,29-158,1995,31.0,0,0,0,,0.00,0.00,,,,0,0,0,0.0,0.0,,0.0,0.0,Matches
114,Mitchell Dijks,nl NED,DF,Fortuna Sittard,32-085,1993,17.2,0,1,0,0.0,0.06,0.00,0.00,,22.4,0,0,0,0.0,0.0,0.02,0.0,0.0,Matches
115,Elijah Dijkstra,nl NED,DF,AZ Alkmaar,18-273,2006,1.0,0,0,0,,0.00,0.00,,,,0,0,0,0.0,0.0,,0.0,0.0,Matches
116,Julius Dirksen,nl NED,"DF,MF",Go Ahead Eag,22-092,2003,0.8,0,2,1,50.0,2.47,1.23,0.00,0.00,24.3,0,0,0,0.1,0.1,0.04,-0.1,-0.1,Matches
117,Nick Doodeman,nl NED,"FW,MF",Willem II,28-195,1996,14.5,0,5,2,40.0,0.35,0.14,0.00,0.00,16.9,0,0,0,0.3,0.3,0.07,-0.3,-0.3,Matches
118,Couhaib Driouech,ma MAR,FW,PSV Eindhoven,23-018,2002,3.0,2,13,4,30.8,4.29,1.32,0.15,0.50,15.2,0,0,0,1.0,1.0,0.08,+1.0,+1.0,Matches
119,Joel Drommel,nl NED,GK,PSV Eindhoven,28-170,1996,0.5,0,0,0,,0.00,0.00,,,,0,0,0,0.0,0.0,,0.0,0.0,Matches
120,Laros Duarte,cv CPV,MF,Groningen,28-066,1997,0.2,0,1,1,100.0,4.50,4.50,0.00,0.00,33.3,0,0,0,0.0,0.0,0.02,0.0,0.0,Matches
121,Oliver Edvardsen,no NOR,FW,Ajax,26-047,1999,3.2,4,11,5,45.5,3.41,1.55,0.36,0.80,13.7,0,0,0,2.4,2.4,0.22,+1.6,+1.6,Matches
122,Oliver Edvardsen,no NOR,"FW,MF",Go Ahead Eag,26-047,1999,9.9,8,31,12,38.7,3.14,1.22,0.26,0.67,17.4,0,0,0,6.1,6.1,0.20,+1.9,+1.9,Matches
123,Victor Edvardsen,se SWE,"FW,MF",Go Ahead Eag,29-111,1996,27.4,8,60,22,36.7,2.19,0.80,0.13,0.36,15.5,0,0,0,9.1,9.1,0.15,-1.1,-1.1,Matches
124,Espen van Ee,nl NED,MF,Heerenveen,21-304,2003,23.5,1,35,9,25.7,1.49,0.38,0.03,0.11,24.2,1,0,0,1.4,1.4,0.04,-0.4,-0.4,Matches
125,Mike Eerdhuijzen,nl NED,DF,Sparta R'dam,24-296,2000,28.2,0,12,1,8.3,0.43,0.04,0.00,0.00,13.9,0,0,0,0.8,0.8,0.06,-0.8,-0.8,Matches
Rk,Player,Nation,Pos,Squad,Age,Born,90s,Gls,Sh,SoT,SoT%,Sh/90,SoT/90,G/Sh,G/SoT,Dist,FK,PK,PKatt,xG,npxG,npxG/Sh,G-xG,np:G-xG,Matches
126,Roshon van Eijma,cw CUW,DF,RKC Waalwijk,26-330,1998,17.9,0,8,2,25.0,0.45,0.11,0.00,0.00,26.5,0,0,0,0.3,0.3,0.03,-0.3,-0.3,Matches
127,Carel Eiting,nl NED,MF,Sparta R'dam,27-083,1998,9.8,1,14,4,28.6,1.43,0.41,0.07,0.25,19.1,1,0,0,1.0,1.0,0.07,0.0,0.0,Matches
128,Carel Eiting,nl NED,MF,Twente,27-083,1998,6.5,2,10,4,40.0,1.53,0.61,0.20,0.50,20.4,0,0,0,1.2,1.2,0.12,+0.8,+0.8,Matches
129,Hjalmar Ekdal,se SWE,DF,Groningen,26-196,1998,11.0,0,1,1,100.0,0.09,0.09,0.00,0.00,10.6,0,0,0,0.1,0.1,0.08,-0.1,-0.1,Matches
130,Úmaro Embaló,pt POR,FW,Fortuna Sittard,23-364,2001,0.1,0,1,1,100.0,7.50,7.50,0.00,0.00,14.5,0,0,0,0.1,0.1,0.07,-0.1,-0.1,Matches
131,Noam Emeran,fr FRA,"DF,MF",Groningen,22-223,2002,0.7,1,1,1,100.0,1.36,1.36,1.00,1.00,20.6,0,0,0,0.1,0.1,0.06,+0.9,+0.9,Matches
132,Mario Engels,de GER,"FW,MF",Heracles Almelo,31-195,1993,23.3,3,33,11,33.3,1.41,0.47,0.09,0.27,17.2,0,0,0,4.3,4.3,0.13,-1.3,-1.3,Matches
133,Alonzo Engwanda,be BEL,"MF,DF",Utrecht,22-098,2003,11.1,0,3,0,0.0,0.27,0.00,0.00,,32.5,0,0,0,0.0,0.0,0.01,0.0,0.0,Matches
134,Ante Erceg,hr CRO,"FW,MF",Fortuna Sittard,35-144,1989,3.2,0,5,2,40.0,1.57,0.63,0.00,0.00,12.3,0,0,0,1.2,1.2,0.24,-1.2,-1.2,Matches
135,Luca Everink,nl NED,DF,Go Ahead Eag,24-085,2001,0.6,0,0,0,,0.00,0.00,,,,0,0,0,0.0,0.0,,0.0,0.0,Matches
136,Juan Familia-Castillo,nl NED,DF,RKC Waalwijk,25-112,2000,14.4,0,5,2,40.0,0.35,0.14,0.00,0.00,27.0,1,0,0,0.1,0.1,0.03,-0.1,-0.1,Matches
137,Kevin Felida,cw CUW,"MF,FW",RKC Waalwijk,25-175,1999,4.7,0,4,2,50.0,0.86,0.43,0.00,0.00,25.0,0,0,0,0.3,0.3,0.07,-0.3,-0.3,Matches
138,Saná Fernandes,pt POR,"FW,MF",NAC Breda,19-056,2006,5.2,1,11,3,27.3,2.11,0.57,0.09,0.33,26.0,0,0,0,0.3,0.3,0.03,+0.7,+0.7,Matches
139,Nick Fichtinger,nl NED,MF,Zwolle,21-029,2004,9.5,0,8,2,25.0,0.84,0.21,0.00,0.00,24.3,0,0,0,0.2,0.2,0.03,-0.2,-0.2,Matches
140,Kolbeinn Finnsson,is ISL,DF,Utrecht,25-253,1999,1.0,0,0,0,,0.00,0.00,,,,0,0,0,0.0,0.0,,0.0,0.0,Matches
141,Kian Fitz-Jim,nl NED,MF,Ajax,21-304,2003,12.7,2,21,9,42.9,1.65,0.71,0.10,0.22,18.5,0,0,0,2.1,2.1,0.10,-0.1,-0.1,Matches
142,Ryan Flamingo,nl NED,DF,PSV Eindhoven,22-125,2002,29.7,0,21,3,14.3,0.71,0.10,0.00,0.00,12.1,0,0,0,2.1,2.1,0.10,-2.1,-2.1,Matches
143,Sherel Floranus,cw CUW,DF,Almere City,26-255,1998,2.0,0,0,0,,0.00,0.00,,,,0,0,0,0.0,0.0,,0.0,0.0,Matches
144,Sherel Floranus,cw CUW,DF,Zwolle,26-255,1998,17.0,0,5,0,0.0,0.29,0.00,0.00,,16.9,0,0,0,0.8,0.8,0.15,-0.8,-0.8,Matches
145,Carlos Forbs,pt POR,FW,Ajax,21-047,2004,0.4,0,0,0,,0.00,0.00,,,,0,0,0,0.0,0.0,,0.0,0.0,Matches
146,Ryan Fosso,ch SUI,MF,Fortuna Sittard,22-322,2002,26.3,1,20,4,20.0,0.76,0.15,0.05,0.25,25.5,0,0,0,1.5,1.5,0.08,-0.5,-0.5,Matches
147,Oscar Fraulo,dk DEN,MF,Utrecht,21-150,2003,16.3,3,12,5,41.7,0.74,0.31,0.25,0.60,16.4,0,0,0,1.7,1.7,0.15,+1.3,+1.3,Matches
148,Anton Gaaei,dk DEN,DF,Ajax,22-167,2002,17.8,2,19,7,36.8,1.07,0.39,0.11,0.29,21.5,3,0,0,1.7,1.7,0.09,+0.3,+0.3,Matches
149,Matt Garbett,nz NZL,"FW,MF",NAC Breda,23-022,2002,6.4,1,7,2,28.6,1.09,0.31,0.14,0.50,20.3,0,0,0,0.7,0.7,0.10,+0.3,+0.3,Matches
150,Anselmo García MacNulty,ie IRL,DF,Zwolle,22-075,2003,31.0,1,21,5,23.8,0.68,0.16,0.05,0.20,12.3,0,0,0,2.3,2.3,0.11,-1.3,-1.3,Matches
Rk,Player,Nation,Pos,Squad,Age,Born,90s,Gls,Sh,SoT,SoT%,Sh/90,SoT/90,G/Sh,G/SoT,Dist,FK,PK,PKatt,xG,npxG,npxG/Sh,G-xG,np:G-xG,Matches
151,Stijn van Gassel,nl NED,GK,NEC Nijmegen,28-199,1996,2.0,0,0,0,,0.00,0.00,,,,0,0,0,0.0,0.0,,0.0,0.0,Matches
152,Lutsharel Geertruida,nl NED,DF,Feyenoord,24-291,2000,3.0,0,3,2,66.7,1.00,0.67,0.00,0.00,15.8,0,0,0,0.3,0.3,0.10,-0.3,-0.3,Matches
153,Liam van Gelderen,nl NED,DF,RKC Waalwijk,24-043,2001,27.0,0,7,2,28.6,0.26,0.07,0.00,0.00,20.6,0,0,0,0.4,0.4,0.06,-0.4,-0.4,Matches
154,Djomar Giersthove,nl NED,DF,Feyenoord,20-061,2005,0.1,0,0,0,,0.00,0.00,,,,0,0,0,0.0,0.0,,0.0,0.0,Matches
155,Teun Gijselhart,nl NED,MF,Zwolle,20-029,2005,0.3,0,0,0,,0.00,0.00,,,,0,0,0,0.0,0.0,,0.0,0.0,Matches
156,Santiago Giménez,mx MEX,FW,Feyenoord,24-017,2001,8.5,7,26,13,50.0,3.06,1.53,0.19,0.38,10.4,0,2,2,7.2,5.6,0.22,-0.2,-0.6,Matches
157,Mika Godts,be BEL,FW,Ajax,19-332,2005,16.8,4,47,15,31.9,2.80,0.89,0.09,0.27,17.0,0,0,0,4.4,4.4,0.09,-0.4,-0.4,Matches
158,Wouter Goes,nl NED,DF,AZ Alkmaar,20-329,2004,20.8,1,8,4,50.0,0.38,0.19,0.13,0.25,9.2,0,0,0,0.5,0.5,0.06,+0.5,+0.5,Matches
159,Facundo González,uy URU,DF,Feyenoord,21-333,2003,0.9,0,2,0,0.0,2.12,0.00,0.00,,18.2,0,0,0,0.2,0.2,0.11,-0.2,-0.2,Matches
160,Roberto González,es ESP,"MF,FW",NEC Nijmegen,24-119,2001,10.9,2,26,11,42.3,2.38,1.01,0.08,0.18,14.4,1,0,0,3.0,3.0,0.12,-1.0,-1.0,Matches
161,Tristan Gooijer,nl NED,DF,Zwolle,20-245,2004,0.3,0,0,0,,0.00,0.00,,,,0,0,0,0.0,0.0,,0.0,0.0,Matches
162,Marvin da Graça,lu LUX,DF,Almere City,30-077,1995,6.0,1,6,1,16.7,1.00,0.17,0.17,1.00,16.1,0,0,0,0.5,0.5,0.08,+0.5,+0.5,Matches
163,Simon Graves Jensen,dk DEN,DF,Zwolle,25-348,1999,22.7,0,7,4,57.1,0.31,0.18,0.00,0.00,8.9,0,0,0,0.6,0.6,0.09,-0.6,-0.6,Matches
164,Leo Greiml,at AUT,DF,NAC Breda,23-306,2001,26.7,2,17,5,29.4,0.64,0.19,0.12,0.40,13.1,0,0,0,1.1,1.1,0.07,+0.9,+0.9,Matches
165,Dario Grujcic,at AUT,"DF,MF",Fortuna Sittard,25-351,1999,2.9,0,2,1,50.0,0.70,0.35,0.00,0.00,15.1,0,0,0,0.1,0.1,0.04,-0.1,-0.1,Matches
166,Baptiste Guillaume,be BEL,"FW,MF",Almere City,29-323,1995,4.3,1,10,3,30.0,2.30,0.69,0.10,0.33,10.0,0,0,0,1.0,1.0,0.10,0.0,0.0,Matches
167,Eser Gürbüz,nl NED,FW,Heerenveen,18-060,2007,1.5,2,7,2,28.6,4.57,1.30,0.29,1.00,15.5,0,0,0,1.5,1.5,0.22,+0.5,+0.5,Matches
168,Rodrigo Guth,br BRA,DF,Fortuna Sittard,24-176,2000,27.5,3,15,6,40.0,0.55,0.22,0.20,0.50,10.7,0,0,0,1.3,1.3,0.09,+1.7,+1.7,Matches
169,Jonathan de Guzmán,nl NED,MF,Sparta R'dam,37-234,1987,0.4,0,0,0,,0.00,0.00,,,,0,0,0,0.0,0.0,,0.0,0.0,Matches
170,Anis Hadj Moussa,dz ALG,"FW,MF",Feyenoord,23-083,2002,19.4,8,50,19,38.0,2.58,0.98,0.16,0.42,17.2,1,0,0,3.0,3.0,0.06,+5.0,+5.0,Matches
171,Alen Halilović,hr CRO,"MF,FW",Fortuna Sittard,28-321,1996,19.7,2,43,12,27.9,2.19,0.61,0.05,0.17,20.1,4,0,1,4.4,3.6,0.09,-2.4,-1.6,Matches
172,Denzel Hall,nl NED,DF,Heerenveen,23-348,2001,6.2,0,2,0,0.0,0.32,0.00,0.00,,27.4,0,0,0,0.0,0.0,0.02,0.0,0.0,Matches
173,Sébastien Haller,ci CIV,FW,Utrecht,30-317,1994,12.2,4,29,14,48.3,2.37,1.14,0.14,0.29,9.8,0,0,0,5.1,5.1,0.17,-1.1,-1.1,Matches
174,Dávid Hancko,sk SVK,DF,Feyenoord,27-143,1997,29.0,3,48,14,29.2,1.66,0.48,0.06,0.21,12.2,1,0,0,4.6,4.6,0.10,-1.6,-1.6,Matches
175,Kornelius Hansen,no NOR,"FW,MF",Almere City,23-364,2001,20.2,2,47,16,34.0,2.33,0.79,0.04,0.13,16.3,2,0,0,4.6,4.6,0.10,-2.6,-2.6,Matches
Rk,Player,Nation,Pos,Squad,Age,Born,90s,Gls,Sh,SoT,SoT%,Sh/90,SoT/90,G/Sh,G/SoT,Dist,FK,PK,PKatt,xG,npxG,npxG/Sh,G-xG,np:G-xG,Matches
176,Sontje Hansen,nl NED,"FW,MF",NEC Nijmegen,22-358,2002,18.5,4,32,12,37.5,1.73,0.65,0.13,0.33,14.2,0,0,0,3.6,3.6,0.11,+0.4,+0.4,Matches
177,Quilindschy Hartman,nl NED,DF,Feyenoord,23-172,2001,6.2,0,3,0,0.0,0.48,0.00,0.00,,19.8,0,0,0,0.2,0.2,0.06,-0.2,-0.2,Matches
178,Jorrel Hato,nl NED,DF,Ajax,19-059,2006,26.0,2,16,5,31.3,0.62,0.19,0.13,0.40,15.9,0,0,0,1.3,1.3,0.08,+0.7,+0.7,Matches
179,Mike Hauptmeijer,nl NED,GK,Zwolle,28-048,1997,4.0,0,0,0,,0.00,0.00,,,,0,0,0,0.0,0.0,,0.0,0.0,Matches
180,Thom Haye,id IDN,MF,Almere City,30-085,1995,19.7,0,35,8,22.9,1.78,0.41,0.00,0.00,27.9,13,0,0,1.3,1.3,0.04,-1.3,-1.3,Matches
181,Jordan Henderson,eng ENG,MF,Ajax,34-322,1990,17.8,0,10,2,20.0,0.56,0.11,0.00,0.00,22.9,4,0,0,0.5,0.5,0.05,-0.5,-0.5,Matches
182,Lucas Vennegoor of Hesselink,nl NED,"FW,MF",Twente,19-052,2006,0.7,0,3,1,33.3,4.35,1.45,0.00,0.00,10.4,0,0,0,0.6,0.6,0.19,-0.6,-0.6,Matches
183,Mees Hilgers,id IDN,DF,Twente,23-357,2001,18.4,1,14,5,35.7,0.76,0.27,0.07,0.20,12.6,0,0,0,2.7,2.7,0.19,-1.7,-1.7,Matches
184,Mees Hoedemakers,nl NED,MF,NEC Nijmegen,27-076,1998,19.2,0,19,4,21.1,0.99,0.21,0.00,0.00,21.2,0,0,0,1.1,1.1,0.06,-1.1,-1.1,Matches
185,Justin Hoogma,nl NED,DF,Heracles Almelo,26-328,1998,2.8,2,4,2,50.0,1.42,0.71,0.50,1.00,16.7,0,0,0,1.2,1.2,0.31,+0.8,+0.8,Matches
186,Sydney van Hooijdonk,nl NED,FW,NAC Breda,25-088,2000,9.8,1,20,9,45.0,2.04,0.92,0.05,0.11,13.7,0,0,0,2.4,2.4,0.12,-1.4,-1.4,Matches
187,Nikolai Hopland,no NOR,DF,Heerenveen,20-285,2004,25.9,2,19,5,26.3,0.73,0.19,0.11,0.40,11.6,0,0,0,1.7,1.7,0.09,+0.3,+0.3,Matches
188,Siebe Horemans,be BEL,DF,Utrecht,26-337,1998,26.2,1,9,3,33.3,0.34,0.11,0.11,0.33,19.1,0,0,0,0.4,0.4,0.05,+0.6,+0.6,Matches
189,Jizz Hornkamp,nl NED,"FW,MF",Heracles Almelo,27-059,1998,15.3,7,32,14,43.8,2.09,0.92,0.19,0.43,16.2,4,1,1,4.8,4.1,0.13,+2.2,+1.9,Matches
190,Jeroen Houwen,nl NED,GK,RKC Waalwijk,29-076,1996,24.0,0,0,0,,0.00,0.00,,,,0,0,0,0.0,0.0,,0.0,0.0,Matches
191,Johan Hove,no NOR,MF,Groningen,24-240,2000,19.4,0,30,10,33.3,1.54,0.51,0.00,0.00,20.7,1,0,0,1.5,1.5,0.05,-1.5,-1.5,Matches
192,Joël Ideho,nl NED,FW,Sparta R'dam,21-292,2003,1.9,0,1,1,100.0,0.54,0.54,0.00,0.00,16.4,0,0,0,0.0,0.0,0.04,0.0,0.0,Matches
193,Younes Taha El Idrissi,ma MAR,FW,Twente,,,1.6,0,3,1,33.3,1.93,0.64,0.00,0.00,22.3,0,0,0,0.1,0.1,0.03,-0.1,-0.1,Matches
194,Mohammed Ihattaren,nl NED,"MF,FW",RKC Waalwijk,23-082,2002,14.5,3,43,14,32.6,2.97,0.97,0.05,0.14,21.7,7,1,1,2.8,2.0,0.05,+0.2,0.0,Matches
195,Hwang In-beom,kr KOR,MF,Feyenoord,28-227,1996,16.2,3,25,9,36.0,1.54,0.55,0.12,0.33,24.6,2,0,0,0.9,0.9,0.04,+2.1,+2.1,Matches
196,Zidane Iqbal,iq IRQ,MF,Utrecht,22-008,2003,16.1,1,16,5,31.3,0.99,0.31,0.06,0.20,25.8,0,0,0,0.6,0.6,0.04,+0.4,+0.4,Matches
197,Luka Ivanušec,hr CRO,"FW,MF",Feyenoord,26-160,1998,5.4,1,11,4,36.4,2.05,0.75,0.09,0.25,18.6,0,0,0,1.2,1.2,0.11,-0.2,-0.2,Matches
198,Joey Jacobs,nl NED,DF,Almere City,25-025,2000,11.7,1,5,2,40.0,0.43,0.17,0.20,0.50,8.6,0,0,0,0.5,0.5,0.10,+0.5,+0.5,Matches
199,Alireza Jahanbakhsh,ir IRN,"FW,MF",Heerenveen,31-267,1993,16.1,3,42,10,23.8,2.61,0.62,0.05,0.20,18.4,3,1,1,3.5,2.8,0.07,-0.5,-0.8,Matches
200,Alexander Jakobsen,eg EGY,"FW,MF",RKC Waalwijk,31-048,1994,0.8,0,1,0,0.0,1.29,0.00,0.00,,16.9,0,0,0,0.0,0.0,0.02,0.0,0.0,Matches
Rk,Player,Nation,Pos,Squad,Age,Born,90s,Gls,Sh,SoT,SoT%,Sh/90,SoT/90,G/Sh,G/SoT,Dist,FK,PK,PKatt,xG,npxG,npxG/Sh,G-xG,np:G-xG,Matches
201,Dean James,id IDN,DF,Go Ahead Eag,25-005,2000,18.3,2,16,5,31.3,0.87,0.27,0.13,0.40,19.5,5,0,0,1.6,1.6,0.10,+0.4,+0.4,Matches
202,Dominik Janošek,cz CZE,MF,NAC Breda,26-326,1998,12.2,2,31,8,25.8,2.55,0.66,0.03,0.13,27.1,6,1,1,1.9,1.2,0.04,+0.1,-0.2,Matches
203,Dies Janse,nl NED,DF,Ajax,19-108,2006,3.0,0,1,0,0.0,0.33,0.00,0.00,,26.4,0,0,0,0.0,0.0,0.02,0.0,0.0,Matches
204,Ali Jasim,iq IRQ,"FW,MF",Almere City,21-105,2004,2.5,1,8,3,37.5,3.19,1.19,0.13,0.33,15.7,0,0,0,0.7,0.7,0.08,+0.3,+0.3,Matches
205,Victor Jensen,dk DEN,MF,Utrecht,25-086,2000,11.1,2,20,5,25.0,1.80,0.45,0.10,0.40,13.0,0,0,0,3.0,3.0,0.15,-1.0,-1.0,Matches
206,Owen Johnson,nl NED,MF,Fortuna Sittard,19-244,2005,0.0,0,0,0,,0.00,0.00,,,,0,0,0,0.0,0.0,,0.0,0.0,Matches
207,Miliano Jonathans,nl NED,"FW,MF",Utrecht,21-030,2004,2.3,0,4,0,0.0,1.74,0.00,0.00,,13.0,0,0,0,0.6,0.6,0.16,-0.6,-0.6,Matches
208,Luuk de Jong,nl NED,FW,PSV Eindhoven,34-251,1990,24.2,13,81,23,28.4,3.34,0.95,0.14,0.48,10.5,0,2,4,15.6,12.4,0.15,-2.6,-1.4,Matches
209,Tika de Jonge,nl NED,MF,Groningen,22-055,2003,13.8,1,15,3,20.0,1.08,0.22,0.07,0.33,22.4,0,0,0,1.0,1.0,0.07,0.0,0.0,Matches
210,Patrick Joosten,nl NED,"MF,FW",Willem II,29-021,1996,7.2,1,15,5,33.3,2.08,0.69,0.07,0.20,18.3,0,0,0,1.3,1.3,0.08,-0.3,-0.3,Matches
211,Mauro Júnior,br BRA,"DF,MF",PSV Eindhoven,25-364,1999,19.3,0,19,6,31.6,0.98,0.31,0.00,0.00,21.3,0,0,0,1.3,1.3,0.07,-1.3,-1.3,Matches
212,Hidde Jurjus,nl NED,GK,Groningen,31-085,1994,1.0,0,0,0,,0.00,0.00,,,,0,0,0,0.0,0.0,,0.0,0.0,Matches
213,Daniël van Kaam,nl NED,MF,Heracles Almelo,24-316,2000,11.6,0,4,1,25.0,0.35,0.09,0.00,0.00,15.6,0,0,0,0.9,0.9,0.23,-0.9,-0.9,Matches
214,Junior Kadile,fr FRA,"FW,MF",Almere City,22-140,2002,22.2,4,72,20,27.8,3.25,0.90,0.06,0.20,18.1,0,0,0,6.4,6.4,0.09,-2.4,-2.4,Matches
215,Jochem van de Kamp,nl NED,"MF,FW",Almere City,21-184,2003,22.2,0,15,2,13.3,0.67,0.09,0.00,0.00,20.6,0,0,0,1.0,1.0,0.07,-1.0,-1.0,Matches
216,Ahmetcan Kaplan,tr TUR,DF,Ajax,22-109,2003,6.2,0,4,1,25.0,0.64,0.16,0.00,0.00,16.5,0,0,0,0.4,0.4,0.10,-0.4,-0.4,Matches
217,Daniel Karlsbakk,no NOR,FW,Heerenveen,22-028,2003,3.0,0,3,1,33.3,0.99,0.33,0.00,0.00,10.1,0,0,0,0.6,0.6,0.18,-0.6,-0.6,Matches
218,Souffian El Karouani,ma MAR,DF,Utrecht,24-198,2000,30.0,2,33,11,33.3,1.10,0.37,0.06,0.18,21.8,5,0,0,1.3,1.3,0.04,+0.7,+0.7,Matches
219,Rick Karsdorp,nl NED,DF,PSV Eindhoven,30-083,1995,7.5,0,1,0,0.0,0.13,0.00,0.00,,17.1,0,0,0,0.0,0.0,0.04,0.0,0.0,Matches
220,Neraysho Kasanwirjo,nl NED,DF,Feyenoord,23-076,2002,1.3,0,3,0,0.0,2.39,0.00,0.00,,21.3,1,0,0,0.1,0.1,0.04,-0.1,-0.1,Matches
221,Denso Kasius,nl NED,DF,AZ Alkmaar,22-211,2002,13.1,2,24,6,25.0,1.83,0.46,0.08,0.33,19.8,2,0,0,1.2,1.2,0.05,+0.8,+0.8,Matches
222,Adam Kayed,ps PLE,"MF,DF",NAC Breda,23-064,2002,5.1,1,8,2,25.0,1.57,0.39,0.13,0.50,17.0,0,0,0,0.6,0.6,0.07,+0.4,+0.4,Matches
223,Dennis Kaygin,de GER,"MF,FW",Willem II,21-033,2004,1.5,0,0,0,,0.00,0.00,,,,0,0,0,0.0,0.0,,0.0,0.0,Matches
224,Emilio Kehrer,de GER,"FW,MF",Willem II,23-046,2002,8.2,1,15,6,40.0,1.84,0.73,0.07,0.17,18.2,0,0,0,1.1,1.1,0.07,-0.1,-0.1,Matches
225,Fabian de Keijzer,nl NED,GK,Heracles Almelo,24-360,2000,31.0,0,0,0,,0.00,0.00,,,,0,0,0,0.0,0.0,,0.0,0.0,Matches
Rk,Player,Nation,Pos,Squad,Age,Born,90s,Gls,Sh,SoT,SoT%,Sh/90,SoT/90,G/Sh,G/SoT,Dist,FK,PK,PKatt,xG,npxG,npxG/Sh,G-xG,np:G-xG,Matches
226,Boy Kemper,nl NED,DF,NAC Breda,25-318,1999,24.7,1,13,7,53.8,0.53,0.28,0.08,0.14,12.3,0,0,0,1.1,1.1,0.08,-0.1,-0.1,Matches
227,Sam Kersten,nl NED,DF,Heerenveen,27-095,1998,23.9,1,13,4,30.8,0.54,0.17,0.08,0.25,16.0,0,0,0,1.2,1.2,0.10,-0.2,-0.2,Matches
228,Joey Kesting,nl NED,GK,RKC Waalwijk,24-059,2001,3.0,0,0,0,,0.00,0.00,,,,0,0,0,0.0,0.0,,0.0,0.0,Matches
229,Joshua Kitolano,no NOR,MF,Sparta R'dam,23-275,2001,15.6,0,24,5,20.8,1.53,0.32,0.00,0.00,18.3,0,0,0,2.0,2.0,0.08,-2.0,-2.0,Matches
230,Mathias Kjølø,no NOR,MF,Twente,23-312,2001,6.8,0,5,0,0.0,0.74,0.00,0.00,,32.0,0,0,0,0.1,0.1,0.02,-0.1,-0.1,Matches
231,Davy Klaassen,nl NED,MF,Ajax,32-073,1993,21.8,8,19,12,63.2,0.87,0.55,0.37,0.58,12.1,0,1,1,4.2,3.4,0.18,+3.8,+3.6,Matches
232,Mike Kleijn,nl NED,DF,Sparta R'dam,20-085,2005,1.1,0,0,0,,0.00,0.00,,,,0,0,0,0.0,0.0,,0.0,0.0,Matches
233,Mats Köhlert,de GER,DF,Heerenveen,27-003,1998,24.5,0,8,1,12.5,0.33,0.04,0.00,0.00,19.7,1,0,0,1.3,1.3,0.17,-1.3,-1.3,Matches
234,Don-Angelo Konadu,nl NED,FW,Ajax,19-002,2006,0.7,0,1,0,0.0,1.45,0.00,0.00,,15.8,0,0,0,0.0,0.0,0.03,0.0,0.0,Matches
235,Terence Kongolo,nl NED,DF,NAC Breda,31-080,1994,7.8,0,2,1,50.0,0.25,0.13,0.00,0.00,8.4,0,0,0,0.3,0.3,0.15,-0.3,-0.3,Matches
236,Luuk Koopmans,nl NED,GK,Fortuna Sittard,31-168,1993,6.0,0,0,0,,0.00,0.00,,,,0,0,0,0.0,0.0,,0.0,0.0,Matches
237,Peer Koopmeiners,nl NED,"MF,DF",AZ Alkmaar,25-001,2000,28.0,1,24,5,20.8,0.86,0.18,0.04,0.20,24.0,4,0,0,1.3,1.3,0.05,-0.3,-0.3,Matches
238,Hasip Korkmazyürek,de GER,MF,Fortuna Sittard,22-004,2003,0.1,0,1,0,0.0,15.00,0.00,0.00,,17.4,0,0,0,0.1,0.1,0.08,-0.1,-0.1,Matches
239,Roy Kortsmit,nl NED,GK,NAC Breda,32-252,1992,1.0,0,0,0,,0.00,0.00,,,,0,0,0,0.0,0.0,,0.0,0.0,Matches
240,Martin Koscelník,sk SVK,DF,NAC Breda,30-064,1995,1.2,0,1,0,0.0,0.86,0.00,0.00,,14.2,0,0,0,0.0,0.0,0.02,0.0,0.0,Matches
241,Kacper Kostorz,pl POL,"FW,MF",NAC Breda,25-257,1999,5.9,3,13,10,76.9,2.20,1.69,0.23,0.30,11.6,0,0,0,1.7,1.7,0.14,+1.3,+1.3,Matches
242,Joris Kramer,nl NED,DF,Go Ahead Eag,28-276,1996,30.8,0,26,7,26.9,0.84,0.23,0.00,0.00,13.0,0,0,0,1.7,1.7,0.06,-1.7,-1.7,Matches
243,Michiel Kramer,nl NED,FW,RKC Waalwijk,36-153,1988,7.3,2,16,8,50.0,2.19,1.09,0.13,0.25,10.9,0,0,0,1.9,1.9,0.12,+0.1,+0.1,Matches
244,Filip Krastev,bg BUL,"FW,MF",Zwolle,23-202,2001,21.5,6,40,14,35.0,1.86,0.65,0.15,0.43,18.4,4,0,0,3.7,3.7,0.09,+2.3,+2.3,Matches
245,Wessel Kuhn,nl NED,DF,PSV Eindhoven,18-231,2006,0.1,0,0,0,,0.00,0.00,,,,0,0,0,0.0,0.0,,0.0,0.0,Matches
246,Roy Kuijpers,nl NED,"FW,MF",NAC Breda,25-108,2000,2.6,0,9,1,11.1,3.45,0.38,0.00,0.00,18.0,0,0,0,0.8,0.8,0.09,-0.8,-0.8,Matches
247,Bas Kuipers,nl NED,DF,Twente,30-261,1994,16.4,3,13,3,23.1,0.79,0.18,0.23,1.00,12.5,0,0,0,2.0,2.0,0.15,+1.0,+1.0,Matches
248,Luka Kulenović,ba BIH,FW,Heracles Almelo,25-218,1999,14.4,9,37,18,48.6,2.57,1.25,0.24,0.50,11.1,0,0,0,6.7,6.7,0.18,+2.3,+2.3,Matches
249,Harry Kuster,nl NED,"FW,MF",Twente,19-236,2005,0.1,0,1,1,100.0,7.50,7.50,0.00,0.00,16.7,0,0,0,0.0,0.0,0.05,0.0,0.0,Matches
250,Dave Kwakman,nl NED,"MF,FW",AZ Alkmaar,20-271,2004,1.7,0,0,0,,0.00,0.00,,,,0,0,0,0.0,0.0,,0.0,0.0,Matches
Rk,Player,Nation,Pos,Squad,Age,Born,90s,Gls,Sh,SoT,SoT%,Sh/90,SoT/90,G/Sh,G/SoT,Dist,FK,PK,PKatt,xG,npxG,npxG/Sh,G-xG,np:G-xG,Matches
251,Dave Kwakman,nl NED,"FW,MF",Groningen,20-271,2004,9.0,2,15,5,33.3,1.66,0.55,0.13,0.40,18.3,0,0,0,1.3,1.3,0.09,+0.7,+0.7,Matches
252,Amine Lachkar,nl NED,MF,Willem II,22-017,2003,17.7,0,10,3,30.0,0.56,0.17,0.00,0.00,21.7,0,0,0,0.6,0.6,0.06,-0.6,-0.6,Matches
253,Gustaf Lagerbielke,se SWE,DF,Twente,25-025,2000,16.1,1,10,4,40.0,0.62,0.25,0.10,0.25,7.8,0,0,0,1.4,1.4,0.14,-0.4,-0.4,Matches
254,Mayckel Lahdo,se SWE,FW,AZ Alkmaar,22-126,2002,9.4,3,18,8,44.4,1.92,0.85,0.17,0.38,20.6,0,0,0,1.8,1.8,0.10,+1.2,+1.2,Matches
255,Boris lambert,be BEL,MF,Willem II,25-025,2000,13.7,2,5,2,40.0,0.37,0.15,0.40,1.00,7.8,0,0,0,0.3,0.3,0.05,+1.7,+1.7,Matches
256,Sam Lammers,nl NED,FW,Twente,28-005,1997,16.7,7,52,23,44.2,3.12,1.38,0.13,0.30,13.6,0,0,0,7.0,7.0,0.13,0.0,0.0,Matches
257,Tygo Land,nl NED,MF,PSV Eindhoven,19-114,2006,0.4,0,1,0,0.0,2.81,0.00,0.00,,15.1,0,0,0,0.0,0.0,0.04,0.0,0.0,Matches
258,Noa Lang,nl NED,FW,PSV Eindhoven,25-322,1999,18.0,9,52,19,36.5,2.88,1.05,0.17,0.47,16.9,0,0,0,4.2,4.2,0.08,+4.8,+4.8,Matches
259,Tobias Lauritsen,no NOR,FW,Sparta R'dam,27-248,1997,27.1,9,84,30,35.7,3.10,1.11,0.08,0.23,13.2,0,2,2,9.2,7.6,0.09,-0.2,-0.6,Matches
260,James Lawrence,wls WAL,DF,Almere City,32-256,1992,16.8,0,8,0,0.0,0.47,0.00,0.00,,9.5,0,0,0,1.2,1.2,0.15,-1.2,-1.2,Matches
261,Richy Ledezma,us USA,DF,PSV Eindhoven,24-241,2000,18.7,1,16,7,43.8,0.86,0.37,0.06,0.14,24.4,0,0,0,0.6,0.6,0.04,+0.4,+0.4,Matches
262,Clint Leemans,nl NED,MF,NAC Breda,29-232,1995,17.0,3,21,8,38.1,1.24,0.47,0.10,0.25,21.2,5,1,1,2.6,1.8,0.08,+0.4,+0.2,Matches
263,Julian Lelieveld,nl NED,"DF,MF",RKC Waalwijk,27-162,1997,20.9,0,7,1,14.3,0.33,0.05,0.00,0.00,14.9,0,0,0,0.5,0.5,0.07,-0.5,-0.5,Matches
264,Bryan Limbombe,be BEL,"MF,FW",Heracles Almelo,23-356,2001,4.2,0,11,3,27.3,2.65,0.72,0.00,0.00,21.3,0,0,0,0.6,0.6,0.06,-0.6,-0.6,Matches
265,Marcus Linday,se SWE,MF,Heerenveen,21-337,2003,13.0,2,8,4,50.0,0.62,0.31,0.25,0.50,17.2,0,0,0,1.2,1.2,0.15,+0.8,+0.8,Matches
266,Bryan Linssen,nl NED,FW,NEC Nijmegen,34-209,1990,6.7,2,22,7,31.8,3.29,1.05,0.09,0.29,13.3,0,0,0,2.5,2.5,0.11,-0.5,-0.5,Matches
267,Evert Linthorst,nl NED,MF,Go Ahead Eag,25-063,2000,25.1,1,11,7,63.6,0.44,0.28,0.09,0.14,27.2,0,0,0,0.4,0.4,0.04,+0.6,+0.6,Matches
268,Enric Llansana,nl NED,MF,Go Ahead Eag,24-023,2001,28.2,4,37,8,21.6,1.31,0.28,0.11,0.50,22.7,0,0,0,1.7,1.7,0.05,+2.3,+2.3,Matches
269,Chris Lokesa,be BEL,"FW,MF",RKC Waalwijk,20-179,2004,10.3,2,23,7,30.4,2.23,0.68,0.09,0.29,16.3,0,0,0,2.2,2.2,0.10,-0.2,-0.2,Matches
270,Tim van de Loo,,MF,RKC Waalwijk,,,17.7,1,11,2,18.2,0.62,0.11,0.09,0.50,19.4,0,0,0,0.9,0.9,0.08,+0.1,+0.1,Matches
271,Marcos López,pe PER,MF,Feyenoord,25-166,1999,1.0,0,0,0,,0.00,0.00,,,,0,0,0,0.0,0.0,,0.0,0.0,Matches
272,Jordan Lotomba,ch SUI,DF,Feyenoord,26-218,1998,5.4,1,8,2,25.0,1.48,0.37,0.13,0.50,18.0,0,0,0,0.7,0.7,0.09,+0.3,+0.3,Matches
273,Hirving Lozano,mx MEX,FW,PSV Eindhoven,29-279,1995,3.2,4,15,6,40.0,4.67,1.87,0.27,0.67,17.9,0,0,0,2.5,2.5,0.17,+1.5,+1.5,Matches
274,Sayfallah Ltaief,tn TUN,FW,Twente,25-013,2000,12.8,1,30,9,30.0,2.34,0.70,0.03,0.11,19.5,0,0,0,1.4,1.4,0.05,-0.4,-0.4,Matches
275,Boyd Lucassen,nl NED,"DF,FW",NAC Breda,26-308,1998,13.6,1,5,4,80.0,0.37,0.29,0.20,0.25,17.4,0,0,0,0.7,0.7,0.14,+0.3,+0.3,Matches
Rk,Player,Nation,Pos,Squad,Age,Born,90s,Gls,Sh,SoT,SoT%,Sh/90,SoT/90,G/Sh,G/SoT,Dist,FK,PK,PKatt,xG,npxG,npxG/Sh,G-xG,np:G-xG,Matches
276,Milos Lukovic,rs SRB,FW,Heerenveen,19-168,2005,5.9,2,9,4,44.4,1.53,0.68,0.22,0.50,14.8,0,0,1,2.0,1.2,0.13,0.0,+0.8,Matches
277,Thierry Lutonda,be BEL,DF,Zwolle,24-190,2000,5.2,0,3,0,0.0,0.57,0.00,0.00,,19.6,0,0,0,0.2,0.2,0.06,-0.2,-0.2,Matches
278,Leftheris Lyratzis,gr GRE,DF,NEC Nijmegen,25-072,2000,7.4,0,4,2,50.0,0.54,0.27,0.00,0.00,19.5,0,0,0,0.1,0.1,0.03,-0.1,-0.1,Matches
279,Enes Mahmutovic,lu LUX,DF,NAC Breda,27-348,1997,6.2,0,3,0,0.0,0.49,0.00,0.00,,17.5,0,0,0,0.3,0.3,0.09,-0.3,-0.3,Matches
280,Seiya Maikuma,jp JPN,DF,AZ Alkmaar,27-201,1997,20.1,0,18,2,11.1,0.89,0.10,0.00,0.00,18.0,0,0,0,1.1,1.1,0.06,-1.1,-1.1,Matches
281,Tyrell Malacia,nl NED,DF,PSV Eindhoven,25-261,1999,3.8,0,1,0,0.0,0.26,0.00,0.00,,14.1,0,0,0,0.1,0.1,0.06,-0.1,-0.1,Matches
282,Christopher Mamengi,nl NED,DF,Almere City,24-032,2001,2.5,0,0,0,,0.00,0.00,,,,0,0,0,0.0,0.0,,0.0,0.0,Matches
283,Sivert Mannsverk,no NOR,MF,Ajax,22-362,2002,2.0,0,2,0,0.0,1.00,0.00,0.00,,25.3,0,0,0,0.1,0.1,0.03,-0.1,-0.1,Matches
284,Braydon Manu,gh GHA,"FW,DF",Zwolle,28-038,1997,0.7,0,0,0,,0.00,0.00,,,,0,0,0,0.0,0.0,,0.0,0.0,Matches
285,Elías Már Ómarsson,is ISL,FW,NAC Breda,30-107,1995,24.0,7,56,19,33.9,2.33,0.79,0.13,0.37,12.2,0,0,0,8.6,8.6,0.16,-1.6,-1.6,Matches
286,Richonell Margaret,sr SUR,FW,RKC Waalwijk,24-240,2000,25.1,4,40,12,30.0,1.59,0.48,0.08,0.25,19.4,0,1,1,4.6,3.8,0.09,-0.6,-0.8,Matches
287,Maxim Mariani,nl NED,DF,Groningen,20-183,2004,0.2,0,0,0,,0.00,0.00,,,,0,0,0,0.0,0.0,,0.0,0.0,Matches
288,Iván Márquez,es ESP,DF,NEC Nijmegen,30-330,1994,21.6,2,12,3,25.0,0.56,0.14,0.17,0.67,12.9,0,0,0,0.9,0.9,0.08,+1.1,+1.1,Matches
289,Bruno Martins Indi,nl NED,DF,AZ Alkmaar,33-086,1992,6.1,0,3,0,0.0,0.49,0.00,0.00,,19.6,0,0,0,0.1,0.1,0.03,-0.1,-0.1,Matches
290,Matheus,br BRA,GK,Ajax,32-290,1992,9.0,0,0,0,,0.00,0.00,,,,0,0,0,0.0,0.0,,0.0,0.0,Matches
291,Jens Mathijsen,,DF,Willem II,,,0.9,0,0,0,,0.00,0.00,,,,0,0,0,0.0,0.0,,0.0,0.0,Matches
292,Faiz Mattoir,km COM,"FW,MF",Almere City,24-297,2000,3.1,0,4,1,25.0,1.27,0.32,0.00,0.00,16.1,0,0,0,0.3,0.3,0.06,-0.3,-0.3,Matches
293,Faissal Al Mazyani,be BEL,DF,RKC Waalwijk,20-107,2005,15.2,0,10,0,0.0,0.66,0.00,0.00,,25.1,0,0,0,0.3,0.3,0.03,-0.3,-0.3,Matches
294,Dylan Mbayo,be BEL,"FW,MF",Zwolle,23-206,2001,20.9,3,23,10,43.5,1.10,0.48,0.13,0.30,15.9,0,0,0,2.9,2.9,0.13,+0.1,+0.1,Matches
295,Mexx Meerdink,nl NED,"FW,MF",AZ Alkmaar,21-285,2003,7.7,8,30,14,46.7,3.88,1.81,0.27,0.57,14.5,1,0,0,3.3,3.3,0.11,+4.7,+4.7,Matches
296,Ringo Meerveld,nl NED,"MF,FW",Willem II,24-135,2000,29.4,4,26,9,34.6,0.88,0.31,0.15,0.44,22.2,1,0,0,1.9,1.9,0.07,+2.1,+2.1,Matches
297,Aaron Meijers,nl NED,DF,RKC Waalwijk,37-189,1987,8.2,0,2,0,0.0,0.24,0.00,0.00,,16.6,0,0,0,0.1,0.1,0.06,-0.1,-0.1,Matches
298,Rick Meissen,nl NED,DF,Sparta R'dam,23-070,2002,8.5,0,2,2,100.0,0.23,0.23,0.00,0.00,11.1,0,0,0,0.1,0.1,0.05,-0.1,-0.1,Matches
299,Rui Mendes,de GER,"MF,FW",Groningen,25-176,1999,5.7,1,7,3,42.9,1.22,0.52,0.14,0.33,17.9,0,0,0,1.1,1.1,0.16,-0.1,-0.1,Matches
300,Julien Mesbahi,ma MAR,FW,Twente,19-094,2006,0.0,0,0,0,,0.00,0.00,,,,0,0,0,0.0,0.0,,0.0,0.0,Matches
Rk,Player,Nation,Pos,Squad,Age,Born,90s,Gls,Sh,SoT,SoT%,Sh/90,SoT/90,G/Sh,G/SoT,Dist,FK,PK,PKatt,xG,npxG,npxG/Sh,G-xG,np:G-xG,Matches
301,Ivan Mesík,sk SVK,DF,Heracles Almelo,23-338,2001,29.3,0,15,1,6.7,0.51,0.03,0.00,0.00,13.7,0,0,0,0.8,0.8,0.05,-0.8,-0.8,Matches
302,Metinho,br BRA,MF,Sparta R'dam,22-012,2003,4.0,0,4,1,25.0,1.00,0.25,0.00,0.00,18.0,0,0,0,0.3,0.3,0.07,-0.3,-0.3,Matches
303,Edouard Michut,fr FRA,"MF,FW",Fortuna Sittard,22-062,2003,9.5,1,11,3,27.3,1.15,0.31,0.09,0.33,16.3,0,0,0,1.6,1.6,0.14,-0.6,-0.6,Matches
304,Sven Mijnans,nl NED,"MF,FW",AZ Alkmaar,25-057,2000,22.0,4,58,23,39.7,2.64,1.05,0.07,0.17,16.8,4,0,0,6.0,6.0,0.10,-2.0,-2.0,Matches
305,Antoni Milambo,nl NED,MF,Feyenoord,20-032,2005,20.1,3,32,8,25.0,1.59,0.40,0.09,0.38,20.6,0,0,0,1.9,1.9,0.06,+1.1,+1.1,Matches
306,Lorenzo Milani,it ITA,DF,Heracles Almelo,23-348,2001,3.1,0,3,0,0.0,0.98,0.00,0.00,,21.6,0,0,0,0.1,0.1,0.02,-0.1,-0.1,Matches
307,Mateja Milovanovic,rs SRB,DF,Heerenveen,21-017,2004,0.2,0,0,0,,0.00,0.00,,,,0,0,0,0.0,0.0,,0.0,0.0,Matches
308,David Min,nl NED,FW,Utrecht,25-316,1999,13.1,3,31,9,29.0,2.36,0.69,0.10,0.33,14.7,1,0,0,3.3,3.3,0.11,-0.3,-0.3,Matches
309,Damon Mirani,nl NED,DF,Heracles Almelo,28-357,1996,30.5,2,21,5,23.8,0.69,0.16,0.10,0.40,11.2,0,0,0,1.6,1.6,0.08,+0.4,+0.4,Matches
310,Jeyland Mitchell,cr CRC,DF,Feyenoord,20-218,2004,0.2,0,2,1,50.0,12.00,6.00,0.00,0.00,10.0,0,0,0,0.4,0.4,0.20,-0.4,-0.4,Matches
311,Shunsuke Mito,jp JPN,FW,Sparta R'dam,22-219,2002,15.7,5,44,17,38.6,2.81,1.08,0.11,0.29,16.1,0,0,0,5.1,5.1,0.12,-0.1,-0.1,Matches
312,Josip Mitrović,hr CRO,"DF,MF",Fortuna Sittard,24-328,2000,9.1,2,8,3,37.5,0.88,0.33,0.25,0.67,10.5,0,0,0,1.4,1.4,0.18,+0.6,+0.6,Matches
313,Jakub Moder,pl POL,MF,Feyenoord,26-028,1999,10.3,3,13,5,38.5,1.26,0.49,0.08,0.20,17.8,0,2,2,2.6,1.0,0.08,+0.4,0.0,Matches
314,Jorthy Mokio,be BEL,"MF,DF",Ajax,17-065,2008,4.4,1,7,1,14.3,1.61,0.23,0.14,1.00,18.1,0,0,0,0.9,0.9,0.13,+0.1,+0.1,Matches
315,Lars Mol,nl NED,MF,NAC Breda,20-232,2004,2.6,0,6,2,33.3,2.33,0.78,0.00,0.00,13.1,0,0,0,0.7,0.7,0.11,-0.7,-0.7,Matches
316,Jamiro Monteiro,cv CPV,MF,Zwolle,31-163,1993,21.2,2,17,7,41.2,0.80,0.33,0.12,0.29,20.6,3,0,0,2.5,2.5,0.14,-0.5,-0.5,Matches
317,Alex Mortensen,se SWE,"FW,MF",Groningen,22-296,2002,0.1,0,0,0,,0.00,0.00,,,,0,0,0,0.0,0.0,,0.0,0.0,Matches
318,David Møller Wolfe,no NOR,DF,AZ Alkmaar,23-012,2002,24.8,1,13,3,23.1,0.52,0.12,0.08,0.33,17.7,0,0,0,1.0,1.0,0.09,0.0,0.0,Matches
319,Chris Nadje,fr FRA,MF,Feyenoord,23-264,2001,2.2,0,8,2,25.0,3.69,0.92,0.00,0.00,19.1,0,0,0,0.4,0.4,0.05,-0.4,-0.4,Matches
320,Adamo Nagalo,bf BFA,DF,PSV Eindhoven,22-225,2002,1.9,0,1,0,0.0,0.54,0.00,0.00,,6.1,0,0,0,0.0,0.0,0.04,0.0,0.0,Matches
321,Adi Nalic,ba BIH,"MF,FW",Almere City,27-155,1997,7.7,1,15,4,26.7,1.94,0.52,0.07,0.25,18.5,0,0,0,1.0,1.0,0.07,0.0,0.0,Matches
322,Younes Namli,dk DEN,"FW,MF",Zwolle,30-319,1994,9.6,1,30,11,36.7,3.13,1.15,0.03,0.09,21.7,0,0,0,1.7,1.7,0.06,-0.7,-0.7,Matches
323,Mohamed Nassoh,nl NED,FW,Sparta R'dam,22-099,2003,15.8,2,33,14,42.4,2.09,0.88,0.06,0.14,20.7,0,0,0,2.1,2.1,0.06,-0.1,-0.1,Matches
324,Gerrit Nauber,de GER,DF,Go Ahead Eag,33-022,1992,26.7,2,14,3,21.4,0.52,0.11,0.14,0.67,10.5,0,0,0,1.6,1.6,0.11,+0.4,+0.4,Matches
325,Camiel Neghli,nl NED,FW,Sparta R'dam,23-180,2001,15.4,5,33,17,51.5,2.15,1.11,0.15,0.29,21.0,3,0,0,3.2,3.2,0.10,+1.8,+1.8,Matches
Rk,Player,Nation,Pos,Squad,Age,Born,90s,Gls,Sh,SoT,SoT%,Sh/90,SoT/90,G/Sh,G/SoT,Dist,FK,PK,PKatt,xG,npxG,npxG/Sh,G-xG,np:G-xG,Matches
326,Ion Nicolaescu,md MDA,FW,Heerenveen,26-240,1998,13.2,7,33,15,45.5,2.50,1.14,0.15,0.33,14.9,0,2,2,5.9,4.3,0.13,+1.1,+0.7,Matches
327,Reuven Niemeijer,nl NED,"MF,DF",RKC Waalwijk,30-039,1995,2.5,0,6,2,33.3,2.37,0.79,0.00,0.00,19.1,0,0,0,0.3,0.3,0.05,-0.3,-0.3,Matches
328,Bart Nieuwkoop,nl NED,"DF,MF",Feyenoord,29-059,1996,5.2,0,4,4,100.0,0.77,0.77,0.00,0.00,14.2,0,0,0,0.7,0.7,0.18,-0.7,-0.7,Matches
329,Olivier de Nijs,nl NED,"MF,FW",Almere City,20-177,2004,0.3,0,1,0,0.0,2.90,0.00,0.00,,11.1,0,0,0,0.2,0.2,0.23,-0.2,-0.2,Matches
330,Rob Nizet,be BEL,DF,Willem II,23-021,2002,7.6,0,4,1,25.0,0.53,0.13,0.00,0.00,19.4,0,0,0,0.1,0.1,0.03,-0.1,-0.1,Matches
331,Kristian Nökkvi Hlynsson,is ISL,MF,Sparta R'dam,21-102,2004,10.5,1,22,8,36.4,2.09,0.76,0.05,0.13,18.3,1,0,0,2.0,2.0,0.09,-1.0,-1.0,Matches
332,Kristian Nökkvi Hlynsson,is ISL,"MF,FW",Ajax,21-102,2004,2.1,1,4,3,75.0,1.94,1.45,0.25,0.33,17.4,0,0,0,0.6,0.6,0.15,+0.4,+0.4,Matches
333,Andries Noppert,nl NED,GK,Heerenveen,31-028,1994,13.0,0,0,0,,0.00,0.00,,,,0,0,0,0.0,0.0,,0.0,0.0,Matches
334,Ché Nunnely,nl NED,"FW,MF",Heerenveen,26-090,1999,2.9,0,2,0,0.0,0.70,0.00,0.00,,18.7,0,0,0,0.1,0.1,0.05,-0.1,-0.1,Matches
335,Bram Nuytinck,nl NED,DF,NEC Nijmegen,35-001,1990,18.8,1,13,4,30.8,0.69,0.21,0.08,0.25,9.2,0,0,0,1.1,1.1,0.09,-0.1,-0.1,Matches
336,Armando Obispo,nl NED,DF,PSV Eindhoven,26-061,1999,4.3,1,4,3,75.0,0.92,0.69,0.25,0.33,8.2,0,0,0,0.4,0.4,0.11,+0.6,+0.6,Matches
337,Koki Ogawa,jp JPN,FW,NEC Nijmegen,27-270,1997,17.8,7,51,16,31.4,2.87,0.90,0.12,0.38,13.0,0,1,1,8.7,8.0,0.16,-1.7,-2.0,Matches
338,Noah Ohio,nl NED,FW,Utrecht,22-109,2003,6.9,5,20,10,50.0,2.89,1.45,0.20,0.40,16.7,0,1,1,4.5,3.7,0.18,+0.5,+0.3,Matches
339,Lars Olden Larsen,no NOR,"MF,FW",NEC Nijmegen,26-230,1998,3.0,0,6,0,0.0,2.02,0.00,0.00,,15.6,0,0,0,0.5,0.5,0.08,-0.5,-0.5,Matches
340,Fredrik Oldrup Jensen,no NOR,MF,NAC Breda,31-352,1993,13.0,0,10,2,20.0,0.77,0.15,0.00,0.00,14.3,0,0,0,0.9,0.9,0.09,-0.9,-0.9,Matches
341,Nick Olij,nl NED,GK,Sparta R'dam,29-277,1995,31.0,0,0,0,,0.00,0.00,,,,0,0,0,0.0,0.0,,0.0,0.0,Matches
342,Lucas Oliveira Rosa,br BRA,DF,Ajax,25-032,2000,2.1,0,0,0,,0.00,0.00,,,,0,0,0,0.0,0.0,,0.0,0.0,Matches
343,Simon Olsson,se SWE,MF,Heerenveen,27-233,1997,8.7,1,12,5,41.7,1.37,0.57,0.08,0.20,21.3,0,0,0,0.7,0.7,0.06,+0.3,+0.3,Matches
344,Basar Onal,tr TUR,"FW,MF",NEC Nijmegen,20-303,2004,14.4,0,25,8,32.0,1.73,0.55,0.00,0.00,20.9,0,0,0,2.3,2.3,0.09,-2.3,-2.3,Matches
345,Diego van Oorschot,nl NED,"MF,FW",Heracles Almelo,19-215,2005,0.3,0,0,0,,0.00,0.00,,,,0,0,0,0.0,0.0,,0.0,0.0,Matches
346,Thijs Oosting,nl NED,"FW,MF",Groningen,25-003,2000,8.7,1,13,6,46.2,1.49,0.69,0.08,0.17,15.9,0,0,0,1.1,1.1,0.08,-0.1,-0.1,Matches
347,Fredrik Oppegard,no NOR,DF,PSV Eindhoven,22-271,2002,3.1,0,3,1,33.3,0.98,0.33,0.00,0.00,16.7,0,0,0,0.3,0.3,0.09,-0.3,-0.3,Matches
348,Yanick van Osch,nl NED,GK,RKC Waalwijk,28-042,1997,3.0,0,0,0,,0.00,0.00,,,,0,0,0,0.0,0.0,,0.0,0.0,Matches
349,Ibrahim Osman,gh GHA,"FW,MF",Feyenoord,20-157,2004,8.7,3,19,6,31.6,2.19,0.69,0.16,0.50,14.6,0,0,0,2.0,2.0,0.10,+1.0,+1.0,Matches
350,Sami Ouaissa,nl NED,"MF,FW",NEC Nijmegen,20-215,2004,17.5,6,28,11,39.3,1.60,0.63,0.21,0.55,15.0,2,0,0,3.6,3.6,0.13,+2.4,+2.4,Matches
Rk,Player,Nation,Pos,Squad,Age,Born,90s,Gls,Sh,SoT,SoT%,Sh/90,SoT/90,G/Sh,G/SoT,Dist,FK,PK,PKatt,xG,npxG,npxG/Sh,G-xG,np:G-xG,Matches
351,Ayoub Oufkir,nl NED,"FW,DF",Sparta R'dam,19-121,2006,0.5,0,1,0,0.0,1.87,0.00,0.00,,12.1,0,0,0,0.1,0.1,0.07,-0.1,-0.1,Matches
352,Yassin Oukili,nl NED,MF,RKC Waalwijk,24-122,2001,21.6,3,37,10,27.0,1.71,0.46,0.08,0.30,18.8,2,0,0,3.6,3.6,0.10,-0.6,-0.6,Matches
353,Thomas Ouwejan,nl NED,"DF,MF",NEC Nijmegen,28-217,1996,17.9,2,27,7,25.9,1.51,0.39,0.04,0.14,25.2,5,1,1,1.9,1.1,0.04,+0.1,-0.1,Matches
354,Rome-Jayden Owusu-Oduro,nl NED,GK,AZ Alkmaar,20-307,2004,25.0,0,0,0,,0.00,0.00,,,,0,0,0,0.0,0.0,,0.0,0.0,Matches
355,Igor Paixão,br BRA,"FW,MF",Feyenoord,24-311,2000,29.0,14,87,39,44.8,3.00,1.34,0.16,0.36,19.0,5,0,0,8.8,8.8,0.10,+5.2,+5.2,Matches
356,Troy Parrott,ie IRL,FW,AZ Alkmaar,23-090,2002,24.2,14,66,30,45.5,2.73,1.24,0.18,0.40,13.5,0,2,2,14.9,13.5,0.21,-0.9,-1.5,Matches
357,Remko Pasveer,nl NED,GK,Ajax,41-178,1983,21.0,0,0,0,,0.00,0.00,,,,0,0,0,0.0,0.0,,0.0,0.0,Matches
358,Raul Paula,de GER,"FW,MF",NAC Breda,21-100,2004,7.2,0,11,3,27.3,1.53,0.42,0.00,0.00,20.0,0,0,0,0.9,0.9,0.08,-0.9,-0.9,Matches
359,Marcus Pedersen,no NOR,MF,Feyenoord,24-293,2000,0.1,0,0,0,,0.00,0.00,,,,0,0,0,0.0,0.0,,0.0,0.0,Matches
360,Marvin Peersman,be BEL,DF,Groningen,34-084,1991,19.0,0,4,0,0.0,0.21,0.00,0.00,,10.7,0,0,0,0.2,0.2,0.05,-0.2,-0.2,Matches
361,Joey Pelupessy,id IDN,"MF,DF",Groningen,31-355,1993,3.3,0,1,0,0.0,0.30,0.00,0.00,,34.3,0,0,0,0.0,0.0,0.01,0.0,0.0,Matches
362,Alexandre Penetra,pt POR,DF,AZ Alkmaar,23-238,2001,25.8,0,13,4,30.8,0.50,0.15,0.00,0.00,12.1,0,0,0,1.0,1.0,0.08,-1.0,-1.0,Matches
363,Ricardo Pepi,us USA,FW,PSV Eindhoven,22-116,2003,7.7,11,34,17,50.0,4.42,2.21,0.32,0.65,12.0,0,0,0,5.9,5.9,0.17,+5.1,+5.1,Matches
364,Brayann Pereira,fr FRA,DF,NEC Nijmegen,21-349,2003,20.5,1,6,2,33.3,0.29,0.10,0.17,0.50,24.2,0,0,0,0.2,0.2,0.03,+0.8,+0.8,Matches
365,Lucas Pérez,es ESP,"FW,MF",PSV Eindhoven,36-237,1988,0.2,0,1,0,0.0,5.00,0.00,0.00,,12.8,0,0,0,0.1,0.1,0.07,-0.1,-0.1,Matches
366,Ivan Perišić,hr CRO,FW,PSV Eindhoven,36-092,1989,17.5,7,32,14,43.8,1.83,0.80,0.22,0.50,14.6,0,0,0,4.1,4.1,0.13,+2.9,+2.9,Matches
367,Kristoffer Peterson,se SWE,"FW,MF",Fortuna Sittard,30-158,1994,18.3,7,39,9,23.1,2.13,0.49,0.10,0.44,19.3,2,3,3,5.4,3.1,0.08,+1.6,+0.9,Matches
368,Hristiyan Petrov,bg BUL,DF,Heerenveen,22-315,2002,1.1,0,1,1,100.0,0.90,0.90,0.00,0.00,13.6,0,0,0,0.0,0.0,0.03,0.0,0.0,Matches
369,Oscar Pettersson,se SWE,"FW,MF",Go Ahead Eag,25-093,2000,1.5,0,1,0,0.0,0.69,0.00,0.00,,23.9,0,0,0,0.0,0.0,0.02,0.0,0.0,Matches
370,Ivo Pinto,pt POR,DF,Fortuna Sittard,35-118,1990,25.5,0,5,1,20.0,0.20,0.04,0.00,0.00,22.6,0,0,0,0.2,0.2,0.05,-0.2,-0.2,Matches
371,Miodrag Pivas,rs SRB,"DF,MF",Willem II,19-353,2005,0.3,0,0,0,,0.00,0.00,,,,0,0,0,0.0,0.0,,0.0,0.0,Matches
372,Luca Plogmann,de GER,GK,Go Ahead Eag,25-056,2000,17.0,0,0,0,,0.00,0.00,,,,0,0,0,0.0,0.0,,0.0,0.0,Matches
373,Suf Podgoreanu,il ISR,"FW,MF",Heracles Almelo,23-105,2002,23.0,1,36,7,19.4,1.57,0.30,0.03,0.14,16.5,0,0,0,2.9,2.9,0.08,-1.9,-1.9,Matches
374,Emanuel Poku,nl NED,FW,Almere City,19-290,2005,1.4,0,2,1,50.0,1.46,0.73,0.00,0.00,14.7,0,0,0,0.3,0.3,0.17,-0.3,-0.3,Matches
375,Ernest Poku,nl NED,FW,AZ Alkmaar,21-097,2004,14.3,1,23,9,39.1,1.60,0.63,0.04,0.11,17.1,0,0,0,2.2,2.2,0.10,-1.2,-1.2,Matches
Rk,Player,Nation,Pos,Squad,Age,Born,90s,Gls,Sh,SoT,SoT%,Sh/90,SoT/90,G/Sh,G/SoT,Dist,FK,PK,PKatt,xG,npxG,npxG/Sh,G-xG,np:G-xG,Matches
376,Romano Postema,nl NED,"FW,MF",Groningen,23-087,2002,12.1,2,18,7,38.9,1.48,0.58,0.06,0.14,12.6,0,1,1,3.4,2.6,0.17,-1.4,-1.6,Matches
377,Wouter Prins,nl NED,DF,Groningen,21-088,2004,16.6,1,7,3,42.9,0.42,0.18,0.14,0.33,17.4,0,0,0,0.6,0.6,0.08,+0.4,+0.4,Matches
378,Dirk Proper,nl NED,MF,NEC Nijmegen,23-070,2002,24.0,0,17,4,23.5,0.71,0.17,0.00,0.00,17.2,0,0,0,1.4,1.4,0.08,-1.4,-1.4,Matches
379,Ruben Providence,ht HAI,"FW,MF",Almere City,23-302,2001,5.5,0,7,2,28.6,1.26,0.36,0.00,0.00,16.0,0,0,0,0.6,0.6,0.09,-0.6,-0.6,Matches
380,Jeffry Puriel,bq BOE,FW,Almere City,22-170,2002,0.3,0,0,0,,0.00,0.00,,,,0,0,0,0.0,0.0,,0.0,0.0,Matches
381,Teo Quintero,ve VEN,DF,Sparta R'dam,26-064,1999,6.4,1,5,1,20.0,0.79,0.16,0.20,1.00,15.0,0,0,0,0.3,0.3,0.06,+0.7,+0.7,Matches
382,Bojan Radulovic,rs SRB,FW,Fortuna Sittard,25-127,1999,3.4,0,7,1,14.3,2.03,0.29,0.00,0.00,9.7,0,0,0,1.0,1.0,0.14,-1.0,-1.0,Matches
383,Dimitris Rallis,nl NED,FW,Heerenveen,20-040,2005,9.6,2,19,4,21.1,1.98,0.42,0.11,0.50,18.5,0,0,0,2.3,2.3,0.12,-0.3,-0.3,Matches
384,Diant Ramaj,de GER,GK,Ajax,23-228,2001,1.0,0,0,0,,0.00,0.00,,,,0,0,0,0.0,0.0,,0.0,0.0,Matches
385,Christian Rasmussen,dk DEN,FW,Ajax,22-106,2003,2.4,1,7,2,28.6,2.88,0.82,0.14,0.50,13.9,0,0,0,0.9,0.9,0.13,+0.1,+0.1,Matches
386,Khaled Razak,nl NED,FW,Willem II,19-143,2005,0.1,0,0,0,,0.00,0.00,,,,0,0,0,0.0,0.0,,0.0,0.0,Matches
387,Givairo Read,nl NED,DF,Feyenoord,18-337,2006,19.0,1,9,3,33.3,0.47,0.16,0.11,0.33,17.5,0,0,0,0.8,0.8,0.09,+0.2,+0.2,Matches
388,Tim Receveur,nl NED,MF,Almere City,33-279,1991,1.0,0,0,0,,0.00,0.00,,,,0,0,0,0.0,0.0,,0.0,0.0,Matches
389,Zepiqueno Redmond,nl NED,FW,Feyenoord,18-317,2006,1.8,0,2,1,50.0,1.14,0.57,0.00,0.00,14.1,0,0,0,0.1,0.1,0.04,-0.1,-0.1,Matches
390,Youri Regeer,nl NED,MF,Ajax,21-260,2003,0.3,1,4,1,25.0,14.40,3.60,0.25,1.00,17.2,0,0,0,0.8,0.8,0.19,+0.2,+0.2,Matches
391,Youri Regeer,nl NED,MF,Twente,21-260,2003,14.9,0,14,4,28.6,0.94,0.27,0.00,0.00,21.4,0,0,0,0.7,0.7,0.05,-0.7,-0.7,Matches
392,Eliano Reijnders,id IDN,DF,Zwolle,24-194,2000,10.4,0,8,2,25.0,0.77,0.19,0.00,0.00,23.8,0,0,0,0.2,0.2,0.03,-0.2,-0.2,Matches
393,Boyd Reith,nl NED,DF,Sparta R'dam,25-334,1999,9.7,0,3,2,66.7,0.31,0.21,0.00,0.00,18.8,0,0,0,0.2,0.2,0.05,-0.2,-0.2,Matches
394,Devyne Rensch,nl NED,DF,Ajax,22-107,2003,12.4,1,15,5,33.3,1.21,0.40,0.07,0.20,17.6,0,0,0,1.2,1.2,0.08,-0.2,-0.2,Matches
395,Marco Rente,de GER,DF,Groningen,28-069,1997,26.0,2,13,4,30.8,0.50,0.15,0.15,0.50,13.1,0,0,0,1.1,1.1,0.09,+0.9,+0.9,Matches
396,Stije Resink,nl NED,MF,Almere City,21-342,2003,2.6,0,2,1,50.0,0.76,0.38,0.00,0.00,19.1,0,0,0,0.1,0.1,0.03,-0.1,-0.1,Matches
397,Stije Resink,nl NED,MF,Groningen,21-342,2003,20.7,5,33,15,45.5,1.60,0.73,0.15,0.33,20.6,0,0,0,2.3,2.3,0.07,+2.7,+2.7,Matches
398,Milan Robberechts,be BEL,MF,Fortuna Sittard,21-062,2004,0.1,0,0,0,,0.00,0.00,,,,0,0,0,0.0,0.0,,0.0,0.0,Matches
399,Thomas Robinet,fr FRA,"MF,FW",Almere City,28-260,1996,27.1,1,44,12,27.3,1.62,0.44,0.02,0.08,13.6,0,0,0,4.6,4.6,0.10,-3.6,-3.6,Matches
400,Miguel Rodríguez,es ESP,"FW,MF",Utrecht,22-006,2003,12.1,7,49,17,34.7,4.06,1.41,0.14,0.41,18.8,2,0,0,3.8,3.8,0.08,+3.2,+3.2,Matches
Rk,Player,Nation,Pos,Squad,Age,Born,90s,Gls,Sh,SoT,SoT%,Sh/90,SoT/90,G/Sh,G/SoT,Dist,FK,PK,PKatt,xG,npxG,npxG/Sh,G-xG,np:G-xG,Matches
401,Robin Roefs,nl NED,GK,NEC Nijmegen,22-108,2003,29.0,0,0,0,,0.00,0.00,,,,0,0,0,0.0,0.0,,0.0,0.0,Matches
402,Godfried Roemeratoe,cw CUW,MF,RKC Waalwijk,25-259,1999,16.3,1,8,1,12.5,0.49,0.06,0.13,1.00,23.4,0,0,0,0.7,0.7,0.09,+0.3,+0.3,Matches
403,Ole Romeny,id IDN,FW,Utrecht,24-319,2000,8.1,2,10,5,50.0,1.24,0.62,0.20,0.40,10.4,0,0,0,1.8,1.8,0.19,+0.2,+0.2,Matches
404,Bart van Rooij,nl NED,DF,Twente,23-344,2001,28.7,1,18,5,27.8,0.63,0.17,0.06,0.20,20.2,0,0,0,0.9,0.9,0.05,+0.1,+0.1,Matches
405,Bart van Rooij,nl NED,DF,NEC Nijmegen,23-344,2001,2.0,0,1,0,0.0,0.51,0.00,0.00,,30.0,0,0,0,0.0,0.0,0.02,0.0,0.0,Matches
406,Kaj de Rooij,nl NED,"FW,MF",Zwolle,24-161,2000,3.2,2,3,2,66.7,0.95,0.63,0.67,1.00,15.6,0,0,0,0.3,0.3,0.10,+1.7,+1.7,Matches
407,Ruben Roosken,nl NED,DF,Heracles Almelo,25-064,2000,13.6,1,7,1,14.3,0.52,0.07,0.14,1.00,24.9,0,0,0,0.2,0.2,0.02,+0.8,+0.8,Matches
408,Loreintz Rosier,fr FRA,"MF,DF",Fortuna Sittard,26-264,1998,21.9,3,20,5,25.0,0.91,0.23,0.15,0.60,17.2,0,0,0,1.5,1.5,0.07,+1.5,+1.5,Matches
409,Daan Rots,nl NED,FW,Twente,23-284,2001,22.4,2,46,16,34.8,2.06,0.71,0.04,0.13,19.3,1,0,0,4.3,4.3,0.09,-2.3,-2.3,Matches
410,Mats Rots,nl NED,DF,Heracles Almelo,19-055,2006,11.6,1,14,2,14.3,1.20,0.17,0.07,0.50,20.4,0,0,0,0.9,0.9,0.06,+0.1,+0.1,Matches
411,Manu Royo,es ESP,DF,NAC Breda,31-066,1994,1.2,0,2,0,0.0,1.70,0.00,0.00,,27.8,0,0,0,0.0,0.0,0.02,0.0,0.0,Matches
412,Daniele Rugani,it ITA,DF,Ajax,30-280,1994,7.2,0,4,0,0.0,0.55,0.00,0.00,,12.3,0,0,0,0.2,0.2,0.04,-0.2,-0.2,Matches
413,Pim Saathof,nl NED,DF,Go Ahead Eag,21-128,2003,0.9,0,0,0,,0.00,0.00,,,,0,0,0,0.0,0.0,,0.0,0.0,Matches
414,Michal Sadílek,cz CZE,"MF,DF",Twente,25-339,1999,15.1,2,5,2,40.0,0.33,0.13,0.40,1.00,16.5,0,0,0,0.4,0.4,0.08,+1.6,+1.6,Matches
415,Ibrahim Sadiq,gh GHA,FW,AZ Alkmaar,24-363,2000,10.2,6,26,12,46.2,2.55,1.18,0.23,0.50,17.9,0,0,0,2.8,2.8,0.11,+3.2,+3.2,Matches
416,Danilo Al Saed,iq IRQ,"MF,FW",Heerenveen,26-070,1999,2.2,0,1,1,100.0,0.45,0.45,0.00,0.00,16.3,0,0,0,0.0,0.0,0.02,0.0,0.0,Matches
417,Ismael Saibari,ma MAR,MF,PSV Eindhoven,24-097,2001,17.7,9,77,32,41.6,4.35,1.81,0.12,0.28,16.5,0,0,0,9.8,9.8,0.13,-0.8,-0.8,Matches
418,Anass Salah-Eddine,nl NED,DF,Twente,23-107,2002,14.2,2,11,6,54.5,0.77,0.42,0.18,0.33,20.7,0,0,0,0.7,0.7,0.06,+1.3,+1.3,Matches
419,Giandro Sambo,cw CUW,"FW,DF",Heracles Almelo,18-250,2006,0.2,0,0,0,,0.00,0.00,,,,0,0,0,0.0,0.0,,0.0,0.0,Matches
420,Philippe Sandler,nl NED,DF,NEC Nijmegen,28-084,1997,12.7,0,5,0,0.0,0.39,0.00,0.00,,19.4,0,0,0,0.2,0.2,0.04,-0.2,-0.2,Matches
421,Cisse Sandra,be BEL,"FW,MF",Willem II,21-140,2003,20.8,4,39,12,30.8,1.87,0.58,0.10,0.33,18.5,0,0,0,3.0,3.0,0.08,+1.0,+1.0,Matches
422,Kodai Sano,jp JPN,"MF,FW",NEC Nijmegen,21-222,2003,18.9,2,27,6,22.2,1.43,0.32,0.07,0.33,21.7,0,0,0,1.4,1.4,0.05,+0.6,+0.6,Matches
423,Leo Sauer,sk SVK,"MF,FW",NAC Breda,19-140,2005,25.4,7,62,17,27.4,2.44,0.67,0.10,0.35,19.1,0,1,1,5.1,4.3,0.07,+1.9,+1.7,Matches
424,Jasper Schendelaar,nl NED,GK,Zwolle,24-245,2000,27.0,0,0,0,,0.00,0.00,,,,0,0,0,0.0,0.0,,0.0,0.0,Matches
425,Tristan Schenkhuizen,nl NED,"MF,FW",Fortuna Sittard,20-297,2004,0.1,0,1,0,0.0,15.00,0.00,0.00,,24.6,0,0,0,0.0,0.0,0.04,0.0,0.0,Matches
Rk,Player,Nation,Pos,Squad,Age,Born,90s,Gls,Sh,SoT,SoT%,Sh/90,SoT/90,G/Sh,G/SoT,Dist,FK,PK,PKatt,xG,npxG,npxG/Sh,G-xG,np:G-xG,Matches
426,Sem Scheperman,nl NED,MF,Heracles Almelo,22-315,2002,17.2,0,9,3,33.3,0.52,0.17,0.00,0.00,14.5,0,0,0,1.0,1.0,0.11,-1.0,-1.0,Matches
427,Lasse Schöne,dk DEN,MF,NEC Nijmegen,38-343,1986,3.1,0,2,1,50.0,0.65,0.32,0.00,0.00,31.7,1,0,0,0.1,0.1,0.05,-0.1,-0.1,Matches
428,Erik Schouten,nl NED,DF,Willem II,33-262,1991,14.6,0,4,1,25.0,0.27,0.07,0.00,0.00,9.8,0,0,0,0.4,0.4,0.09,-0.4,-0.4,Matches
429,Jerdy Schouten,nl NED,MF,PSV Eindhoven,28-113,1997,14.4,1,7,4,57.1,0.49,0.28,0.14,0.25,17.2,0,0,0,0.8,0.8,0.12,+0.2,+0.2,Matches
430,Lewis Schouten,nl NED,MF,AZ Alkmaar,21-090,2004,0.0,0,0,0,,0.00,0.00,,,,0,0,0,0.0,0.0,,0.0,0.0,Matches
431,Jorg Schreuders,nl NED,"MF,FW",Groningen,20-238,2004,18.7,5,14,8,57.1,0.75,0.43,0.36,0.63,18.1,0,0,0,2.1,2.1,0.15,+2.9,+2.9,Matches
432,Ilias Sebaoui,be BEL,"FW,MF",Heerenveen,23-213,2001,20.8,3,67,15,22.4,3.22,0.72,0.04,0.20,19.0,0,0,0,4.8,4.8,0.07,-1.8,-1.8,Matches
433,Mats Seuntjens,nl NED,"FW,MF",Groningen,33-018,1992,7.3,2,9,6,66.7,1.24,0.83,0.11,0.17,24.4,1,1,1,1.6,0.9,0.09,+0.4,+0.1,Matches
434,Kento Shiogai,jp JPN,FW,NEC Nijmegen,20-040,2005,5.5,4,22,6,27.3,4.02,1.10,0.18,0.67,10.4,0,0,0,3.8,3.8,0.17,+0.2,+0.2,Matches
435,Kaj Sierhuis,nl NED,FW,Fortuna Sittard,27-008,1998,4.4,0,4,0,0.0,0.90,0.00,0.00,,13.5,0,0,0,0.5,0.5,0.12,-0.5,-0.5,Matches
436,Oskar Siira Sivertsen,no NOR,FW,Go Ahead Eag,21-079,2004,0.6,0,1,1,100.0,1.64,1.64,0.00,0.00,18.4,0,0,0,0.1,0.1,0.10,-0.1,-0.1,Matches
437,Daley Sinkgraven,nl NED,"MF,FW",Fortuna Sittard,29-305,1995,0.9,0,0,0,,0.00,0.00,,,,0,0,0,0.0,0.0,,0.0,0.0,Matches
438,Aymen Sliti,nl NED,"FW,MF",Feyenoord,19-042,2006,0.5,1,3,3,100.0,6.14,6.14,0.33,0.33,9.1,0,0,0,0.4,0.4,0.12,+0.6,+0.6,Matches
439,Gijs Smal,nl NED,"DF,MF",Feyenoord,27-247,1997,13.0,0,9,3,33.3,0.69,0.23,0.00,0.00,19.1,0,0,0,0.5,0.5,0.05,-0.5,-0.5,Matches
440,Levi Smans,nl NED,"MF,FW",Heerenveen,21-041,2004,22.5,3,39,18,46.2,1.73,0.80,0.08,0.17,18.7,2,0,0,3.9,3.9,0.10,-0.9,-0.9,Matches
441,Kees Smit,nl NED,"MF,FW",AZ Alkmaar,19-105,2006,8.8,0,17,3,17.6,1.93,0.34,0.00,0.00,20.0,0,0,0,0.7,0.7,0.04,-0.7,-0.7,Matches
442,Milan Smit,nl NED,"FW,MF",Go Ahead Eag,22-081,2003,8.5,3,23,9,39.1,2.70,1.05,0.13,0.33,15.0,0,0,0,2.4,2.4,0.11,+0.6,+0.6,Matches
443,Kamal Sowah,gh GHA,"MF,FW",NAC Breda,25-116,2000,6.8,0,10,1,10.0,1.47,0.15,0.00,0.00,15.4,0,0,0,0.9,0.9,0.09,-0.9,-0.9,Matches
444,Mark Spenkelink,nl NED,GK,RKC Waalwijk,28-098,1997,1.0,0,0,0,,0.00,0.00,,,,0,0,0,0.0,0.0,,0.0,0.0,Matches
445,Tommy St. Jago,nl NED,DF,Willem II,25-122,2000,30.0,0,10,2,20.0,0.33,0.07,0.00,0.00,16.3,0,0,0,0.6,0.6,0.06,-0.6,-0.6,Matches
446,Finn Stam,nl NED,DF,Groningen,22-022,2003,9.0,0,3,0,0.0,0.33,0.00,0.00,,27.1,0,0,0,0.1,0.1,0.02,-0.1,-0.1,Matches
447,Casper Staring,nl NED,MF,NAC Breda,24-093,2001,6.0,0,1,0,0.0,0.17,0.00,0.00,,8.7,0,0,0,0.1,0.1,0.08,-0.1,-0.1,Matches
448,Sem Steijn,nl NED,MF,Twente,23-169,2001,27.7,24,81,33,40.7,2.93,1.19,0.22,0.55,18.0,8,6,6,14.7,10.0,0.12,+9.3,+8.0,Matches
449,Calvin Stengs,nl NED,"MF,FW",Feyenoord,26-138,1998,5.9,1,10,3,30.0,1.70,0.51,0.10,0.33,19.2,1,0,0,1.0,1.0,0.10,0.0,0.0,Matches
450,Sean Steur,nl NED,MF,Ajax,17-114,2008,0.1,0,0,0,,0.00,0.00,,,,0,0,0,0.0,0.0,,0.0,0.0,Matches
Rk,Player,Nation,Pos,Squad,Age,Born,90s,Gls,Sh,SoT,SoT%,Sh/90,SoT/90,G/Sh,G/SoT,Dist,FK,PK,PKatt,xG,npxG,npxG/Sh,G-xG,np:G-xG,Matches
451,Finn Stokkers,nl NED,FW,Go Ahead Eag,29-017,1996,3.9,2,9,4,44.4,2.32,1.03,0.22,0.50,12.6,0,0,0,2.0,2.0,0.22,0.0,0.0,Matches
452,Mathis Suray,be BEL,"FW,MF",Go Ahead Eag,23-283,2001,13.2,2,24,6,25.0,1.82,0.45,0.08,0.33,22.8,4,0,0,1.3,1.3,0.06,+0.7,+0.7,Matches
453,Josip Šutalo,hr CRO,DF,Ajax,25-066,2000,24.7,2,7,2,28.6,0.28,0.08,0.29,1.00,10.7,0,0,0,0.7,0.7,0.10,+1.3,+1.3,Matches
454,Youssuf Sylla,be BEL,"FW,MF",Willem II,22-137,2002,1.8,0,3,0,0.0,1.67,0.00,0.00,,9.8,0,0,0,0.5,0.5,0.16,-0.5,-0.5,Matches
455,Anas Tahiri,be BEL,MF,Almere City,29-355,1995,17.2,0,5,0,0.0,0.29,0.00,0.00,,24.0,0,0,0,0.2,0.2,0.04,-0.2,-0.2,Matches
456,Benjamin Tahirovic,ba BIH,MF,Ajax,22-063,2003,0.8,0,0,0,,0.00,0.00,,,,0,0,0,0.0,0.0,,0.0,0.0,Matches
457,Juho Talvitie,fi FIN,"FW,MF",Heracles Almelo,20-046,2005,14.4,3,27,9,33.3,1.87,0.62,0.11,0.33,17.5,0,0,0,2.8,2.8,0.10,+0.2,+0.2,Matches
458,Oussama Targhalline,ma MAR,MF,Feyenoord,22-350,2002,2.0,0,1,0,0.0,0.49,0.00,0.00,,26.0,0,0,0,0.0,0.0,0.03,0.0,0.0,Matches
459,Kenneth Taylor,nl NED,"MF,FW",Ajax,22-354,2002,24.4,9,38,16,42.1,1.56,0.66,0.16,0.38,18.4,0,3,3,6.0,3.8,0.10,+3.0,+2.2,Matches
460,Søren Tengstedt,dk DEN,"MF,FW",Go Ahead Eag,24-309,2000,4.7,0,13,1,7.7,2.77,0.21,0.00,0.00,15.9,0,0,0,1.1,1.1,0.08,-1.1,-1.1,Matches
461,Jordan Teze,nl NED,DF,PSV Eindhoven,25-217,1999,0.4,0,0,0,,0.00,0.00,,,,0,0,0,0.0,0.0,,0.0,0.0,Matches
462,Ryan Thomas,nz NZL,MF,Zwolle,30-136,1994,8.0,0,0,0,,0.00,0.00,,,,0,0,0,0.0,0.0,,0.0,0.0,Matches
463,Guus Til,nl NED,MF,PSV Eindhoven,27-134,1997,21.2,10,61,33,54.1,2.87,1.55,0.16,0.30,12.0,0,0,0,10.3,10.3,0.17,-0.3,-0.3,Matches
464,Malik Tillman,us USA,"MF,FW",PSV Eindhoven,22-342,2002,18.3,9,44,19,43.2,2.41,1.04,0.20,0.47,17.5,5,0,0,5.0,5.0,0.11,+4.0,+4.0,Matches
465,Quinten Timber,nl NED,MF,Feyenoord,23-322,2001,15.5,6,35,14,40.0,2.26,0.91,0.11,0.29,23.1,0,2,2,3.3,1.8,0.05,+2.7,+2.2,Matches
466,Mickaël Tirpan,be BEL,DF,Willem II,31-194,1993,21.4,1,7,2,28.6,0.33,0.09,0.14,0.50,18.6,0,0,0,0.6,0.6,0.09,+0.4,+0.4,Matches
467,Jens Toornstra,nl NED,MF,Utrecht,36-031,1989,14.3,1,23,7,30.4,1.61,0.49,0.04,0.14,18.8,3,0,0,2.3,2.3,0.10,-1.3,-1.3,Matches
468,Bertrand Traoré,bf BFA,FW,Ajax,29-241,1995,17.6,6,55,18,32.7,3.13,1.02,0.11,0.33,16.2,4,0,0,7.1,7.1,0.13,-1.1,-1.1,Matches
469,Gernot Trauner,at AUT,DF,Feyenoord,33-041,1992,12.7,0,11,1,9.1,0.87,0.08,0.00,0.00,14.0,0,0,0,0.7,0.7,0.06,-0.7,-0.7,Matches
470,Jacob Trenskow,dk DEN,"FW,MF",Heerenveen,24-160,2000,16.6,6,45,14,31.1,2.71,0.84,0.13,0.43,17.6,1,0,0,3.7,3.7,0.08,+2.3,+2.3,Matches
471,Luka Tunjić,de GER,"FW,MF",Fortuna Sittard,19-167,2005,3.3,1,5,2,40.0,1.51,0.60,0.20,0.50,15.2,1,0,0,0.6,0.6,0.12,+0.4,+0.4,Matches
472,Fofin Turay,nl NED,MF,Groningen,20-332,2004,0.0,0,0,0,,0.00,0.00,,,,0,0,0,0.0,0.0,,0.0,0.0,Matches
473,Calvin Twigt,nl NED,MF,Go Ahead Eag,22-095,2003,5.0,0,2,0,0.0,0.40,0.00,0.00,,20.5,0,0,0,0.0,0.0,0.02,0.0,0.0,Matches
474,Przemysław Tytoń,pl POL,GK,Twente,38-121,1987,2.0,0,0,0,,0.00,0.00,,,,0,0,0,0.0,0.0,,0.0,0.0,Matches
475,Ayase Ueda,jp JPN,FW,Feyenoord,26-237,1998,10.6,6,28,13,46.4,2.63,1.22,0.21,0.46,11.8,0,0,0,5.5,5.5,0.20,+0.5,+0.5,Matches
Rk,Player,Nation,Pos,Squad,Age,Born,90s,Gls,Sh,SoT,SoT%,Sh/90,SoT/90,G/Sh,G/SoT,Dist,FK,PK,PKatt,xG,npxG,npxG/Sh,G-xG,np:G-xG,Matches
476,Lars Unnerstall,de GER,GK,Twente,34-289,1990,29.0,0,0,0,,0.00,0.00,,,,0,0,0,0.0,0.0,,0.0,0.0,Matches
477,Naci Ünüvar,nl NED,FW,Twente,21-326,2003,4.3,0,18,2,11.1,4.15,0.46,0.00,0.00,19.7,0,0,0,1.2,1.2,0.07,-1.2,-1.2,Matches
478,Kyan Vaesen,be BEL,FW,Willem II,24-022,2001,18.4,4,22,10,45.5,1.20,0.54,0.09,0.20,13.4,2,2,2,4.5,2.9,0.13,-0.5,-0.9,Matches
479,Etienne Vaessen,sr SUR,GK,Groningen,29-283,1995,30.0,0,1,0,0.0,0.03,0.00,0.00,,61.5,1,0,0,0.0,0.0,0.01,0.0,0.0,Matches
480,Luciano Valente,it ITA,"MF,FW",Groningen,21-213,2003,27.0,2,46,20,43.5,1.71,0.74,0.04,0.10,20.7,0,0,0,2.9,2.9,0.06,-0.9,-0.9,Matches
481,Cherrion Valerius,cw CUW,DF,NAC Breda,19-225,2005,10.4,0,3,0,0.0,0.29,0.00,0.00,,13.1,0,0,0,0.4,0.4,0.12,-0.4,-0.4,Matches
482,Dave Van Den Berg,nl NED,MF,Zwolle,25-090,2000,22.7,4,44,13,29.5,1.94,0.57,0.09,0.31,21.5,2,0,0,2.5,2.5,0.06,+1.5,+1.5,Matches
483,Jan Van den Bergh,be BEL,DF,NAC Breda,30-215,1994,29.0,2,25,8,32.0,0.86,0.28,0.08,0.25,14.2,0,0,0,2.6,2.6,0.11,-0.6,-0.6,Matches
484,Dario Van den Buijs,be BEL,DF,RKC Waalwijk,29-235,1995,12.3,0,7,3,42.9,0.57,0.24,0.00,0.00,20.1,3,0,0,0.4,0.4,0.05,-0.4,-0.4,Matches
485,Alec Van Hoorenbeeck,be BEL,DF,Twente,26-126,1998,9.9,2,5,2,40.0,0.51,0.20,0.40,1.00,10.7,0,0,0,1.0,1.0,0.21,+1.0,+1.0,Matches
486,Syb Van Ottele,nl NED,"DF,MF",Fortuna Sittard,23-092,2002,17.8,0,16,2,12.5,0.90,0.11,0.00,0.00,22.7,0,0,0,0.5,0.5,0.03,-0.5,-0.5,Matches
487,Joey Veerman,nl NED,MF,PSV Eindhoven,26-167,1998,17.6,1,26,11,42.3,1.47,0.62,0.04,0.09,20.0,1,0,0,2.6,2.6,0.10,-1.6,-1.6,Matches
488,Odysseus Velanas,nl NED,"FW,MF",Zwolle,26-334,1998,12.2,1,22,6,27.3,1.81,0.49,0.05,0.17,16.0,2,0,0,2.7,2.7,0.12,-1.7,-1.7,Matches
489,Apostolos Vellios,gr GRE,FW,Zwolle,33-117,1992,0.1,0,0,0,,0.00,0.00,,,,0,0,0,0.0,0.0,,0.0,0.0,Matches
490,Dylan Vente,nl NED,FW,Zwolle,25-361,1999,28.0,13,43,18,41.9,1.54,0.64,0.23,0.56,15.3,1,3,3,8.8,6.5,0.15,+4.2,+3.5,Matches
491,Calvin Verdonk,id IDN,DF,NEC Nijmegen,28-009,1997,28.7,1,24,5,20.8,0.84,0.17,0.04,0.20,21.3,3,0,0,1.0,1.0,0.04,0.0,0.0,Matches
492,Valentino Vermeulen,nl NED,DF,Willem II,23-289,2001,0.3,0,0,0,,0.00,0.00,,,,0,0,0,0.0,0.0,,0.0,0.0,Matches
493,Arno Verschueren,be BEL,MF,Sparta R'dam,28-027,1997,18.4,1,42,10,23.8,2.28,0.54,0.02,0.10,15.5,1,0,0,3.4,3.4,0.08,-2.4,-2.4,Matches
494,Arno Verschueren,be BEL,"MF,FW",Twente,28-027,1997,3.4,0,9,1,11.1,2.67,0.30,0.00,0.00,18.6,0,0,0,0.7,0.7,0.08,-0.7,-0.7,Matches
495,Dion Versluis,nl NED,FW,NAC Breda,22-077,2003,0.2,0,1,0,0.0,5.00,0.00,0.00,,6.3,0,0,0,0.1,0.1,0.13,-0.1,-0.1,Matches
496,Niklas Vesterlund,dk DEN,DF,Utrecht,25-333,1999,4.8,1,4,1,25.0,0.83,0.21,0.25,1.00,8.2,0,0,0,0.4,0.4,0.10,+0.6,+0.6,Matches
497,Nick Viergever,nl NED,DF,Utrecht,35-275,1989,29.9,3,14,7,50.0,0.47,0.23,0.21,0.43,9.3,0,0,0,3.5,3.5,0.25,-0.5,-0.5,Matches
498,Ricardo Visus,es ESP,DF,Almere City,24-011,2001,19.8,1,11,4,36.4,0.56,0.20,0.09,0.25,12.1,0,0,0,0.6,0.6,0.06,+0.4,+0.4,Matches
499,Michel Vlap,nl NED,"MF,FW",Twente,27-337,1997,24.8,3,45,10,22.2,1.82,0.40,0.07,0.30,19.5,4,0,0,4.0,4.0,0.09,-1.0,-1.0,Matches
500,Patrick Vroegh,nl NED,"DF,MF",RKC Waalwijk,25-157,1999,0.4,0,0,0,,0.00,0.00,,,,0,0,0,0.0,0.0,,0.0,0.0,Matches
Rk,Player,Nation,Pos,Squad,Age,Born,90s,Gls,Sh,SoT,SoT%,Sh/90,SoT/90,G/Sh,G/SoT,Dist,FK,PK,PKatt,xG,npxG,npxG/Sh,G-xG,np:G-xG,Matches
501,Wout Weghorst,nl NED,FW,Ajax,32-271,1992,10.3,8,29,13,44.8,2.82,1.27,0.24,0.54,12.2,0,1,2,6.3,4.2,0.14,+1.7,+2.8,Matches
502,Daouda Weidmann,ci CIV,MF,RKC Waalwijk,22-001,2003,8.8,0,7,0,0.0,0.80,0.00,0.00,,28.2,0,0,0,0.2,0.2,0.03,-0.2,-0.2,Matches
503,Robbin Weijenberg,nl NED,"MF,FW",Go Ahead Eag,20-178,2004,2.0,0,2,0,0.0,1.01,0.00,0.00,,18.3,0,0,0,0.7,0.7,0.37,-0.7,-0.7,Matches
504,Timon Wellenreuther,de GER,GK,Feyenoord,29-153,1995,27.0,0,0,0,,0.00,0.00,,,,0,0,0,0.0,0.0,,0.0,0.0,Matches
505,Jannes Wieckhoff,de GER,DF,Heracles Almelo,24-276,2000,13.6,0,0,0,,0.00,0.00,,,,0,0,0,0.0,0.0,,0.0,0.0,Matches
506,Owen Wijndal,nl NED,DF,Ajax,25-158,1999,2.9,0,1,1,100.0,0.34,0.34,0.00,0.00,16.1,0,0,0,0.1,0.1,0.07,-0.1,-0.1,Matches
507,Jordy de Wijs,nl NED,DF,Heerenveen,30-117,1995,0.8,0,0,0,,0.00,0.00,,,,0,0,0,0.0,0.0,,0.0,0.0,Matches
508,Mees de Wit,nl NED,"DF,FW",AZ Alkmaar,27-018,1998,5.2,1,3,1,33.3,0.58,0.19,0.33,1.00,9.5,0,0,0,0.8,0.8,0.28,+0.2,+0.2,Matches
509,Ricky van Wolfswinkel,nl NED,FW,Twente,36-098,1989,15.1,6,30,16,53.3,1.98,1.06,0.17,0.31,12.5,0,1,1,4.5,3.7,0.12,+1.5,+1.3,Matches
510,Luuk Wouters,nl NED,DF,RKC Waalwijk,25-331,1999,9.0,0,1,0,0.0,0.11,0.00,0.00,,23.7,0,0,0,0.0,0.0,0.03,0.0,0.0,Matches
511,Redouan El Yaakoubi,nl NED,DF,RKC Waalwijk,29-100,1996,4.5,0,1,1,100.0,0.22,0.22,0.00,0.00,7.3,0,0,0,0.0,0.0,0.04,0.0,0.0,Matches
512,Marvin Young,nl NED,DF,Sparta R'dam,19-215,2005,21.1,0,5,1,20.0,0.24,0.05,0.00,0.00,18.8,0,0,0,0.7,0.7,0.13,-0.7,-0.7,Matches
513,Vasilios Zagaritis,gr GRE,DF,Almere City,24-001,2001,30.9,0,13,0,0.0,0.42,0.00,0.00,,21.5,4,0,0,0.7,0.7,0.05,-0.7,-0.7,Matches
514,Jan Žambůrek,cz CZE,MF,Heracles Almelo,24-081,2001,9.5,0,1,0,0.0,0.11,0.00,0.00,,25.2,1,0,0,0.1,0.1,0.09,-0.1,-0.1,Matches
515,Oskar Zawada,pl POL,FW,RKC Waalwijk,29-093,1996,20.7,9,58,30,51.7,2.81,1.45,0.16,0.30,9.8,0,0,0,13.4,13.4,0.23,-4.4,-4.4,Matches
516,Gjivai Zechiël,nl NED,MF,Sparta R'dam,20-338,2004,8.5,1,10,2,20.0,1.18,0.24,0.10,0.50,19.3,0,0,0,0.8,0.8,0.08,+0.2,+0.2,Matches
517,Gjivai Zechiël,nl NED,MF,Feyenoord,20-338,2004,2.9,0,6,1,16.7,2.09,0.35,0.00,0.00,16.5,0,0,0,0.4,0.4,0.07,-0.4,-0.4,Matches
518,Lequincio Zeefuik,nl NED,"FW,DF",AZ Alkmaar,20-160,2004,0.4,0,3,0,0.0,8.44,0.00,0.00,,12.7,0,0,0,0.1,0.1,0.04,-0.1,-0.1,Matches
519,Ramiz Zerrouki,dz ALG,MF,Feyenoord,26-344,1998,12.0,1,7,4,57.1,0.59,0.33,0.14,0.25,17.2,2,0,0,0.8,0.8,0.11,+0.2,+0.2,Matches
520,Jeroen Zoet,nl NED,GK,AZ Alkmaar,34-119,1991,6.0,0,0,0,,0.00,0.00,,,,0,0,0,0.0,0.0,,0.0,0.0,Matches
521,Rúnar Þór Sigurgeirsson,is ISL,"DF,FW",Willem II,25-128,1999,21.4,1,17,2,11.8,0.79,0.09,0.06,0.50,15.3,0,0,0,1.4,1.4,0.09,-0.4,-0.4,Matches
522,Nökkvi Þórisson,is ISL,"FW,MF",Sparta R'dam,25-265,1999,1.4,2,7,3,42.9,4.85,2.08,0.29,0.67,11.3,0,0,0,0.8,0.8,0.12,+1.2,+1.2,Matches
523,Shiloh ’t Zand,nl NED,"FW,MF",Heracles Almelo,21-356,2003,11.2,1,25,13,52.0,2.23,1.16,0.04,0.08,24.4,7,0,0,2.3,2.3,0.09,-1.3,-1.3,Matches
524,Shiloh ’t Zand,nl NED,MF,Feyenoord,21-356,2003,0.5,0,0,0,,0.00,0.00,,,,0,0,0,0.0,0.0,,0.0,0.0,Matches
