Unnamed: 0_level_0,Unnamed: 1_level_0,Unnamed: 2_level_0,Unnamed: 3_level_0,Unnamed: 4_level_0,Unnamed: 5_level_0,Unnamed: 6_level_0,Unnamed: 7_level_0,Performance,Performance,Performance,Performance,Performance,Performance,Performance,Performance,Performance,Performance,Performance,Performance,Performance,Aerial Duels,Aerial Duels,Aerial Duels,Unnamed: 24_level_0
Rk,Player,Nation,Pos,Squad,Age,Born,90s,CrdY,CrdR,2CrdY,Fls,Fld,Off,Crs,Int,TklW,PKwon,PKcon,OG,Recov,Won,Lost,Won%,Matches
1,Liel Abada,il ISR,"FW,MF",Charlotte,23-214,2001,7.3,1,0,0,8,8,1,12,4,5,0,1,0,32,0,8,0.0,Matches
2,Luis Abram,pe PER,DF,Atlanta Utd,29-067,1996,6.8,0,0,0,4,2,0,3,1,2,0,0,0,29,10,8,55.6,Matches
3,Lalas Abubakar,gh GHA,DF,FC Dallas,30-131,1994,2.0,0,0,0,2,2,0,0,5,4,0,0,0,3,2,2,50.0,Matches
4,Kellyn Acosta,us USA,MF,Chicago Fire,29-285,1995,4.3,1,0,0,5,8,1,0,5,2,0,1,0,18,3,1,75.0,Matches
5,Luciano Acosta,ar ARG,MF,FC Dallas,30-339,1994,10.2,4,0,0,15,22,2,52,3,12,1,0,0,35,1,5,16.7,Matches
6,Sam Adekugbe,ca CAN,DF,Vancouver W'caps,30-109,1995,1.9,0,0,0,2,1,0,4,3,1,0,0,0,5,6,4,60.0,Matches
7,Leonardo Afonso,br BRA,FW,Inter Miami,23-296,2001,0.8,1,0,0,3,1,0,0,0,0,0,0,0,1,0,1,0.0,Matches
8,Stephen Afrifa,ca CAN,"FW,MF",Sporting KC,24-075,2001,0.1,0,0,0,1,2,0,0,0,0,1,0,0,0,0,1,0.0,Matches
9,William Agada,ng NGA,FW,Sporting KC,25-230,1999,1.1,0,0,0,5,1,0,0,0,0,0,0,0,3,3,1,75.0,Matches
10,William Agada,ng NGA,FW,Real Salt Lake,25-230,1999,0.8,0,0,0,2,1,0,0,0,0,0,0,0,1,0,3,0.0,Matches
11,Patrick Agyemang,us USA,FW,Charlotte,24-179,2000,8.6,2,0,0,19,26,5,1,1,2,1,0,0,16,9,16,36.0,Matches
12,Ali Ahmed,ca CAN,FW,Vancouver W'caps,24-207,2000,5.9,1,0,0,6,9,1,19,1,7,0,0,0,17,7,6,53.8,Matches
13,Forster Ajago,gh GHA,FW,Real Salt Lake,23-262,2001,2.9,2,0,0,7,4,4,0,0,3,0,0,0,0,3,18,14.3,Matches
14,Jordi Alba,es ESP,DF,Inter Miami,36-045,1989,8.4,3,0,0,6,8,1,32,5,5,0,0,0,39,2,1,66.7,Matches
15,Noah Allen,us USA,DF,Inter Miami,21-007,2004,7.3,1,0,0,4,4,0,2,6,11,0,0,0,30,7,4,63.6,Matches
16,Tadeo Allende,ar ARG,"FW,MF",Inter Miami,26-074,1999,4.5,0,0,0,4,5,6,4,1,1,0,0,0,10,11,5,68.8,Matches
17,Miguel Almirón,py PAR,"FW,MF",Atlanta Utd,31-084,1994,9.9,1,0,0,12,18,4,15,3,8,0,0,0,45,2,1,66.7,Matches
18,Alejandro Alvarado Jr.,us USA,MF,San Diego FC,21-280,2003,2.1,1,0,0,7,4,0,0,5,4,0,0,0,6,0,0,,Matches
19,Fernando Álvarez,co COL,DF,CF Montréal,21-254,2003,4.6,1,0,0,8,5,1,1,6,5,0,0,0,19,17,17,50.0,Matches
20,Pedro Amador,pt POR,DF,Atlanta Utd,26-138,1998,6.7,1,0,0,4,4,2,20,6,1,0,0,0,22,5,5,50.0,Matches
21,Frankie Amaya,us USA,MF,LAFC,24-221,2000,0.2,0,0,0,0,0,0,0,1,1,0,0,0,0,0,0,,Matches
22,Malte Amundsen,dk DEN,DF,Columbus Crew,27-083,1998,7.2,1,1,0,9,3,0,0,7,9,0,0,0,29,8,6,57.1,Matches
23,Tomas Ángel,co COL,"FW,MF",San Diego FC,22-074,2003,3.3,1,0,0,4,2,1,2,1,0,0,0,0,11,2,4,33.3,Matches
24,Iván Angulo,co COL,"FW,MF",Orlando City,26-044,1999,9.4,2,0,0,9,9,0,11,6,10,0,0,0,57,0,6,0.0,Matches
25,Conner Antley,us USA,"DF,MF",D.C. United,30-044,1995,0.8,0,0,0,2,1,0,2,3,0,0,0,0,7,0,1,0.0,Matches
Rk,Player,Nation,Pos,Squad,Age,Born,90s,CrdY,CrdR,2CrdY,Fls,Fld,Off,Crs,Int,TklW,PKwon,PKcon,OG,Recov,Won,Lost,Won%,Matches
26,Antony,br BRA,"FW,MF",Portland Timbers,23-239,2001,9.9,3,0,0,20,14,6,11,6,13,0,1,0,54,2,11,15.4,Matches
27,Brian Anunga,cm CMR,MF,FC Cincinnati,28-268,1996,7.0,1,0,0,6,1,0,1,5,11,0,0,0,43,4,2,66.7,Matches
28,Chris Applewhite,us USA,DF,Nashville SC,17-255,2007,0.2,0,0,0,0,1,0,0,0,0,0,0,0,2,0,1,0.0,Matches
29,Cristian Arango,co COL,"MF,FW",SJ Earthquakes,30-057,1995,10.8,1,0,0,17,18,5,15,5,8,0,0,0,38,16,10,61.5,Matches
30,César Araujo,uy URU,MF,Orlando City,24-033,2001,6.0,1,0,0,10,23,1,0,5,9,0,0,0,29,0,4,0.0,Matches
31,Maximilian Arfsten,us USA,"MF,DF",Columbus Crew,24-016,2001,10.0,3,0,0,15,16,4,21,9,13,0,0,0,44,5,6,45.5,Matches
32,Daniel Armando Ríos,mx MEX,FW,Vancouver W'caps,30-072,1995,4.6,1,0,0,6,2,1,1,2,0,0,0,0,9,5,10,33.3,Matches
33,Paul Arriola,us USA,"FW,DF",Seattle Sounders,30-089,1995,0.8,0,0,0,4,0,1,5,0,0,0,0,0,4,0,1,0.0,Matches
34,Artur,br BRA,MF,Houston Dynamo,29-055,1996,11.0,1,0,0,15,10,0,3,19,13,0,0,0,81,5,3,62.5,Matches
35,Joshua Atencio,us USA,MF,Colorado Rapids,23-094,2002,8.4,0,0,0,6,3,0,4,13,9,0,0,1,66,8,9,47.1,Matches
36,Eduard Atuesta,co COL,MF,Orlando City,27-321,1997,6.8,3,0,0,18,12,1,9,6,7,1,0,0,29,4,6,40.0,Matches
37,Julián Aude,ar ARG,DF,LA Galaxy,22-042,2003,5.6,0,0,0,7,10,0,8,5,4,0,0,0,19,4,5,44.4,Matches
38,Tomás Avilés,ar ARG,"DF,MF",Inter Miami,21-091,2004,4.6,1,1,0,5,0,0,1,7,5,0,0,0,20,1,2,33.3,Matches
39,Chidozie Awaziem,ng NGA,DF,Colorado Rapids,28-124,1997,10.7,3,0,0,13,8,0,0,12,8,0,0,0,56,16,20,44.4,Matches
40,Obafemi Awodesu,us USA,DF,Houston Dynamo,24-030,2001,11.0,2,0,0,12,8,1,0,9,4,0,1,0,44,20,7,74.1,Matches
41,David Ayala,ar ARG,MF,Portland Timbers,22-283,2002,9.5,2,0,0,6,6,0,6,14,20,0,0,0,54,9,6,60.0,Matches
42,Dominique Badji,sn SEN,"FW,MF",D.C. United,32-201,1992,3.6,1,0,0,10,10,0,5,0,2,0,0,0,7,21,22,48.8,Matches
43,Jeevan Badwal,ca CAN,"MF,FW",Vancouver W'caps,19-055,2006,1.4,1,0,0,1,4,0,3,3,4,0,0,0,9,1,4,20.0,Matches
44,Corey Baird,us USA,"FW,MF",FC Cincinnati,29-095,1996,3.3,1,0,0,1,4,1,3,1,4,0,0,0,17,1,4,20.0,Matches
45,Cody Baker,us USA,MF,Seattle Sounders,21-118,2004,0.2,0,0,0,0,0,0,0,0,1,0,0,0,2,0,0,,Matches
46,Reed Baker-Whiting,us USA,"FW,MF",Seattle Sounders,20-035,2005,0.3,0,0,0,1,1,0,1,0,0,0,0,0,2,1,0,100.0,Matches
47,Monsef Bakrar,dz ALG,"FW,MF",NYCFC,24-112,2001,3.2,1,0,0,7,7,0,1,3,4,0,0,0,12,14,10,58.3,Matches
48,Jonathan Bamba,ci CIV,FW,Chicago Fire,29-040,1996,9.6,0,0,0,10,15,4,18,8,3,0,0,0,47,5,4,55.6,Matches
49,Fidel Barajas,mx MEX,FW,D.C. United,19-030,2006,0.2,0,0,0,0,1,0,2,0,1,0,0,0,3,0,0,,Matches
50,Jesús Barea,es ESP,FW,Real Salt Lake,23-007,2002,2.0,0,0,0,2,8,0,0,0,2,0,0,0,4,1,2,33.3,Matches
Rk,Player,Nation,Pos,Squad,Age,Born,90s,CrdY,CrdR,2CrdY,Fls,Fld,Off,Crs,Int,TklW,PKwon,PKcon,OG,Recov,Won,Lost,Won%,Matches
51,Tai Baribo,il ISR,FW,Philadelphia Union,27-110,1998,7.9,2,0,0,10,7,3,0,5,4,0,0,0,30,13,34,27.7,Matches
52,Tom Barlow,us USA,"FW,MF",Chicago Fire,29-301,1995,2.1,1,0,0,5,0,4,0,1,0,0,1,0,4,3,8,27.3,Matches
53,Luis Barraza,us USA,GK,D.C. United,28-178,1996,4.0,2,0,0,0,1,0,0,0,0,0,0,0,11,0,0,,Matches
54,Leonardo Barroso,pt POR,DF,Chicago Fire,19-327,2005,3.0,0,0,0,0,2,0,6,2,5,0,0,0,16,2,5,28.6,Matches
55,Jacob Bartlett,us USA,MF,Sporting KC,19-210,2005,6.5,3,0,0,5,3,0,6,13,4,0,0,0,21,0,5,0.0,Matches
56,Lucas Bartlett,us USA,DF,D.C. United,27-283,1997,10.0,2,0,0,11,5,1,3,16,8,0,0,0,45,33,20,62.3,Matches
57,Ethan Bartlow,us USA,DF,Houston Dynamo,25-092,2000,4.3,1,0,0,5,0,0,5,1,5,0,0,0,12,8,5,61.5,Matches
58,Cole Bassett,us USA,"MF,FW",Colorado Rapids,23-281,2001,9.4,2,0,0,10,3,0,12,1,7,0,0,0,46,14,3,82.4,Matches
59,Sam Bassett,us USA,MF,Colorado Rapids,22-022,2003,0.1,0,0,0,0,0,0,0,1,0,0,0,0,0,0,0,,Matches
60,Amine Bassi,fr FRA,"MF,FW",Houston Dynamo,27-159,1997,10.0,1,0,0,18,22,5,10,7,8,0,0,0,32,3,6,33.3,Matches
61,Zorhan Bassong,ca CAN,MF,Sporting KC,25-363,1999,3.5,0,0,0,5,4,1,1,4,4,0,0,0,11,5,2,71.4,Matches
62,Andy Batioja,co COL,FW,Houston Dynamo,19-094,2006,0.1,0,0,0,0,0,0,1,0,0,0,0,0,0,0,0,,Matches
63,Josh Bauer,us USA,DF,Nashville SC,26-287,1998,2.4,0,0,0,3,1,0,5,4,2,0,0,0,13,6,5,54.5,Matches
64,Timo Baumgartl,de GER,DF,St. Louis,29-062,1996,4.2,0,0,0,5,1,0,0,2,5,0,1,0,13,5,1,83.3,Matches
65,Tanner Beason,us USA,DF,NE Revolution,28-043,1997,4.6,0,0,0,4,0,0,1,5,7,0,0,0,13,8,3,72.7,Matches
66,Adam Beaudry,us USA,GK,Colorado Rapids,19-017,2006,1.0,0,0,0,0,0,0,0,0,0,0,0,0,1,0,0,,Matches
67,Simon Becher,us USA,"FW,MF",St. Louis,25-289,1999,5.0,2,0,0,7,14,5,5,3,1,0,0,0,12,22,24,47.8,Matches
68,Alejandro Bedoya,us USA,"MF,FW",Philadelphia Union,38-006,1987,0.8,0,0,0,3,0,0,2,2,3,0,0,0,5,4,6,40.0,Matches
69,Jon Bell,jm JAM,DF,Seattle Sounders,27-252,1997,4.1,0,0,0,6,1,0,3,6,1,0,0,0,24,11,4,73.3,Matches
70,Ramiro Benetti,br BRA,MF,FC Dallas,31-348,1993,10.0,5,0,0,20,8,2,2,19,12,0,1,0,54,3,8,27.3,Matches
71,Christian Benteke,be BEL,FW,D.C. United,34-153,1990,9.0,3,0,0,14,11,12,0,1,2,0,0,0,12,63,26,70.8,Matches
72,Sebastian Berhalter,us USA,MF,Vancouver W'caps,23-353,2001,8.4,3,0,0,15,8,1,67,13,17,0,1,0,43,10,8,55.6,Matches
73,Federico Bernardeschi,it ITA,"FW,MF",Toronto FC,31-078,1994,10.8,3,0,0,15,13,5,57,2,7,0,0,0,32,3,3,50.0,Matches
74,Miguel Berry,es ESP,FW,LA Galaxy,27-231,1997,3.8,0,0,0,5,1,0,1,2,1,0,0,0,2,6,9,40.0,Matches
75,Pep Biel,es ESP,"FW,MF",Charlotte,28-242,1996,8.5,0,0,0,8,6,0,26,6,3,0,0,0,27,3,11,21.4,Matches
Rk,Player,Nation,Pos,Squad,Age,Born,90s,CrdY,CrdR,2CrdY,Fls,Fld,Off,Crs,Int,TklW,PKwon,PKcon,OG,Recov,Won,Lost,Won%,Matches
76,Guilherme Biro,br BRA,DF,Austin,25-004,2000,10.1,1,0,0,4,6,1,17,17,10,0,0,0,32,27,12,69.2,Matches
77,Tristan Blackmon,us USA,DF,Vancouver W'caps,28-266,1996,9.1,2,0,0,9,16,0,3,16,1,0,0,0,38,14,11,56.0,Matches
78,Andre Blake,jm JAM,GK,Philadelphia Union,34-165,1990,9.0,0,0,0,0,0,0,0,0,0,0,0,0,17,2,0,100.0,Matches
79,Emmanuel Boateng,gh GHA,FW,San Diego FC,31-108,1994,0.8,0,0,0,0,0,0,1,0,2,0,0,0,2,0,2,0.0,Matches
80,Wiktor Bogacz,pl POL,"DF,FW",NY Red Bulls,20-295,2004,0.5,0,0,0,0,0,0,0,0,0,0,0,0,0,1,2,33.3,Matches
81,Luca Bombino,us USA,DF,San Diego FC,18-299,2006,3.5,1,0,0,5,7,0,8,3,6,0,0,0,9,2,2,50.0,Matches
82,Jonathan Bond,eng ENG,GK,Houston Dynamo,31-351,1993,3.0,0,0,0,0,2,0,0,0,0,0,0,0,6,0,0,,Matches
83,Denis Bouanga,ga GAB,FW,LAFC,30-175,1994,9.4,1,0,0,18,12,3,55,1,3,2,0,0,29,8,9,47.1,Matches
84,Ousseni Bouda,bf BFA,"FW,MF",SJ Earthquakes,25-007,2000,4.7,1,0,0,7,7,2,15,4,2,0,0,0,21,2,10,16.7,Matches
85,Giuseppe Bovalina,au AUS,DF,Vancouver W'caps,20-175,2004,1.3,0,0,0,1,0,1,2,1,1,0,0,0,4,0,3,0.0,Matches
86,Michael Boxall,nz NZL,DF,Minnesota Utd,36-260,1988,9.0,2,0,0,8,4,1,4,12,3,0,1,0,24,22,5,81.5,Matches
87,Christopher Brady,us USA,GK,Chicago Fire,21-063,2004,10.4,1,1,0,1,3,0,0,0,0,0,0,0,12,1,0,100.0,Matches
88,Claudio Bravo,ar ARG,DF,Portland Timbers,28-053,1997,1.4,0,0,0,3,2,0,1,1,4,0,1,0,7,2,4,33.3,Matches
89,David Brekalo,si SVN,DF,Orlando City,26-153,1998,6.4,0,0,0,9,10,0,0,4,7,0,0,0,13,18,14,56.3,Matches
90,Luke Brennan,us USA,FW,Atlanta Utd,20-070,2005,0.0,0,0,0,1,1,0,0,0,0,0,0,0,1,0,0,,Matches
91,Sebastian Breza,ca CAN,GK,CF Montréal,27-051,1998,1.0,0,0,0,0,1,0,0,0,0,0,0,0,2,1,0,100.0,Matches
92,Yannick Bright,it ITA,MF,Inter Miami,23-244,2001,5.7,4,0,0,11,11,0,0,12,20,0,0,0,47,4,4,50.0,Matches
93,Andrew Brody,us USA,DF,Sporting KC,30-002,1995,0.9,0,0,0,0,1,0,4,0,3,0,0,0,5,1,0,100.0,Matches
94,Brandt Bronico,us USA,MF,Charlotte,29-319,1995,9.2,4,0,0,15,3,0,8,11,11,1,0,0,33,7,9,43.8,Matches
95,Lachlan Brook,au AUS,FW,Real Salt Lake,24-086,2001,1.1,1,0,0,1,0,1,4,0,1,0,0,0,3,0,1,0.0,Matches
96,Javain Brown,jm JAM,DF,Real Salt Lake,26-057,1999,2.2,1,0,0,5,2,0,2,1,4,0,0,0,5,6,2,75.0,Matches
97,Tristan Brown,us USA,DF,Columbus Crew,17-200,2007,0.2,0,0,0,0,0,0,1,0,0,0,0,0,1,0,1,0.0,Matches
98,Gastón Brugman,uy URU,MF,Nashville SC,32-240,1992,4.0,1,0,0,14,7,0,3,10,4,0,0,0,26,3,0,100.0,Matches
99,Ola Brynhildsen,no NOR,"FW,MF",Toronto FC,26-008,1999,2.7,0,0,0,6,7,1,0,0,2,0,0,0,9,4,3,57.1,Matches
100,Pavel Bucha,cz CZE,MF,FC Cincinnati,27-055,1998,9.4,0,0,0,7,5,0,8,12,8,0,0,0,56,3,4,42.9,Matches
Rk,Player,Nation,Pos,Squad,Age,Born,90s,CrdY,CrdR,2CrdY,Fls,Fld,Off,Crs,Int,TklW,PKwon,PKcon,OG,Recov,Won,Lost,Won%,Matches
101,Noel Buck,eng ENG,"MF,DF",NE Revolution,20-030,2005,0.3,0,0,0,1,0,0,0,0,1,0,0,0,4,0,0,,Matches
102,Noel Buck,eng ENG,MF,SJ Earthquakes,20-030,2005,0.0,0,0,0,0,0,0,0,0,0,0,0,0,0,0,0,,Matches
103,Dawid Bugaj,pl POL,DF,CF Montréal,20-300,2004,2.5,0,0,0,1,2,0,4,3,2,0,0,0,14,0,0,,Matches
104,Osman Bukari,gh GHA,"MF,FW",Austin,26-143,1998,8.2,0,0,0,12,6,4,27,2,6,1,0,0,34,4,5,44.4,Matches
105,Teal Bunbury,us USA,"FW,MF",Nashville SC,35-067,1990,0.6,0,0,0,0,4,1,0,0,1,0,0,0,3,3,5,37.5,Matches
106,Roman Bürki,ch SUI,GK,St. Louis,34-172,1990,3.0,0,0,0,0,1,0,0,0,0,0,0,0,4,0,0,,Matches
107,Evan Bush,us USA,GK,Columbus Crew,39-060,1986,1.0,0,0,0,0,0,0,0,0,0,0,0,0,5,0,0,,Matches
108,Sergio Busquets,es ESP,MF,Inter Miami,36-293,1988,8.9,1,0,0,9,22,0,0,11,14,0,0,0,56,10,3,76.9,Matches
109,Brandon Bye,us USA,DF,NE Revolution,29-157,1995,3.1,0,0,0,0,1,0,11,2,2,0,0,0,15,8,3,72.7,Matches
110,Nathan Byrne,eng ENG,DF,Charlotte,32-334,1992,8.0,1,0,0,3,6,0,31,4,10,0,0,0,26,7,5,58.3,Matches
111,Kevin Cabral,fr FRA,"FW,MF",Colorado Rapids,25-299,1999,6.3,1,0,0,9,13,1,14,3,5,0,0,0,14,2,14,12.5,Matches
112,Rafael Cabral,br BRA,GK,Real Salt Lake,34-350,1990,11.0,1,0,0,1,3,0,0,0,1,0,1,0,22,1,0,100.0,Matches
113,Noel Caliskan,de GER,"DF,MF",Real Salt Lake,24-249,2000,0.2,0,0,0,0,1,0,0,0,1,0,0,0,2,0,1,0.0,Matches
114,Drake Callender,us USA,GK,Inter Miami,27-210,1997,2.1,0,0,0,0,0,0,0,0,0,0,0,0,4,0,0,,Matches
115,Leonardo Campana,ec ECU,FW,NE Revolution,24-285,2000,4.9,1,0,0,8,2,1,3,1,5,0,0,0,13,13,11,54.2,Matches
116,George Campbell,us USA,DF,CF Montréal,23-317,2001,8.9,2,0,0,14,16,0,0,13,13,0,0,0,63,11,11,50.0,Matches
117,Reggie Cannon,us USA,DF,Colorado Rapids,26-328,1998,7.3,2,0,0,9,10,0,10,19,7,0,0,0,25,5,5,50.0,Matches
118,Gustavo Caraballo,us USA,"MF,FW",Orlando City,16-249,2008,0.2,0,0,0,0,3,0,2,0,0,0,0,0,4,1,0,100.0,Matches
119,Felipe Carballo,uy URU,MF,NY Red Bulls,28-213,1996,5.9,3,1,1,7,8,0,15,8,10,0,0,0,37,3,3,50.0,Matches
120,Wikelman Carmona,ve VEN,"FW,MF",NY Red Bulls,22-070,2003,4.9,0,0,0,3,9,0,7,3,5,0,0,0,21,4,2,66.7,Matches
121,Maximo Carrizo,us USA,FW,NYCFC,17-066,2008,0.2,0,0,0,0,0,0,0,1,1,0,0,0,1,1,0,100.0,Matches
122,Julio Cascante,cr CRC,DF,Austin,31-214,1993,3.5,1,0,0,5,3,0,0,3,1,0,0,0,11,8,8,50.0,Matches
123,Nico Cavallo,us USA,"DF,MF",NYCFC,23-129,2001,1.4,0,0,0,0,0,0,0,2,7,0,0,0,11,1,1,50.0,Matches
124,Brayan Ceballos,co COL,DF,NE Revolution,23-346,2001,9.0,2,0,0,13,2,2,0,13,11,0,0,0,39,19,14,57.6,Matches
125,Roman Celentano,us USA,GK,FC Cincinnati,24-233,2000,11.0,1,0,0,0,1,0,0,0,0,0,0,0,21,6,0,100.0,Matches
Rk,Player,Nation,Pos,Squad,Age,Born,90s,CrdY,CrdR,2CrdY,Fls,Fld,Off,Crs,Int,TklW,PKwon,PKcon,OG,Recov,Won,Lost,Won%,Matches
126,Edwin Cerrillo,us USA,MF,LA Galaxy,24-214,2000,9.6,4,0,0,12,6,0,0,6,6,0,0,0,45,1,3,25.0,Matches
127,Dylan Chambost,fr FRA,"MF,FW",Columbus Crew,27-259,1997,10.8,1,0,0,7,7,0,44,14,11,0,0,0,55,8,6,57.1,Matches
128,Tomás Chancalay,ar ARG,FW,NE Revolution,26-124,1999,0.8,0,0,0,4,1,1,3,0,1,0,0,0,6,2,1,66.7,Matches
129,Maxime Chanot,lu LUX,DF,LAFC,35-165,1989,0.7,0,0,0,0,0,0,0,3,2,0,0,0,3,1,0,100.0,Matches
130,Diego Chará,co COL,MF,Portland Timbers,39-030,1986,6.9,2,0,0,18,7,0,0,11,15,0,1,0,31,5,4,55.6,Matches
131,Gabriel Chaves,br BRA,"FW,MF",LA Galaxy,24-083,2001,9.8,3,0,0,15,21,1,28,5,5,0,0,0,31,1,3,25.0,Matches
132,Yevhen Cheberko,ua UKR,DF,Columbus Crew,27-102,1998,8.5,0,0,0,4,11,0,4,9,12,0,1,0,44,8,12,40.0,Matches
133,Ștefan Chirilă,ro ROU,MF,FC Cincinnati,18-110,2007,0.1,0,0,0,0,0,0,0,0,0,0,0,0,0,0,0,,Matches
134,Dominik Chong Qui,us USA,DF,Atlanta Utd,17-127,2007,0.7,0,0,0,0,0,0,3,0,1,0,0,0,2,0,0,,Matches
135,Léo Chú,br BRA,"FW,MF",FC Dallas,25-029,2000,2.3,0,0,0,3,1,0,3,2,0,0,0,0,2,0,3,0.0,Matches
136,Markus Cimermancic,ca CAN,"DF,MF",Toronto FC,20-216,2004,2.4,0,0,0,3,1,2,2,1,10,0,0,0,15,3,3,50.0,Matches
137,Caden Clark,us USA,"FW,MF",CF Montréal,21-343,2003,7.6,4,0,0,11,8,4,21,4,9,0,0,0,17,2,8,20.0,Matches
138,Noah Cobb,us USA,"DF,FW",Atlanta Utd,19-289,2005,2.8,0,0,0,4,0,0,3,3,3,0,0,0,12,3,9,25.0,Matches
139,Alonso Coello,es ESP,MF,Toronto FC,25-205,1999,6.0,0,0,0,6,5,0,13,8,8,0,0,0,37,11,5,68.8,Matches
140,Michael Collodi,us USA,GK,FC Dallas,23-345,2001,1.0,0,0,0,0,1,0,0,0,0,0,0,0,3,0,0,,Matches
141,Theo Corbeanu,ca CAN,"FW,MF",Toronto FC,22-353,2002,6.6,0,0,0,5,7,5,31,1,0,0,0,0,26,4,4,50.0,Matches
142,Matthew Corcoran,us USA,MF,Nashville SC,19-077,2006,1.6,1,0,0,3,0,0,0,2,3,0,0,0,7,0,2,0.0,Matches
143,Carlos Coronel,py PAR,GK,NY Red Bulls,28-127,1996,10.0,0,0,0,0,1,0,0,0,0,0,0,0,15,2,0,100.0,Matches
144,David Costa,pt POR,"MF,FW",Portland Timbers,24-120,2001,10.3,2,0,0,5,4,1,59,3,2,0,0,0,32,1,1,50.0,Matches
145,Vitor Costa,br BRA,DF,SJ Earthquakes,30-308,1994,4.8,2,0,0,6,4,3,16,7,8,0,0,0,26,5,2,71.4,Matches
146,Brandan Craig,us USA,DF,CF Montréal,21-028,2004,1.2,1,0,0,3,0,0,0,0,2,0,0,0,2,1,8,11.1,Matches
147,Ben Cremaschi,us USA,"MF,FW",Inter Miami,20-064,2005,6.5,4,0,0,11,2,1,15,6,4,0,0,0,28,5,8,38.5,Matches
148,Maxime Crépeau,ca CAN,GK,Portland Timbers,30-359,1994,2.0,0,0,0,0,0,0,0,0,0,0,0,0,3,1,0,100.0,Matches
149,Andrés Cubas,py PAR,MF,Vancouver W'caps,28-348,1996,7.9,3,0,0,18,9,0,1,14,15,0,0,0,50,4,3,57.1,Matches
150,Mauricio Cuevas,us USA,"MF,DF",LA Galaxy,22-084,2003,0.3,0,0,0,0,0,0,12,1,1,0,0,0,1,1,0,100.0,Matches
Rk,Player,Nation,Pos,Squad,Age,Born,90s,CrdY,CrdR,2CrdY,Fls,Fld,Off,Crs,Int,TklW,PKwon,PKcon,OG,Recov,Won,Lost,Won%,Matches
151,Christopher Cupps,us USA,DF,Chicago Fire,16-344,2008,1.2,0,0,0,2,0,0,0,1,0,0,0,0,4,1,0,100.0,Matches
152,Hugo Cuypers,be BEL,FW,Chicago Fire,28-087,1997,9.9,0,0,0,12,10,6,5,5,10,1,0,0,27,17,24,41.5,Matches
153,Bruno Damiani,uy URU,FW,Philadelphia Union,23-017,2002,5.3,2,0,0,20,15,0,1,5,2,0,0,0,26,33,31,51.6,Matches
154,Dagur Dan Þórhallsson,is ISL,"MF,DF",Orlando City,25-003,2000,4.4,2,0,0,5,6,0,2,1,8,0,0,0,23,4,3,57.1,Matches
155,Daniel,br BRA,GK,SJ Earthquakes,30-364,1994,9.2,1,0,0,0,6,0,0,0,0,0,0,0,18,0,0,,Matches
156,Jesús Daniel Bueno,ve VEN,MF,Philadelphia Union,26-020,1999,0.9,0,0,0,1,3,0,1,0,1,0,0,0,4,3,0,100.0,Matches
157,Héctor David Martínez,py PAR,"DF,FW",Inter Miami,27-104,1998,1.1,0,0,0,1,0,0,0,1,1,0,0,0,8,5,1,83.3,Matches
158,Juan David Mosquera,co COL,DF,Portland Timbers,22-242,2002,5.8,0,0,0,1,4,0,14,2,2,0,0,0,39,4,1,80.0,Matches
159,Bode Davis,us USA,DF,Real Salt Lake,23-072,2002,5.8,3,1,1,8,4,0,4,6,6,0,0,0,22,5,4,55.6,Matches
160,Jake Davis,us USA,"DF,MF",Sporting KC,23-122,2002,8.0,2,0,0,11,3,0,34,9,14,0,0,0,38,3,9,25.0,Matches
161,Pedro De la Vega,ar ARG,"MF,FW",Seattle Sounders,24-087,2001,3.9,0,0,0,8,8,0,12,3,3,0,0,0,19,3,2,60.0,Matches
162,Osaze De Rosario,gy GUY,FW,Seattle Sounders,23-290,2001,0.1,0,0,0,0,2,0,0,0,0,0,0,0,0,1,0,100.0,Matches
163,Jonathan Dean,us USA,DF,Chicago Fire,27-355,1997,4.3,0,0,0,4,2,0,4,8,2,0,0,0,5,7,12,36.8,Matches
164,Marky Delgado,us USA,MF,LAFC,29-354,1995,8.2,1,0,0,7,11,1,20,10,12,0,0,0,58,4,7,36.4,Matches
165,Patrickson Delgado,ec ECU,"FW,MF",FC Dallas,21-200,2003,3.3,0,0,0,5,4,0,3,1,6,0,0,0,16,4,3,57.1,Matches
166,Kévin Denkey,tg TOG,FW,FC Cincinnati,24-156,2000,9.2,3,0,0,15,13,13,0,2,4,0,1,0,26,10,16,38.5,Matches
167,Mikkel Desler,dk DEN,DF,Austin,30-075,1995,2.6,1,0,0,3,4,0,6,1,1,0,0,0,4,0,0,,Matches
168,Djibril Diani,fr FRA,MF,Charlotte,27-083,1998,2.4,1,0,0,6,5,0,2,9,7,0,0,0,9,1,4,20.0,Matches
169,Jefferson Díaz,co COL,DF,Minnesota Utd,24-151,2000,6.7,1,0,0,7,3,1,11,5,5,0,0,0,20,21,17,55.3,Matches
170,Luis Díaz,cr CRC,"FW,MF",NE Revolution,26-150,1998,1.0,0,0,0,4,8,2,7,2,1,0,0,0,8,0,3,0.0,Matches
171,Hamady Diop,sn SEN,DF,San Diego FC,22-333,2002,2.2,1,0,0,4,5,0,4,1,2,0,0,0,4,4,2,66.7,Matches
172,Innocent Dje,ci CIV,MF,Chicago Fire,22-000,2003,1.1,1,0,0,3,0,0,0,2,5,0,0,0,6,0,1,0.0,Matches
173,Derek Dodson,us USA,"DF,MF",D.C. United,26-183,1998,2.0,1,0,0,5,1,0,8,3,5,0,0,0,8,1,3,25.0,Matches
174,Maxime Dominguez,ch SUI,MF,Toronto FC,29-093,1996,1.4,0,0,0,2,2,0,0,2,4,0,0,0,5,0,0,,Matches
175,Ronald Donkor,ml MLI,MF,NY Red Bulls,20-166,2004,1.1,0,0,0,2,2,0,1,5,5,0,0,0,6,0,0,,Matches
Rk,Player,Nation,Pos,Squad,Age,Born,90s,CrdY,CrdR,2CrdY,Fls,Fld,Off,Crs,Int,TklW,PKwon,PKcon,OG,Recov,Won,Lost,Won%,Matches
176,Christopher Donovan,us USA,FW,Philadelphia Union,24-270,2000,1.5,0,0,0,0,4,1,1,0,2,1,0,0,11,13,8,61.9,Matches
177,Griffin Dorsey,us USA,DF,Houston Dynamo,26-061,1999,10.9,4,0,0,13,6,2,42,10,7,0,0,0,27,5,13,27.8,Matches
178,C.J. dos Santos,us USA,GK,San Diego FC,24-254,2000,11.0,0,0,0,1,0,0,0,0,1,0,1,0,23,0,1,0.0,Matches
179,Hassani Dotson,us USA,MF,Minnesota Utd,27-272,1997,4.1,2,0,0,4,2,0,3,4,5,0,0,0,20,2,4,33.3,Matches
180,Souleyman Doumbia,ci CIV,DF,Charlotte,28-223,1996,3.5,0,0,0,3,3,0,4,3,6,0,0,0,18,2,1,66.7,Matches
181,Anders Dreyer,dk DEN,FW,San Diego FC,27-003,1998,10.6,0,0,0,3,5,4,53,1,3,0,0,0,21,0,1,0.0,Matches
182,Nicolás Dubersarsky,ar ARG,MF,Austin,20-135,2004,0.8,1,0,0,3,2,0,0,1,1,0,1,0,5,0,1,0.0,Matches
183,Erik Duenas,us USA,"MF,FW",Houston Dynamo,20-199,2004,0.8,1,0,0,3,0,0,1,1,2,0,0,0,6,0,0,,Matches
184,Morris Duggan,de GER,DF,Minnesota Utd,24-193,2000,6.4,0,0,0,3,0,2,1,3,1,0,0,1,22,19,13,59.4,Matches
185,Bryce Duke,us USA,"MF,FW",CF Montréal,24-066,2001,4.7,0,0,0,4,10,0,25,0,4,0,0,0,17,1,5,16.7,Matches
186,Kyle Duncan,us USA,DF,NY Red Bulls,27-270,1997,2.0,0,0,0,3,1,0,8,2,3,0,0,0,14,4,4,50.0,Matches
187,Chris Durkin,us USA,"MF,FW",St. Louis,25-086,2000,3.8,2,0,0,11,5,1,4,6,4,0,0,0,13,1,7,12.5,Matches
188,Jeremy Ebobisse,us USA,FW,LAFC,28-080,1997,2.8,0,0,0,4,2,1,1,0,0,0,0,0,1,2,1,66.7,Matches
189,Daniel Edelman,us USA,MF,NY Red Bulls,22-007,2003,6.9,0,0,0,4,14,0,1,8,7,0,0,0,40,11,6,64.7,Matches
190,Earl Edwards Jr.,us USA,GK,SJ Earthquakes,33-101,1992,1.8,0,0,0,0,0,0,0,0,0,0,0,0,2,0,0,,Matches
191,Matthew Edwards,us USA,DF,Atlanta Utd,22-077,2003,4.8,2,0,0,8,9,0,11,4,4,0,0,0,30,4,6,40.0,Matches
192,Michael Edwards,us USA,DF,Colorado Rapids,24-159,2000,0.3,0,0,0,0,0,0,0,1,0,0,0,0,2,1,0,100.0,Matches
193,Raheem Edwards,ca CAN,DF,NY Red Bulls,29-294,1995,3.9,1,0,0,10,5,0,6,7,5,1,0,0,16,3,2,60.0,Matches
194,Noah Eile,se SWE,DF,NY Red Bulls,22-290,2002,10.5,3,0,0,15,8,0,1,12,12,0,0,0,64,13,11,54.2,Matches
195,Jack Elliott,eng ENG,DF,Chicago Fire,29-253,1995,10.0,3,0,0,13,4,1,0,8,5,0,1,0,44,26,16,61.9,Matches
196,Emeka Eneli,us USA,MF,Real Salt Lake,25-199,1999,9.5,1,0,0,11,29,0,2,12,10,0,0,0,71,3,7,30.0,Matches
197,Lukas Engel,dk DEN,DF,FC Cincinnati,26-142,1998,10.3,2,0,0,11,8,3,21,15,12,0,0,0,48,12,6,66.7,Matches
198,Boris Enow,cm CMR,MF,D.C. United,25-036,2000,5.6,2,0,0,15,5,0,0,11,4,0,0,0,32,4,4,50.0,Matches
199,Ramiro Enrique,ar ARG,"FW,MF",Orlando City,24-001,2001,2.3,0,0,0,4,2,0,3,2,1,0,0,0,3,9,12,42.9,Matches
200,Franco Escobar,ar ARG,DF,Houston Dynamo,30-073,1995,8.9,6,1,1,12,7,0,8,15,20,0,0,0,49,11,11,50.0,Matches
Rk,Player,Nation,Pos,Squad,Age,Born,90s,CrdY,CrdR,2CrdY,Fls,Fld,Off,Crs,Int,TklW,PKwon,PKcon,OG,Recov,Won,Lost,Won%,Matches
201,Cristian Espinoza,ar ARG,"DF,MF",SJ Earthquakes,30-032,1995,11.0,2,0,0,17,8,5,121,10,11,0,0,0,81,5,9,35.7,Matches
202,Derrick Etienne,ht HAI,FW,Toronto FC,28-161,1996,3.1,1,0,0,6,4,2,7,1,2,0,0,0,13,3,10,23.1,Matches
203,Evander,br BRA,"MF,FW",FC Cincinnati,26-330,1998,8.0,2,0,0,15,13,1,26,2,7,0,0,0,39,3,8,27.3,Matches
204,Diego Fagúndez,uy URU,"FW,MF",LA Galaxy,30-080,1995,9.9,2,0,0,6,7,0,49,0,6,0,0,0,40,2,6,25.0,Matches
205,Maximiliano Falcón,uy URU,DF,Inter Miami,28-004,1997,4.2,2,0,0,2,6,0,0,6,2,0,0,0,12,3,11,21.4,Matches
206,Marco Farfan,us USA,DF,FC Dallas,26-174,1998,5.2,0,0,0,10,7,1,7,3,4,0,0,0,19,7,3,70.0,Matches
207,Logan Farrington,us USA,FW,FC Dallas,23-142,2001,5.7,1,0,0,6,14,2,3,2,7,0,0,0,32,8,16,33.3,Matches
208,Mohamed Farsi,dz ALG,"DF,MF",Columbus Crew,25-140,1999,8.9,1,0,0,6,10,3,13,4,5,0,0,0,38,3,12,20.0,Matches
209,Ilay Feingold,il ISR,"DF,FW",NE Revolution,20-255,2004,9.0,3,0,0,8,18,3,44,8,7,0,0,0,31,4,5,44.4,Matches
210,Joaquín Fernández,es ESP,DF,Sporting KC,28-339,1996,6.2,3,0,0,10,8,1,0,1,4,0,0,0,28,9,12,42.9,Matches
211,Julián Fernández,ar ARG,"FW,MF",NYCFC,21-122,2004,5.6,1,0,0,7,5,0,18,2,4,0,0,0,27,4,12,25.0,Matches
212,Omir Fernandez,us USA,"MF,FW",Colorado Rapids,26-086,1999,2.0,0,0,0,3,3,0,6,2,1,0,0,0,9,1,3,25.0,Matches
213,Omir Fernandez,us USA,"FW,MF",Portland Timbers,26-086,1999,0.4,0,0,0,0,1,0,1,0,1,0,0,0,0,0,4,0.0,Matches
214,Jesús Ferreira,us USA,"FW,MF",Seattle Sounders,24-132,2000,7.3,1,0,0,9,4,3,15,6,9,0,0,0,22,5,5,50.0,Matches
215,Nicolas Fleuriau,ca CAN,"DF,FW",Vancouver W'caps,22-349,2002,0.1,0,0,0,1,1,0,0,0,1,0,0,0,0,0,0,,Matches
216,Deybi Flores,hn HON,MF,Toronto FC,28-323,1996,7.7,3,0,0,18,9,0,3,18,11,0,0,0,48,4,9,30.8,Matches
217,Gilberto Flores,py PAR,DF,FC Cincinnati,22-034,2003,6.6,2,1,1,4,3,0,1,6,12,0,0,0,20,16,12,57.1,Matches
218,Max Floriani,us USA,DF,SJ Earthquakes,22-088,2003,1.8,0,0,0,2,1,0,0,2,0,0,0,0,6,2,2,50.0,Matches
219,CJ Fodrey,us USA,"FW,MF",Austin,21-084,2004,0.7,0,0,0,2,1,1,1,0,2,0,0,0,4,2,4,33.3,Matches
220,Mamadou Fofana,ml MLI,DF,NE Revolution,27-104,1998,9.9,2,0,0,9,4,2,1,15,14,0,0,0,47,8,7,53.3,Matches
221,Emil Forsberg,se SWE,MF,NY Red Bulls,33-194,1991,10.7,0,0,0,6,17,3,42,1,6,0,0,0,35,3,8,27.3,Matches
222,Ajani Fortune,tt TRI,"MF,FW",Atlanta Utd,22-126,2002,4.0,1,0,0,11,7,0,2,8,8,0,0,0,14,3,2,60.0,Matches
223,Jimer Fory,co COL,"DF,MF",Portland Timbers,22-346,2002,8.6,6,0,0,18,8,1,12,12,9,0,0,0,46,14,8,63.6,Matches
224,Kobe Franklin,ca CAN,DF,Toronto FC,21-360,2003,0.6,0,0,0,0,1,0,0,0,2,0,0,0,9,0,2,0.0,Matches
225,Ian Fray,us USA,DF,Inter Miami,22-247,2002,4.7,0,1,0,8,12,1,3,9,10,0,0,0,32,4,5,44.4,Matches
Rk,Player,Nation,Pos,Squad,Age,Born,90s,CrdY,CrdR,2CrdY,Fls,Fld,Off,Crs,Int,TklW,PKwon,PKcon,OG,Recov,Won,Lost,Won%,Matches
226,Wayne Frederick,tt TRI,MF,Colorado Rapids,20-326,2004,1.5,3,0,0,5,2,0,1,6,0,0,0,0,8,8,3,72.7,Matches
227,Alexander Freeman,us USA,DF,Orlando City,20-269,2004,10.4,0,0,0,3,13,4,11,7,12,0,0,0,46,23,20,53.5,Matches
228,Matt Freese,us USA,GK,NYCFC,26-245,1998,11.0,2,0,0,1,0,0,0,0,0,0,0,0,8,2,0,100.0,Matches
229,Stefan Frei,ch SUI,GK,Seattle Sounders,39-015,1986,10.0,0,0,0,0,2,0,0,0,0,0,0,0,11,0,0,,Matches
230,Julian Gaines,us USA,FW,Nashville SC,22-181,2002,0.1,0,0,0,0,0,0,0,0,0,0,0,0,1,2,1,66.7,Matches
231,Jeffrey Gal,us USA,GK,Chicago Fire,32-029,1993,0.6,0,0,0,0,0,0,0,0,0,0,0,0,0,0,0,,Matches
232,Jon Gallagher,ie IRL,DF,Austin,29-071,1996,8.4,2,0,0,8,10,0,30,4,7,0,0,0,24,4,7,36.4,Matches
233,Pedro Gallese,pe PER,GK,Orlando City,35-071,1990,10.0,2,0,0,0,5,0,0,0,0,0,0,0,14,3,0,100.0,Matches
234,Ignatius Ganago,cm CMR,"FW,MF",NE Revolution,26-078,1999,9.3,1,0,0,12,20,4,8,1,9,1,0,0,34,20,42,32.3,Matches
235,Carlos Garcés,co COL,DF,LA Galaxy,23-206,2001,7.6,3,0,0,8,9,0,0,10,13,0,1,0,68,7,4,63.6,Matches
236,Manu García,es ESP,MF,Sporting KC,27-123,1998,10.4,0,0,0,8,21,2,20,3,10,0,0,0,54,2,11,15.4,Matches
237,Ryan Gauld,sct SCO,FW,Vancouver W'caps,29-140,1995,2.2,1,0,0,2,1,0,13,3,3,0,0,0,11,3,3,50.0,Matches
238,Dániel Gazdag,hu HUN,"MF,FW",Philadelphia Union,29-064,1996,5.5,1,0,0,6,11,2,5,1,9,0,0,0,26,0,3,0.0,Matches
239,Dániel Gazdag,hu HUN,"FW,MF",Columbus Crew,29-064,1996,2.5,0,0,0,5,6,2,1,2,1,0,0,0,11,2,2,50.0,Matches
240,Owen Géne,fr FRA,"MF,FW",Minnesota Utd,22-047,2003,1.1,0,0,0,3,1,0,1,1,1,0,0,0,9,2,1,66.7,Matches
241,Joran Gerbet,fr FRA,MF,Orlando City,23-309,2001,4.3,1,0,0,7,11,0,0,6,10,0,0,0,15,9,6,60.0,Matches
242,Carles Gil,es ESP,MF,NE Revolution,32-164,1992,10.0,0,0,0,4,28,0,58,5,9,1,0,0,44,3,0,100.0,Matches
243,Blake Gillingham,us USA,GK,Houston Dynamo,22-206,2002,3.3,0,0,0,0,1,0,0,0,0,0,0,0,3,0,0,,Matches
244,Olivier Giroud,fr FRA,FW,LAFC,38-217,1986,4.6,0,0,0,3,7,3,1,0,2,0,0,0,6,14,14,50.0,Matches
245,Dennis Gjengaar,no NOR,"FW,MF",NY Red Bulls,21-070,2004,3.3,0,0,0,3,0,1,2,1,3,0,0,0,16,1,3,25.0,Matches
246,Justen Glad,us USA,DF,Real Salt Lake,28-066,1997,10.0,4,0,0,13,5,0,5,14,5,1,0,0,38,18,13,58.1,Matches
247,Omari Glasgow,gy GUY,"DF,FW",Chicago Fire,21-164,2003,5.3,0,0,0,9,7,1,15,2,5,0,1,0,21,4,6,40.0,Matches
248,Ian Glavinovich,ar ARG,DF,Philadelphia Union,23-190,2001,2.9,1,0,0,3,3,0,1,5,2,0,0,0,19,10,2,83.3,Matches
249,Jakob Glesnes,no NOR,DF,Philadelphia Union,31-041,1994,11.0,3,0,0,18,5,1,1,15,10,0,1,0,37,25,15,62.5,Matches
250,Aníbal Godoy,pa PAN,MF,San Diego FC,35-084,1990,8.0,2,0,0,13,18,0,0,8,7,1,0,0,41,6,2,75.0,Matches
Rk,Player,Nation,Pos,Squad,Age,Born,90s,CrdY,CrdR,2CrdY,Fls,Fld,Off,Crs,Int,TklW,PKwon,PKcon,OG,Recov,Won,Lost,Won%,Matches
251,Yeimar Gómez Andrade,co COL,DF,Seattle Sounders,32-309,1992,9.9,1,0,0,16,13,1,1,19,15,0,1,1,60,24,15,61.5,Matches
252,Nicksoen Gomis,fr FRA,DF,Toronto FC,23-051,2002,5.3,0,0,0,4,3,0,0,4,4,0,0,0,26,4,4,50.0,Matches
253,Diogo Gonçalves,pt POR,"FW,MF",Real Salt Lake,28-088,1997,9.2,2,0,0,14,6,1,16,7,2,0,0,0,26,2,5,28.6,Matches
254,Omar Gonzalez,us USA,"DF,MF",Chicago Fire,36-206,1988,0.8,0,0,0,0,0,0,0,0,1,0,0,0,1,5,0,100.0,Matches
255,Zavier Gozo,us USA,FW,Real Salt Lake,18-044,2007,2.9,0,0,0,7,4,2,18,1,8,0,0,0,6,2,3,40.0,Matches
256,Owen Graham Roache,ca CAN,FW,CF Montréal,17-083,2008,0.5,0,0,0,0,0,0,0,0,0,0,0,0,1,2,4,33.3,Matches
257,Tayvon Gray,jm JAM,DF,NYCFC,22-259,2002,2.4,2,0,0,3,3,1,8,2,4,0,0,0,11,1,2,33.3,Matches
258,Julian Gressel,us USA,MF,Minnesota Utd,31-140,1993,0.3,0,0,0,0,1,0,0,1,1,0,0,0,1,1,0,100.0,Matches
259,Yuri Guboglo,ht HAI,"DF,MF",CF Montréal,18-046,2007,5.1,1,0,0,7,11,0,7,1,5,0,0,0,27,6,6,50.0,Matches
260,Colin Guske,us USA,"FW,MF",Orlando City,18-096,2007,0.1,0,0,0,0,2,0,0,0,0,0,0,0,0,0,0,,Matches
261,Brian Gutiérrez,us USA,MF,Chicago Fire,21-322,2003,6.1,4,0,0,12,5,0,9,10,4,0,0,0,33,2,2,50.0,Matches
262,Andrew Gutman,us USA,DF,Chicago Fire,28-215,1996,9.7,3,0,0,12,12,5,9,15,9,1,0,0,47,15,7,68.2,Matches
263,Brad Guzan,us USA,GK,Atlanta Utd,40-238,1984,11.0,1,0,0,0,1,0,0,0,0,0,0,0,17,1,1,50.0,Matches
264,Justin Haak,us USA,"DF,MF",NYCFC,23-235,2001,10.7,1,0,0,11,12,0,1,15,7,0,0,0,39,14,9,60.9,Matches
265,Taha Habroune,us USA,"MF,FW",Columbus Crew,19-089,2006,0.4,0,0,0,2,3,0,0,1,1,0,0,0,3,1,0,100.0,Matches
266,Alexander Hack,de GER,DF,NY Red Bulls,31-239,1993,5.4,2,0,0,7,1,0,7,12,6,0,0,0,30,14,17,45.2,Matches
267,Teenage Hadebe,zw ZIM,DF,FC Cincinnati,29-230,1995,3.3,0,0,0,4,1,0,1,10,5,0,0,0,16,4,6,40.0,Matches
268,Nick Hagglund,us USA,DF,FC Cincinnati,32-233,1992,5.5,0,0,0,4,2,1,3,0,1,0,0,0,18,12,10,54.5,Matches
269,Maren Haile-Selassie,ch SUI,"FW,MF",Chicago Fire,26-053,1999,1.8,0,0,0,1,1,1,5,1,1,0,0,0,8,0,0,,Matches
270,Belal Halbouni,sy SYR,DF,Vancouver W'caps,25-127,1999,0.1,0,0,0,0,0,0,0,0,0,0,0,0,1,1,0,100.0,Matches
271,Julian Hall,us USA,"MF,FW",NY Red Bulls,17-042,2008,1.9,0,0,0,3,0,0,2,2,0,0,0,0,2,2,2,50.0,Matches
272,Bret Halsey,us USA,DF,FC Cincinnati,24-338,2000,0.4,0,0,0,0,0,0,2,1,1,0,0,0,2,0,0,,Matches
273,Nicholas Hansen,dk DEN,GK,Colorado Rapids,23-299,2001,1.0,0,0,0,0,0,0,0,0,0,0,0,0,4,0,0,,Matches
274,Ian Harkes,us USA,MF,SJ Earthquakes,30-036,1995,9.3,2,0,0,17,10,0,3,9,6,0,1,0,46,8,6,57.1,Matches
275,Cameron Harper,us USA,"DF,FW",NY Red Bulls,23-167,2001,3.5,0,0,0,5,8,1,20,0,6,0,0,0,16,2,4,33.3,Matches
Rk,Player,Nation,Pos,Squad,Age,Born,90s,CrdY,CrdR,2CrdY,Fls,Fld,Off,Crs,Int,TklW,PKwon,PKcon,OG,Recov,Won,Lost,Won%,Matches
276,Nathan Harriel,us USA,"DF,MF",Philadelphia Union,24-012,2001,6.5,2,0,0,7,13,0,5,15,6,0,0,0,29,16,10,61.5,Matches
277,Alex Harris,us USA,MF,Colorado Rapids,20-078,2005,0.0,0,0,0,0,0,0,0,0,0,0,0,0,0,0,0,,Matches
278,Calvin Harris,eng ENG,"FW,MF",Colorado Rapids,25-046,2000,1.6,0,0,0,1,3,0,3,2,2,0,0,0,7,0,4,0.0,Matches
279,Marcel Hartel,de GER,MF,St. Louis,29-106,1996,10.9,0,0,0,5,6,4,56,10,7,0,0,0,45,1,4,20.0,Matches
280,Carlos Harvey,pa PAN,"DF,MF",Minnesota Utd,25-091,2000,5.2,0,0,0,8,7,0,1,11,11,0,0,0,23,12,14,46.2,Matches
281,Thomas Hasal,ca CAN,GK,LAFC,25-300,1999,1.0,0,0,0,0,0,0,0,0,0,0,0,0,2,0,0,,Matches
282,Kobi Henry,us USA,"DF,FW",Real Salt Lake,21-009,2004,0.5,0,0,0,1,1,0,0,1,0,0,0,0,0,1,2,33.3,Matches
283,Fabian Herbers,de GER,"MF,FW",CF Montréal,31-261,1993,2.9,2,0,0,5,5,0,1,5,5,0,0,0,14,2,3,40.0,Matches
284,Ronald Hernández,ve VEN,"DF,FW",Atlanta Utd,27-226,1997,1.5,0,0,0,2,3,0,8,4,0,0,0,0,9,3,1,75.0,Matches
285,Aaron Herrera,gt GUA,"DF,MF",D.C. United,27-333,1997,9.7,4,0,0,8,5,0,61,8,13,0,0,0,46,12,5,70.6,Matches
286,Marcelo Herrera,ar ARG,DF,Columbus Crew,26-183,1998,3.4,0,0,0,1,5,2,8,4,3,0,0,0,7,4,7,36.4,Matches
287,Kyle Hiebert,ca CAN,DF,St. Louis,27-279,1997,10.6,3,0,0,6,4,0,8,2,4,0,0,0,46,17,14,54.8,Matches
288,Brendan Hines-Ike,us USA,DF,Austin,30-156,1994,10.0,3,1,1,8,7,0,1,5,5,0,0,0,28,13,5,72.2,Matches
289,Bongokuhle Hlongwane,za RSA,DF,Minnesota Utd,24-319,2000,10.5,1,0,0,17,18,1,7,14,15,0,0,0,56,8,11,42.1,Matches
290,Ryan Hollingshead,us USA,"DF,MF",LAFC,34-019,1991,8.0,1,0,0,6,12,2,10,11,9,0,0,0,34,10,10,50.0,Matches
291,Jannes Horn,de GER,DF,St. Louis,28-088,1997,7.2,2,0,0,2,8,0,18,4,7,0,0,0,27,1,6,14.3,Matches
292,Jung Hoyeon,kr KOR,MF,Minnesota Utd,24-219,2000,0.2,0,0,0,0,0,0,0,0,0,0,0,0,1,0,0,,Matches
293,Keegan Hughes,us USA,FW,NE Revolution,24-287,2000,0.0,0,0,0,0,0,0,0,0,0,0,0,0,0,0,0,,Matches
294,Sebastien Ibeagha,us USA,DF,FC Dallas,33-104,1992,10.5,2,0,0,7,4,1,0,13,3,0,1,0,22,18,15,54.5,Matches
295,Aliyu Ibrahim,ng NGA,"MF,FW",Houston Dynamo,23-109,2002,2.0,1,0,0,6,1,4,1,2,6,0,0,0,13,3,3,50.0,Matches
296,Aliyu Ibrahim,ng NGA,FW,Columbus Crew,23-109,2002,0.1,0,0,0,0,0,0,0,0,0,0,0,0,0,0,0,,Matches
297,Sunusi Ibrahim,ng NGA,FW,CF Montréal,22-216,2002,0.6,0,0,0,2,0,0,0,0,0,0,0,0,0,3,5,37.5,Matches
298,Igor,br BRA,MF,LAFC,22-059,2003,8.7,3,1,1,6,16,0,2,9,11,0,0,0,60,2,7,22.2,Matches
299,Mitja Ilenič,si SVN,DF,NYCFC,20-130,2004,8.2,0,0,0,6,11,0,21,10,3,0,0,0,35,8,4,66.7,Matches
300,Milan Iloski,us USA,"MF,FW",San Diego FC,25-280,1999,0.8,0,0,0,1,0,0,1,0,0,0,0,0,1,1,0,100.0,Matches
Rk,Player,Nation,Pos,Squad,Age,Born,90s,CrdY,CrdR,2CrdY,Fls,Fld,Off,Crs,Int,TklW,PKwon,PKcon,OG,Recov,Won,Lost,Won%,Matches
301,Bjørn Inge Utvik,no NOR,DF,Vancouver W'caps,29-066,1996,2.9,0,0,0,1,0,0,0,1,3,0,0,0,6,7,3,70.0,Matches
302,Marcus Ingvartsen,dk DEN,FW,San Diego FC,29-121,1996,3.5,0,0,0,11,6,2,1,2,0,0,0,0,12,5,7,41.7,Matches
303,Lorenzo Insigne,it ITA,"MF,FW",Toronto FC,33-335,1991,5.2,1,0,0,1,6,1,4,4,3,0,0,0,21,1,0,100.0,Matches
304,Aljaž Ivačič,si SVN,GK,NE Revolution,31-127,1993,10.0,0,0,0,0,0,0,0,0,0,0,0,0,11,0,0,,Matches
305,Ousman jabang,us USA,DF,CF Montréal,24-037,2001,1.0,1,0,0,1,1,0,1,0,1,0,0,0,4,2,3,40.0,Matches
306,Aziel Jackson,us USA,"MF,FW",Columbus Crew,23-193,2001,4.7,0,0,0,8,13,1,2,4,5,0,0,0,21,1,5,16.7,Matches
307,Robin Jansson,se SWE,DF,Orlando City,33-171,1991,9.0,2,0,0,3,7,0,0,7,4,0,1,0,35,2,12,14.3,Matches
308,Danley Jean-Jacques,ht HAI,MF,Philadelphia Union,24-350,2000,9.4,2,0,0,18,5,0,4,22,8,0,0,0,51,3,5,37.5,Matches
309,Julio Joao Ortíz,ec ECU,MF,Portland Timbers,29-004,1996,4.5,1,0,0,5,5,0,3,0,2,0,1,0,28,3,2,60.0,Matches
310,Sean Johnson,us USA,GK,Toronto FC,35-339,1989,11.0,1,0,0,0,1,0,0,0,1,0,0,0,11,4,0,100.0,Matches
311,Tate Johnson,us USA,DF,Vancouver W'caps,19-299,2005,6.5,0,0,0,1,13,0,5,6,8,0,0,0,29,6,5,54.5,Matches
312,DeJuan Jones,us USA,DF,Columbus Crew,27-315,1997,2.7,0,0,0,3,1,1,0,5,1,0,0,0,14,1,3,25.0,Matches
313,DeJuan Jones,us USA,DF,SJ Earthquakes,27-315,1997,1.3,0,0,0,1,2,0,0,3,2,0,0,0,13,1,0,100.0,Matches
314,Derrick Jones,us USA,MF,Columbus Crew,28-063,1997,0.0,0,0,0,0,0,0,0,0,0,0,0,0,0,0,0,,Matches
315,Kim Joonhong,kr KOR,GK,D.C. United,21-336,2003,7.0,1,0,0,0,2,0,0,0,0,0,0,0,12,0,0,,Matches
316,Dejan Joveljić,rs SRB,FW,Sporting KC,25-271,1999,10.1,2,0,0,16,5,5,1,1,6,0,0,0,20,16,26,38.1,Matches
317,Mykhi Joyner,us USA,"MF,FW",St. Louis,18-248,2006,0.8,0,0,0,0,2,0,1,0,2,0,0,0,2,0,2,0.0,Matches
318,Preston Judd,us USA,"FW,MF",SJ Earthquakes,25-342,1999,2.5,0,0,0,4,6,1,2,1,1,1,0,0,5,7,6,53.8,Matches
319,Anderson Julio,ec ECU,"FW,DF",FC Dallas,28-339,1996,6.9,1,0,0,10,9,7,9,7,6,0,0,0,25,5,7,41.7,Matches
320,Sam Junqua,us USA,DF,Real Salt Lake,28-177,1996,5.8,0,0,0,3,8,0,14,5,6,0,0,0,17,7,3,70.0,Matches
321,Mathias Jørgensen,dk DEN,DF,LA Galaxy,35-012,1990,6.3,1,1,0,7,0,0,0,5,6,0,0,0,19,6,4,60.0,Matches
322,Kristijan Kahlina,hr CRO,GK,Charlotte,32-285,1992,11.0,0,0,0,0,0,0,0,0,0,0,0,0,13,0,0,,Matches
323,Kaick,br BRA,MF,FC Dallas,19-157,2005,3.9,1,0,0,9,10,0,4,4,9,0,0,0,22,2,3,40.0,Matches
324,Bernard Kamungo,us USA,FW,FC Dallas,23-124,2002,2.2,1,0,0,1,2,2,3,4,0,0,0,0,8,2,1,66.7,Matches
325,Bibi Karamoko,us USA,FW,D.C. United,19-185,2005,0.2,1,0,0,2,0,0,0,0,0,0,0,0,0,1,2,33.3,Matches
Rk,Player,Nation,Pos,Squad,Age,Born,90s,CrdY,CrdR,2CrdY,Fls,Fld,Off,Crs,Int,TklW,PKwon,PKcon,OG,Recov,Won,Lost,Won%,Matches
326,Alexandros Katranis,gr GRE,DF,Real Salt Lake,27-001,1998,6.9,3,0,0,16,7,2,44,3,6,0,1,0,23,4,5,44.4,Matches
327,Mark-Anthony Kaye,ca CAN,MF,SJ Earthquakes,30-154,1994,3.3,2,0,0,8,5,0,5,5,7,0,0,0,33,3,5,37.5,Matches
328,Kim Kee-hee,kr KOR,DF,Seattle Sounders,35-296,1989,3.5,1,0,0,6,2,0,0,4,2,0,0,0,14,8,3,72.7,Matches
329,Kevin Kelsy,ve VEN,FW,Portland Timbers,20-282,2004,4.8,0,0,0,8,4,5,0,1,1,0,0,0,14,13,11,54.2,Matches
330,Ryan Kent,eng ENG,"MF,FW",Seattle Sounders,28-175,1996,0.7,0,0,0,0,0,0,0,1,2,0,0,0,3,1,0,100.0,Matches
331,Deandre Kerr,ca CAN,FW,Toronto FC,22-167,2002,2.5,0,0,0,2,8,2,2,1,1,0,0,0,4,8,8,50.0,Matches
332,Henry Kessler,us USA,DF,St. Louis,26-314,1998,8.0,2,0,0,8,8,1,0,2,9,0,0,0,40,16,16,50.0,Matches
333,Hosei Kijima,jp JPN,"MF,FW",D.C. United,22-308,2002,9.1,0,0,0,9,10,3,4,9,7,0,0,0,46,2,7,22.2,Matches
334,Klauss,br BRA,FW,St. Louis,28-065,1997,7.0,1,0,0,13,15,3,4,4,4,0,0,0,14,30,17,63.8,Matches
335,Mateusz Klich,pl POL,MF,Atlanta Utd,34-326,1990,4.2,3,0,0,8,3,0,2,7,7,0,0,0,29,2,2,50.0,Matches
336,Žan Kolmanič,si SVN,"DF,MF",Austin,25-063,2000,2.0,0,0,0,1,2,1,17,2,3,0,0,0,11,0,2,0.0,Matches
337,Rominigue Kouamé,ml MLI,MF,Chicago Fire,28-139,1996,1.3,0,0,0,3,3,0,0,0,1,0,0,0,5,0,0,,Matches
338,Sebastian Kowalczyk,pl POL,"FW,MF",Houston Dynamo,26-256,1998,9.0,2,0,0,12,20,0,15,6,11,0,0,0,38,2,5,28.6,Matches
339,Damir Kreilach,hr CRO,FW,Vancouver W'caps,36-019,1989,0.0,0,0,0,0,1,0,0,0,0,0,0,0,0,1,0,100.0,Matches
340,Theodore Ku-Dipietro,us USA,"MF,FW",Colorado Rapids,23-097,2002,0.4,0,0,0,0,1,1,0,0,0,0,0,0,1,0,1,0.0,Matches
341,Yuya Kubo,jp JPN,"MF,FW",FC Cincinnati,31-132,1993,4.6,1,0,0,5,3,5,7,1,2,0,0,0,16,2,5,28.6,Matches
342,Willy Kumado,gh GHA,DF,San Diego FC,22-201,2002,4.8,1,0,0,3,5,1,17,3,6,0,0,0,18,1,3,25.0,Matches
343,Luca de la Torre,us USA,MF,San Diego FC,26-347,1998,9.2,2,0,0,15,2,1,22,3,9,0,0,0,48,3,2,60.0,Matches
344,Mathías Laborda,uy URU,DF,Vancouver W'caps,25-232,1999,5.9,0,0,0,7,2,0,7,7,4,0,0,0,18,17,9,65.4,Matches
345,Luca Langoni,ar ARG,"FW,MF",NE Revolution,23-085,2002,4.8,2,0,0,7,7,1,14,4,6,0,0,0,25,0,4,0.0,Matches
346,Lassi Lappalainen,fi FIN,MF,Columbus Crew,26-254,1998,0.0,0,0,0,1,0,0,1,1,0,0,0,0,0,0,0,,Matches
347,Oliver Larraz,us USA,"MF,FW",Colorado Rapids,23-231,2001,9.6,2,0,0,19,8,1,9,15,16,0,0,0,50,5,9,35.7,Matches
348,Richie Laryea,ca CAN,DF,Toronto FC,30-118,1995,1.2,0,0,0,1,3,0,0,2,0,1,0,0,4,0,0,,Matches
349,Ariel Lassiter,cr CRC,"FW,MF",Portland Timbers,30-220,1994,2.1,1,0,0,2,5,0,6,0,0,0,0,0,7,0,1,0.0,Matches
350,Emmanuel Latte Lath,ci CIV,FW,Atlanta Utd,26-124,1999,9.5,5,0,0,11,10,8,0,3,6,1,1,0,13,28,34,45.2,Matches
Rk,Player,Nation,Pos,Squad,Age,Born,90s,CrdY,CrdR,2CrdY,Fls,Fld,Off,Crs,Int,TklW,PKwon,PKcon,OG,Recov,Won,Lost,Won%,Matches
351,Randall Leal,cr CRC,MF,D.C. United,28-111,1997,0.5,0,0,0,1,3,0,0,0,3,0,0,0,5,0,0,,Matches
352,Tim Leibold,de GER,DF,Sporting KC,31-156,1993,1.9,3,0,0,3,5,2,9,3,4,0,0,0,10,1,0,100.0,Matches
353,Brooks Lennon,us USA,DF,Atlanta Utd,27-225,1997,7.7,0,0,0,5,10,0,46,8,4,0,1,0,27,7,4,63.6,Matches
354,Tucker Lepley,us USA,MF,LA Galaxy,23-108,2002,3.8,1,0,0,1,7,0,5,2,0,0,0,0,17,3,5,37.5,Matches
355,Beau Leroux,us USA,MF,SJ Earthquakes,21-247,2003,8.7,1,0,0,3,7,0,1,17,11,1,0,0,59,9,8,52.9,Matches
356,Danny Leyva,us USA,"MF,FW",Seattle Sounders,22-000,2003,2.9,2,0,0,4,6,0,11,4,1,0,0,0,19,3,3,50.0,Matches
357,Nick Lima,us USA,DF,SJ Earthquakes,30-169,1994,1.9,0,0,0,3,3,0,12,1,3,0,0,0,10,4,1,80.0,Matches
358,Ondřej Lingr,cz CZE,"FW,MF",Houston Dynamo,26-210,1998,1.9,1,0,0,5,8,0,2,0,1,0,0,0,6,4,1,80.0,Matches
359,Sebastian Lletget,us USA,MF,FC Dallas,32-244,1992,6.2,1,0,0,5,7,0,5,5,3,0,0,0,19,6,8,42.9,Matches
360,Hugo Lloris,fr FRA,GK,LAFC,38-130,1986,10.0,0,0,0,1,0,0,0,0,0,0,1,0,14,0,2,0.0,Matches
361,Saba Lobzhanidze,ge GEO,FW,Atlanta Utd,30-138,1994,8.5,0,0,0,1,3,2,43,5,4,0,0,0,21,1,5,16.7,Matches
362,Robin Lod,fi FIN,"MF,FW",Minnesota Utd,32-018,1993,8.4,0,0,0,12,12,1,9,6,11,0,0,0,44,8,3,72.7,Matches
363,Nicolás Lodeiro,uy URU,"FW,MF",Houston Dynamo,36-045,1989,4.3,0,0,0,9,14,0,16,1,4,0,0,0,22,4,6,40.0,Matches
364,Jasper Löffelsend,de GER,DF,San Diego FC,27-237,1997,6.3,0,0,0,5,10,1,17,7,12,0,0,0,20,5,5,50.0,Matches
365,Aaron Long,us USA,DF,LAFC,32-205,1992,8.3,0,0,0,2,3,0,0,1,8,0,0,0,32,24,5,82.8,Matches
366,Kevin Long,ie IRL,DF,Toronto FC,34-260,1990,7.5,2,0,0,9,7,1,0,6,6,0,0,0,21,29,9,76.3,Matches
367,Matthew Longstaff,eng ENG,MF,Toronto FC,25-045,2000,3.9,1,0,0,3,4,0,7,5,7,0,0,0,23,5,4,55.6,Matches
368,Hernán López Muñoz,ar ARG,MF,SJ Earthquakes,24-240,2000,1.3,2,1,1,4,4,0,3,1,1,0,0,0,3,0,1,0.0,Matches
369,Victor Loturi,ca CAN,MF,CF Montréal,23-349,2001,6.6,3,0,0,12,9,2,3,5,7,0,0,0,32,1,10,9.1,Matches
370,Daniel Lovitz,us USA,DF,Nashville SC,33-251,1991,11.0,1,0,0,18,4,1,18,12,20,0,1,0,37,10,7,58.8,Matches
371,Eduard Löwen,de GER,MF,St. Louis,28-097,1997,4.1,3,1,1,6,5,0,12,6,7,0,0,0,22,3,3,50.0,Matches
372,Hirving Lozano,mx MEX,FW,San Diego FC,29-279,1995,6.1,3,0,0,14,13,4,28,2,4,0,0,0,16,5,2,71.4,Matches
373,Gonzalo Luján,ar ARG,DF,Inter Miami,24-008,2001,8.4,1,0,0,8,1,0,2,8,13,0,0,0,39,11,7,61.1,Matches
374,Jovan Lukić,rs SRB,MF,Philadelphia Union,23-105,2002,9.1,4,1,1,10,5,0,6,17,15,0,0,0,63,12,6,66.7,Matches
375,Diego Luna,us USA,"MF,FW",Real Salt Lake,21-240,2003,9.3,2,1,0,11,14,1,10,4,7,0,0,0,44,1,1,50.0,Matches
Rk,Player,Nation,Pos,Squad,Age,Born,90s,CrdY,CrdR,2CrdY,Fls,Fld,Off,Crs,Int,TklW,PKwon,PKcon,OG,Recov,Won,Lost,Won%,Matches
376,Benjamin Lundt,de GER,GK,St. Louis,29-223,1995,8.0,0,0,0,0,3,0,0,0,0,0,0,0,7,2,0,100.0,Matches
377,Liam MacKenzie,ca CAN,FW,Vancouver W'caps,18-051,2007,0.7,0,0,0,1,0,0,0,0,1,0,0,0,1,0,0,,Matches
378,Lukas MacNaughton,ca CAN,DF,D.C. United,30-058,1995,4.5,2,0,0,9,4,0,0,8,1,0,0,0,12,13,5,72.2,Matches
379,Jack Maher,us USA,DF,Nashville SC,25-189,1999,11.0,0,0,0,7,2,0,0,6,5,0,0,0,29,15,11,57.7,Matches
380,Olwethu Makhanya,za RSA,DF,Philadelphia Union,21-005,2004,6.4,2,1,0,9,8,0,1,15,11,0,0,0,39,14,4,77.8,Matches
381,Adilson Malanda,fr FRA,DF,Charlotte,23-188,2001,11.0,3,0,0,2,1,0,0,6,6,0,1,0,47,13,13,50.0,Matches
382,AJ Marcucci,us USA,GK,NY Red Bulls,25-278,1999,1.0,0,0,0,0,0,0,0,0,0,0,0,0,2,0,0,,Matches
383,Dominik Marczuk,pl POL,FW,Real Salt Lake,21-185,2003,5.3,1,0,0,2,7,4,21,4,4,0,0,0,20,1,2,33.3,Matches
384,Anthony Markanich,ph PHI,DF,Minnesota Utd,25-130,1999,5.1,0,0,0,10,4,2,7,10,9,0,0,0,23,12,9,57.1,Matches
385,Idan Markovich,il ISR,"FW,MF",Charlotte,20-269,2004,2.8,0,0,0,4,0,2,1,0,2,0,0,0,8,10,12,45.5,Matches
386,Marlon,br BRA,DF,LAFC,29-240,1995,4.8,0,0,0,8,2,0,0,7,3,0,0,0,20,10,6,62.5,Matches
387,Jahkeele Marshall-Rutty,ca CAN,DF,Charlotte,20-323,2004,0.3,0,0,0,0,0,0,2,0,1,0,0,0,0,0,0,,Matches
388,Jahkeele Marshall-Rutty,ca CAN,"MF,DF",CF Montréal,20-323,2004,2.6,1,0,0,2,4,0,5,2,3,0,0,0,19,0,4,0.0,Matches
389,Alonso Martínez,cr CRC,FW,NYCFC,26-202,1998,9.7,0,0,0,4,11,5,2,1,0,4,0,0,12,3,18,14.3,Matches
390,David Martínez,ve VEN,FW,LAFC,19-087,2006,5.9,3,0,0,11,4,1,18,1,8,0,0,0,18,1,4,20.0,Matches
391,Josef Martínez,ve VEN,FW,SJ Earthquakes,31-351,1993,7.1,0,0,0,2,2,7,0,0,0,1,0,0,16,4,12,25.0,Matches
392,Thiago Martins,br BRA,DF,NYCFC,30-049,1995,9.2,0,0,0,6,2,0,1,8,10,0,0,1,43,22,14,61.1,Matches
393,Jimmy Maurer,us USA,GK,Houston Dynamo,36-203,1988,1.3,0,0,0,0,0,0,0,0,0,0,0,0,2,0,0,,Matches
394,Eric Maxim Choupo-Moting,cm CMR,FW,NY Red Bulls,36-043,1989,10.7,2,0,0,12,13,12,5,0,12,1,0,0,30,19,35,35.2,Matches
395,Andreas Maxsø,dk DEN,DF,Colorado Rapids,31-048,1994,9.0,0,0,0,4,7,1,1,9,2,0,0,0,16,23,10,69.7,Matches
396,Olivier Mbaizo,cm CMR,DF,Philadelphia Union,27-263,1997,1.0,1,0,0,2,0,0,2,0,0,0,0,0,6,0,0,,Matches
397,Kenji Mboma Dem,fr FRA,DF,FC Cincinnati,23-103,2002,0.1,0,0,0,0,0,0,0,0,1,0,0,0,0,0,0,,Matches
398,John McCarthy,us USA,GK,LA Galaxy,32-305,1992,8.0,0,0,0,0,0,0,0,0,0,0,0,0,3,3,0,100.0,Matches
399,Jack McGlynn,us USA,"MF,FW",Houston Dynamo,21-302,2003,9.8,1,0,0,9,5,1,81,6,12,0,0,0,45,2,3,40.0,Matches
400,Zac McGraw,ca CAN,DF,Portland Timbers,27-331,1997,2.7,2,0,0,3,2,0,0,4,4,0,1,0,4,3,6,33.3,Matches
Rk,Player,Nation,Pos,Squad,Age,Born,90s,CrdY,CrdR,2CrdY,Fls,Fld,Off,Crs,Int,TklW,PKwon,PKcon,OG,Recov,Won,Lost,Won%,Matches
401,Duncan McGuire,us USA,FW,Orlando City,24-089,2001,3.0,0,0,0,2,4,0,1,0,0,0,0,0,6,7,11,38.9,Matches
402,Paddy McNair,nir NIR,DF,San Diego FC,30-008,1995,9.6,0,0,0,3,10,1,2,6,3,0,0,0,53,11,7,61.1,Matches
403,Christopher McVey,se SWE,DF,San Diego FC,28-023,1997,11.0,2,0,0,13,3,0,2,12,13,0,0,0,63,14,6,70.0,Matches
404,Loïc Mesanvi,tg TOG,"FW,DF",Minnesota Utd,21-211,2003,0.1,0,0,0,0,0,0,1,0,0,0,0,0,0,1,0,100.0,Matches
405,Lionel Messi,ar ARG,"FW,MF",Inter Miami,37-315,1987,6.4,1,0,0,3,13,0,14,0,3,0,0,0,20,0,1,0.0,Matches
406,Wyatt Meyer,us USA,MF,Nashville SC,24-114,2001,1.6,0,0,0,1,2,0,0,3,1,0,0,0,5,4,4,50.0,Matches
407,Matt Miazga,us USA,DF,FC Cincinnati,29-290,1995,2.0,1,0,0,1,2,1,0,2,2,0,1,0,2,4,1,80.0,Matches
408,Novak Mićović,rs SRB,GK,LA Galaxy,23-192,2001,3.0,0,0,0,0,0,0,0,0,0,0,0,0,9,0,0,,Matches
409,Alex Mighten,eng ENG,"FW,MF",San Diego FC,23-024,2002,3.0,1,0,0,3,9,0,5,0,2,1,0,0,6,0,2,0.0,Matches
410,Djordje Mihailovic,us USA,"MF,FW",Colorado Rapids,26-176,1998,10.8,1,0,0,7,15,3,86,5,2,0,0,0,44,4,6,40.0,Matches
411,Eric Miller,us USA,DF,Portland Timbers,32-110,1993,3.2,0,0,0,2,0,0,6,2,1,0,0,0,8,5,5,50.0,Matches
412,Harbor Miller,us USA,DF,LA Galaxy,17-318,2007,2.7,1,0,0,5,8,1,8,1,1,0,0,0,9,1,3,25.0,Matches
413,Jansen Miller,us USA,DF,Sporting KC,23-084,2002,7.5,1,0,0,7,5,0,2,7,11,0,0,1,35,11,10,52.4,Matches
414,Kamal Miller,ca CAN,DF,Portland Timbers,27-354,1997,8.1,2,1,0,10,4,0,0,12,1,0,0,0,28,11,4,73.3,Matches
415,Peyton Miller,us USA,"DF,FW",NE Revolution,17-355,2007,4.8,1,0,0,4,5,2,16,8,6,0,0,0,21,5,6,45.5,Matches
416,Georgi Minoungou,ci CIV,"FW,MF",Seattle Sounders,22-284,2002,3.8,0,0,0,6,7,4,18,2,4,0,0,0,14,2,2,50.0,Matches
417,Aleksei Miranchuk,ru RUS,"MF,FW",Atlanta Utd,29-200,1995,10.1,0,0,0,8,10,2,40,6,8,0,0,0,43,2,5,28.6,Matches
418,Zane Monlouis,eng ENG,DF,Toronto FC,21-201,2003,3.2,0,0,0,0,0,0,0,3,0,0,0,0,15,3,5,37.5,Matches
419,Shaq Moore,us USA,DF,FC Dallas,28-184,1996,11.0,1,0,0,16,10,1,27,6,16,0,0,0,31,11,10,52.4,Matches
420,Felipe Mora,cl CHI,FW,Portland Timbers,31-276,1993,6.7,2,0,0,3,16,2,4,2,0,1,0,0,7,12,18,40.0,Matches
421,Alfredo Morales,us USA,MF,St. Louis,34-358,1990,5.8,3,1,1,7,6,0,5,7,2,0,0,0,35,8,4,66.7,Matches
422,Santi Morales,us USA,"MF,FW",Inter Miami,18-085,2007,0.2,0,0,0,1,0,0,0,0,1,0,0,0,2,0,0,,Matches
423,Maximiliano Moralez,ar ARG,MF,NYCFC,38-067,1987,10.2,1,0,0,9,21,2,57,4,11,0,0,0,62,7,5,58.3,Matches
424,Steven Moreira,cv CPV,DF,Columbus Crew,30-265,1994,7.2,1,0,0,4,5,0,9,8,5,0,0,0,24,0,7,0.0,Matches
425,Santiago Moreno,co COL,FW,Portland Timbers,25-014,2000,7.9,0,0,0,11,14,0,19,4,7,0,0,0,47,4,3,57.1,Matches
Rk,Player,Nation,Pos,Squad,Age,Born,90s,CrdY,CrdR,2CrdY,Fls,Fld,Off,Crs,Int,TklW,PKwon,PKcon,OG,Recov,Won,Lost,Won%,Matches
426,Lewis Morgan,sct SCO,"MF,FW",NY Red Bulls,28-217,1996,1.0,0,0,0,0,1,0,4,0,1,0,0,0,1,0,4,0.0,Matches
427,Jordan Morris,us USA,FW,Seattle Sounders,30-191,1994,3.2,0,0,0,1,1,3,1,1,1,0,0,0,8,8,6,57.1,Matches
428,Edwin Mosquera,co COL,FW,Atlanta Utd,23-312,2001,1.1,2,0,0,3,2,0,7,0,2,0,0,0,3,0,1,0.0,Matches
429,Cole Mrowka,us USA,MF,Columbus Crew,19-029,2006,0.3,0,0,0,1,1,0,1,0,0,0,0,0,1,0,0,,Matches
430,Hany Mukhtar,de GER,"FW,MF",Nashville SC,30-045,1995,10.8,1,0,0,17,18,7,56,2,3,2,0,0,29,2,14,12.5,Matches
431,Daniel Munie,us USA,DF,SJ Earthquakes,25-084,2000,3.4,1,0,0,4,2,0,0,1,5,0,0,0,16,7,9,43.8,Matches
432,Luis Muriel,co COL,"FW,MF",Orlando City,34-019,1991,9.0,1,0,0,11,7,4,19,2,7,1,0,0,25,8,17,32.0,Matches
433,Ian Murphy,us USA,DF,Colorado Rapids,25-109,2000,5.1,0,0,0,3,1,0,4,5,4,0,0,0,28,7,7,50.0,Matches
434,Jacob Murrell,us USA,"FW,MF",D.C. United,21-037,2004,3.7,0,0,0,5,3,0,9,1,3,0,0,0,8,6,12,33.3,Matches
435,Petar Musa,hr CRO,FW,FC Dallas,27-062,1998,7.5,1,0,0,8,11,5,2,1,3,0,0,0,29,16,13,55.2,Matches
436,Daniel Musovski,us USA,FW,Seattle Sounders,29-156,1995,4.7,2,0,0,7,7,4,0,0,4,0,0,0,10,8,20,28.6,Matches
437,Alex Muyl,us USA,"MF,FW",Nashville SC,29-217,1995,9.2,0,0,0,11,13,5,7,9,6,0,0,0,44,6,11,35.3,Matches
438,Tristan Muyumba,,MF,Atlanta Utd,28-059,1997,4.7,1,0,0,4,3,0,0,7,9,0,0,0,39,1,2,33.3,Matches
439,Darlington Nagbe,us USA,MF,Columbus Crew,34-290,1990,9.7,0,0,0,6,20,0,1,5,5,0,0,0,64,4,5,44.4,Matches
440,Andy Najar,hn HON,DF,Nashville SC,32-050,1993,9.1,1,0,0,10,4,0,18,16,8,0,1,0,47,7,7,50.0,Matches
441,Matheus Nascimento,br BRA,"FW,MF",LA Galaxy,21-063,2004,1.1,0,0,0,2,3,0,0,1,0,0,0,0,7,5,4,55.6,Matches
442,Rafael Navarro,br BRA,FW,Colorado Rapids,25-021,2000,11.0,0,0,0,17,23,9,5,7,13,2,0,0,35,24,27,47.1,Matches
443,Logan Ndenbe,be BEL,DF,Sporting KC,25-085,2000,9.1,2,0,0,5,12,2,31,11,20,0,0,0,34,9,3,75.0,Matches
444,Jalen Neal,us USA,DF,CF Montréal,21-254,2003,0.1,0,0,0,0,0,0,0,0,0,0,0,0,0,0,0,,Matches
445,Dylan Nealis,us USA,DF,NY Red Bulls,26-279,1998,6.7,0,0,0,3,9,0,19,3,11,1,0,0,26,9,10,47.4,Matches
446,Sean Nealis,us USA,DF,NY Red Bulls,28-112,1997,8.0,3,0,0,6,0,1,0,10,6,0,1,0,37,22,12,64.7,Matches
447,Franco Negri,ar ARG,DF,San Diego FC,30-074,1995,4.5,4,0,0,7,2,0,13,5,4,0,0,0,17,1,2,33.3,Matches
448,Jayden Nelson,ca CAN,FW,Vancouver W'caps,22-221,2002,4.4,1,0,0,14,8,1,9,2,6,0,0,0,21,3,6,33.3,Matches
449,John Nelson,us USA,DF,LA Galaxy,26-298,1998,6.3,0,0,0,4,0,1,5,2,6,0,1,0,13,5,6,45.5,Matches
450,Jean-Claude Ngando,cm CMR,"MF,FW",Vancouver W'caps,25-166,1999,6.7,1,0,0,6,6,2,7,3,7,0,0,0,44,6,5,54.5,Matches
Rk,Player,Nation,Pos,Squad,Age,Born,90s,CrdY,CrdR,2CrdY,Fls,Fld,Off,Crs,Int,TklW,PKwon,PKcon,OG,Recov,Won,Lost,Won%,Matches
451,Serge Ngoma,us USA,"FW,DF",NY Red Bulls,19-300,2005,2.9,4,0,0,9,5,1,1,1,1,0,0,0,8,4,5,44.4,Matches
452,Joakim Nilsson,se SWE,"DF,MF",St. Louis,31-088,1994,1.5,0,0,0,2,0,0,1,3,1,0,0,0,7,2,2,50.0,Matches
453,Nolan Norris,us USA,DF,FC Dallas,20-077,2005,4.3,2,0,0,8,5,0,4,5,9,0,0,0,24,11,3,78.6,Matches
454,Tsiki Ntsabeleng,za RSA,MF,FC Dallas,27-085,1998,2.1,0,0,0,0,3,0,0,2,5,0,0,0,10,2,0,100.0,Matches
455,Obinna Nwobodo,ng NGA,MF,FC Cincinnati,28-157,1996,4.9,3,0,0,5,6,0,1,8,10,0,0,0,43,1,4,20.0,Matches
456,Kevin O'Toole,us USA,DF,NYCFC,26-142,1998,8.2,3,1,1,14,2,1,19,16,12,0,0,0,38,10,12,45.5,Matches
457,Allen Obando,ec ECU,FW,Inter Miami,18-326,2006,1.3,0,0,0,3,2,0,0,0,1,0,0,0,2,6,3,66.7,Matches
458,Jáder Obrian,co COL,"MF,FW",Austin,29-352,1995,4.3,2,0,0,2,10,4,9,1,4,0,0,0,16,5,3,62.5,Matches
459,Édier Ocampo,co COL,DF,Vancouver W'caps,21-214,2003,6.6,2,0,0,7,15,0,29,6,12,1,0,0,29,4,4,50.0,Matches
460,Agustin Ojeda,ar ARG,FW,NYCFC,20-320,2004,4.7,0,0,0,2,6,2,11,4,7,0,0,0,27,4,3,57.1,Matches
461,Braian Ojeda,py PAR,MF,Real Salt Lake,24-312,2000,9.8,3,0,0,18,20,0,6,9,11,0,0,0,61,7,8,46.7,Matches
462,Martín Ojeda,ar ARG,"MF,FW",Orlando City,26-159,1998,8.9,0,0,0,4,10,3,48,3,4,0,0,0,42,2,7,22.2,Matches
463,Tani Oluwaseyi,ca CAN,FW,Minnesota Utd,24-355,2000,9.1,3,0,0,20,11,5,5,3,8,0,0,0,21,27,27,50.0,Matches
464,Wyatt Omsberg,us USA,DF,NE Revolution,29-226,1995,0.4,0,0,0,0,0,0,0,0,1,0,0,0,3,1,1,50.0,Matches
465,Kwadwo Opoku,gh GHA,"FW,MF",CF Montréal,23-296,2001,1.6,1,0,0,0,3,1,0,0,3,0,0,0,4,0,3,0.0,Matches
466,Nathan Ordaz,sv SLV,FW,LAFC,21-113,2004,6.1,1,0,0,7,8,5,7,2,1,0,0,1,23,2,5,28.6,Matches
467,Sergio Oregel,us USA,MF,Chicago Fire,19-354,2005,9.2,3,0,0,13,10,0,3,10,2,0,0,0,46,2,7,22.2,Matches
468,Luca Orellano,ar ARG,"FW,MF",FC Cincinnati,25-044,2000,7.9,2,0,0,5,10,1,32,0,2,0,0,0,34,4,2,66.7,Matches
469,Prince Osei Owusu,de GER,FW,CF Montréal,28-118,1997,10.3,1,0,0,19,18,13,5,2,6,0,0,0,27,23,31,42.6,Matches
470,Harold Osorio,sv SLV,MF,Chicago Fire,21-258,2003,0.0,0,0,0,0,0,0,0,0,0,0,0,0,0,1,2,33.3,Matches
471,Jonathan Osorio,ca CAN,MF,Toronto FC,32-327,1992,9.0,0,0,0,10,18,1,5,6,8,0,0,0,46,6,6,50.0,Matches
472,Tomáš Ostrák,cz CZE,"MF,DF",St. Louis,25-089,2000,2.4,1,0,0,3,4,0,1,1,3,0,0,0,13,1,1,50.0,Matches
473,Javier Otero,ve VEN,GK,Orlando City,22-168,2002,1.0,1,0,0,0,0,0,0,0,0,0,0,0,1,0,0,,Matches
474,Devin Padelford,us USA,DF,Minnesota Utd,22-122,2003,0.0,0,0,0,0,0,0,0,0,0,0,0,0,0,0,0,,Matches
475,Maarten Paes,id IDN,GK,FC Dallas,26-356,1998,10.0,0,0,0,0,2,0,0,0,1,0,0,0,7,1,0,100.0,Matches
Rk,Player,Nation,Pos,Squad,Age,Born,90s,CrdY,CrdR,2CrdY,Fls,Fld,Off,Crs,Int,TklW,PKwon,PKcon,OG,Recov,Won,Lost,Won%,Matches
476,Joseph Paintsil,gh GHA,FW,LA Galaxy,27-093,1998,4.8,2,0,0,10,18,2,16,2,1,0,0,0,14,0,1,0.0,Matches
477,Nelson Palacio,co COL,MF,Real Salt Lake,23-323,2001,2.2,0,0,0,4,1,0,0,6,2,0,1,0,10,4,2,66.7,Matches
478,Jeison Palacios,co COL,DF,Nashville SC,31-046,1994,4.0,0,0,0,1,4,0,1,4,5,0,0,0,26,10,8,55.6,Matches
479,Sergi Palencia,es ESP,"DF,MF",LAFC,29-043,1996,9.3,2,0,0,14,8,0,22,13,23,0,0,0,33,9,13,40.9,Matches
480,James Pantemis,ca CAN,GK,Portland Timbers,28-073,1997,9.0,0,0,0,0,0,0,0,0,0,0,0,0,18,3,0,100.0,Matches
481,Cristhian Paredes,py PAR,MF,Portland Timbers,26-352,1998,1.3,1,0,0,1,3,0,1,6,3,0,0,0,6,3,1,75.0,Matches
482,Isaiah Parente,us USA,MF,LA Galaxy,25-050,2000,5.9,2,0,0,6,11,0,5,2,9,0,0,0,35,2,7,22.2,Matches
483,Tim Parker,us USA,DF,NY Red Bulls,32-071,1993,2.6,0,0,0,2,1,0,0,1,3,0,0,0,14,8,6,57.1,Matches
484,Keaton Parks,us USA,MF,NYCFC,27-272,1997,9.1,2,0,0,14,12,0,2,11,10,0,0,1,56,16,7,69.6,Matches
485,Marco Pašalić,hr CRO,"FW,MF",Orlando City,24-233,2000,9.4,1,0,0,7,5,1,6,6,9,0,0,0,33,2,6,25.0,Matches
486,João Paulo Mior,br BRA,MF,Seattle Sounders,34-058,1991,2.5,1,0,0,3,11,0,5,4,5,0,0,0,20,0,1,0.0,Matches
487,Tom Pearce,eng ENG,"MF,DF",CF Montréal,27-023,1998,3.5,1,0,0,4,4,0,47,1,1,0,0,0,7,2,3,40.0,Matches
488,Pedrinho,br BRA,"MF,FW",FC Dallas,22-017,2003,3.5,0,0,0,3,4,0,5,2,9,0,0,0,20,3,4,42.9,Matches
489,Peglow,br BRA,"FW,MF",D.C. United,23-118,2002,6.1,2,0,0,10,5,0,30,1,11,1,0,0,31,5,9,35.7,Matches
490,Amahl Pellegrino,no NOR,"MF,FW",SJ Earthquakes,34-321,1990,2.8,0,0,0,2,3,2,1,5,3,0,0,0,8,1,6,14.3,Matches
491,Matti Peltola,fi FIN,"MF,DF",D.C. United,22-306,2002,3.6,1,0,0,9,2,0,0,4,7,0,1,0,14,0,2,0.0,Matches
492,Andrés Perea,us USA,MF,NYCFC,24-172,2000,1.5,0,0,0,3,0,0,1,1,2,0,0,0,6,1,5,16.7,Matches
493,Daniel Pereira,ve VEN,MF,Austin,24-295,2000,8.4,3,0,0,16,10,0,19,9,9,0,0,0,51,1,2,33.3,Matches
494,Joaquín Pereyra,ar ARG,MF,Minnesota Utd,26-155,1998,8.9,1,0,0,17,12,3,60,9,13,0,0,0,57,1,10,9.1,Matches
495,Jonathan Perez,mx MEX,"FW,MF",Nashville SC,22-107,2003,1.8,1,0,0,3,2,0,3,0,2,0,0,0,9,1,3,25.0,Matches
496,Luca Petrasso,ca CAN,DF,CF Montréal,24-323,2000,10.3,2,0,0,3,3,0,27,7,9,0,0,0,52,9,13,40.9,Matches
497,Raoul Petretta,it ITA,DF,Toronto FC,28-042,1997,6.9,2,0,0,3,9,1,4,5,17,0,0,0,39,6,4,60.0,Matches
498,Fafà Picault,ht HAI,"FW,MF",Inter Miami,34-071,1991,3.6,0,0,0,7,5,3,14,0,8,0,0,0,12,5,3,62.5,Matches
499,Samuel Piette,ca CAN,MF,CF Montréal,30-174,1994,6.3,1,0,0,6,5,1,0,15,7,0,0,0,28,8,5,61.5,Matches
500,Ian Pilcher,us USA,DF,San Diego FC,22-045,2003,1.4,1,0,0,3,1,0,1,1,0,0,0,0,6,6,0,100.0,Matches
Rk,Player,Nation,Pos,Squad,Age,Born,90s,CrdY,CrdR,2CrdY,Fls,Fld,Off,Crs,Int,TklW,PKwon,PKcon,OG,Recov,Won,Lost,Won%,Matches
501,Mauricio Pineda,us USA,MF,Chicago Fire,27-200,1997,7.3,2,0,0,10,6,0,0,8,7,0,0,0,30,5,2,71.4,Matches
502,Ariath Piol,au AUS,FW,Real Salt Lake,20-206,2004,5.6,0,1,0,6,4,5,1,1,0,0,0,0,5,8,14,36.4,Matches
503,Gabriel Pirani,br BRA,"MF,FW",D.C. United,23-023,2002,6.9,0,0,0,1,14,1,8,3,2,0,0,0,32,1,5,16.7,Matches
504,Matt Polster,us USA,MF,NE Revolution,31-331,1993,6.8,2,0,0,14,3,0,0,10,5,0,0,0,30,7,8,46.7,Matches
505,Célio Pompeu,br BRA,"MF,FW",St. Louis,25-146,1999,3.6,1,0,0,8,7,0,15,1,3,0,0,0,13,1,3,25.0,Matches
506,Ezequiel Ponce,ar ARG,FW,Houston Dynamo,28-037,1997,10.9,4,0,0,29,18,9,1,2,4,0,0,0,24,14,32,30.4,Matches
507,Alvas Powell,jm JAM,DF,FC Cincinnati,30-291,1994,2.7,1,0,0,4,4,1,2,2,5,0,0,1,17,8,3,72.7,Matches
508,Ralph Priso-Mbongue,ca CAN,MF,Vancouver W'caps,22-276,2002,3.7,3,0,0,15,2,0,1,5,7,0,0,0,22,1,1,50.0,Matches
509,Andrew Privett,us USA,DF,Charlotte,24-276,2000,9.0,0,1,0,6,2,0,0,8,7,0,1,0,36,14,9,60.9,Matches
510,John Pulskamp,us USA,GK,Sporting KC,24-016,2001,11.0,2,0,0,1,2,0,0,0,0,0,1,0,12,2,0,100.0,Matches
511,Ahmed Qasem,se SWE,"MF,FW",Nashville SC,21-297,2003,5.6,0,0,0,10,8,1,7,5,5,1,0,0,19,3,3,50.0,Matches
512,Philip Quinton,us USA,DF,Real Salt Lake,25-170,1999,6.0,2,0,0,4,4,0,2,5,3,0,0,0,29,7,7,50.0,Matches
513,Nemanja Radoja,rs SRB,MF,Sporting KC,32-088,1993,7.2,3,0,0,9,9,0,1,8,14,0,0,0,42,11,7,61.1,Matches
514,Jeremy Rafanello,us USA,MF,Philadelphia Union,25-021,2000,0.3,0,0,0,1,1,0,0,0,0,0,0,0,3,2,1,66.7,Matches
515,Jackson Ragen,us USA,DF,Seattle Sounders,26-223,1998,6.7,2,0,0,3,4,0,0,3,6,0,0,0,33,10,12,45.5,Matches
516,Brooklyn Raines,us USA,MF,Houston Dynamo,20-055,2005,3.7,0,0,0,7,2,0,1,4,6,0,0,0,13,0,7,0.0,Matches
517,Christian Ramirez,us USA,FW,LA Galaxy,34-031,1991,6.6,0,0,0,1,8,1,2,2,2,0,0,0,8,9,7,56.3,Matches
518,Rubén Ramos,us USA,MF,LA Galaxy,18-103,2007,0.7,0,0,0,0,0,0,0,0,0,0,0,0,0,0,1,0.0,Matches
519,Tim Ream,us USA,DF,Charlotte,37-212,1987,9.3,0,0,0,5,1,0,7,11,10,0,0,0,34,14,7,66.7,Matches
520,Federico Redondo,ar ARG,MF,Inter Miami,22-107,2003,4.1,2,0,0,8,3,0,1,6,3,0,0,0,31,3,1,75.0,Matches
521,Seymour Reid,jm JAM,FW,NYCFC,17-062,2008,0.2,0,0,0,1,1,0,0,0,0,0,0,0,0,0,0,,Matches
522,William Reilly,us USA,MF,Atlanta Utd,22-153,2002,1.0,1,0,0,1,6,0,1,4,2,0,0,0,9,1,0,100.0,Matches
523,Marco Reus,de GER,"MF,FW",LA Galaxy,35-339,1989,3.6,0,0,0,0,4,0,11,0,3,0,0,0,5,0,2,0.0,Matches
524,Andrés Reyes,co COL,DF,San Diego FC,25-239,1999,0.5,2,1,1,3,1,0,0,0,0,0,1,0,1,1,0,100.0,Matches
525,Justin Reynolds,us USA,DF,Chicago Fire,20-274,2004,1.2,0,0,0,2,1,0,3,1,1,0,0,0,4,0,1,0.0,Matches
Rk,Player,Nation,Pos,Squad,Age,Born,90s,CrdY,CrdR,2CrdY,Fls,Fld,Off,Crs,Int,TklW,PKwon,PKcon,OG,Recov,Won,Lost,Won%,Matches
526,Andrew Rick,us USA,GK,Philadelphia Union,19-095,2006,2.0,1,0,0,0,0,0,0,0,0,0,0,0,1,0,0,,Matches
527,Jamar Ricketts,us USA,"DF,MF",SJ Earthquakes,23-193,2001,4.4,0,0,0,7,5,1,9,9,6,0,0,0,16,3,6,33.3,Matches
528,Kalani Rienzi,us USA,"MF,DF",Seattle Sounders,22-312,2002,4.6,1,0,0,5,1,3,6,9,10,0,0,0,15,0,0,,Matches
529,Rocco Ríos Novo,ar ARG,GK,Inter Miami,22-335,2002,1.6,0,0,0,0,0,0,0,0,0,0,0,0,3,1,0,100.0,Matches
530,Birk Risa,no NOR,"DF,MF",NYCFC,27-081,1998,5.1,1,0,0,5,6,0,2,6,3,0,0,0,13,9,7,56.3,Matches
531,Reid Roberts,us USA,DF,SJ Earthquakes,21-147,2003,1.1,0,0,0,3,0,0,4,1,3,0,0,0,6,0,3,0.0,Matches
532,Miles Robinson,us USA,DF,FC Cincinnati,28-052,1997,8.2,0,0,0,5,1,0,0,15,11,0,1,0,20,25,14,64.1,Matches
533,Stian Rode Gregersen,no NOR,DF,Atlanta Utd,29-353,1995,6.8,1,0,0,10,14,0,0,10,10,0,0,0,27,17,8,68.0,Matches
534,Rodrigues,br BRA,DF,SJ Earthquakes,27-207,1997,7.5,2,0,0,8,17,0,5,21,17,0,0,0,42,13,8,61.9,Matches
535,Jonathan Rodríguez,uy URU,FW,Portland Timbers,31-303,1993,1.0,2,0,0,1,3,1,0,0,0,1,0,0,5,4,0,100.0,Matches
536,Memo Rodriguez,us USA,MF,Sporting KC,29-129,1995,3.0,1,0,0,8,7,0,17,0,7,0,0,0,11,1,3,25.0,Matches
537,Nicolás Rodríguez,co COL,"DF,FW",Orlando City,21-010,2004,0.3,0,0,0,0,1,0,0,0,0,0,0,0,0,1,0,100.0,Matches
538,Sam Rogers,us USA,DF,Chicago Fire,25-353,1999,7.0,1,0,0,8,1,0,0,13,4,0,1,0,25,9,6,60.0,Matches
539,Alex Roldan,sv SLV,"MF,DF",Seattle Sounders,28-281,1996,6.1,2,0,0,4,13,1,17,11,13,0,0,0,33,11,5,68.8,Matches
540,Cristian Roldan,us USA,"MF,FW",Seattle Sounders,29-336,1995,10.1,0,0,0,12,23,2,6,11,11,0,0,0,71,20,18,52.6,Matches
541,Nicolás Romero,ar ARG,DF,Minnesota Utd,21-158,2003,6.8,2,0,0,8,7,0,0,10,2,0,0,0,27,14,11,56.0,Matches
542,David Romney,us USA,DF,SJ Earthquakes,31-327,1993,11.0,2,0,0,10,1,0,6,8,2,0,0,0,29,40,18,69.0,Matches
543,Connor Ronan,ie IRL,"MF,FW",Colorado Rapids,27-060,1998,1.2,0,0,0,4,1,0,4,1,1,0,0,0,7,0,3,0.0,Matches
544,Anderson Rosa,br BRA,DF,Colorado Rapids,23-173,2001,0.3,0,0,0,0,0,0,0,0,0,0,0,0,2,1,0,100.0,Matches
545,Joseph Rosales,hn HON,DF,Minnesota Utd,24-180,2000,5.9,1,0,0,10,2,0,38,7,12,0,0,0,45,5,5,50.0,Matches
546,Keegan Rosenberry,us USA,DF,Colorado Rapids,31-145,1993,7.4,0,0,0,3,1,1,8,14,3,0,0,0,31,8,10,44.4,Matches
547,Daniel Rosero,co COL,DF,Sporting KC,31-211,1993,1.8,1,0,0,2,1,0,0,6,2,0,0,0,9,5,2,71.4,Matches
548,Diego Rossi,uy URU,"FW,MF",Columbus Crew,27-061,1998,10.8,1,0,0,7,18,4,28,3,1,0,0,0,20,2,8,20.0,Matches
549,Sigurd Rosted,no NOR,DF,Toronto FC,30-287,1994,8.0,1,0,0,8,11,0,0,14,6,0,0,0,20,9,11,45.0,Matches
550,Paul Rothrock,us USA,"MF,FW",Seattle Sounders,26-116,1999,9.2,1,0,0,17,15,3,35,6,5,1,0,0,29,2,10,16.7,Matches
Rk,Player,Nation,Pos,Squad,Age,Born,90s,CrdY,CrdR,2CrdY,Fls,Fld,Off,Crs,Int,TklW,PKwon,PKcon,OG,Recov,Won,Lost,Won%,Matches
551,Kye Rowles,au AUS,DF,D.C. United,26-315,1998,9.0,5,0,0,7,5,0,0,16,8,0,0,0,31,19,11,63.3,Matches
552,Diego Rubio,cl CHI,"FW,MF",Austin,31-355,1993,1.6,1,0,0,4,4,0,3,1,2,0,0,0,7,2,9,18.2,Matches
553,Pablo Ruíz,ar ARG,MF,Real Salt Lake,26-136,1998,2.1,2,0,0,4,0,0,6,2,2,0,0,0,9,0,3,0.0,Matches
554,David Ruíz-Ochoa,hn HON,"MF,FW",Inter Miami,21-086,2004,0.8,0,0,0,1,2,0,1,1,1,0,0,0,4,2,1,66.7,Matches
555,Albert Rusnák,sk SVK,"FW,MF",Seattle Sounders,30-302,1994,7.8,0,0,0,3,1,1,59,0,1,0,0,0,23,0,2,0.0,Matches
556,Jacen Russell-Rowe,ca CAN,FW,Columbus Crew,22-234,2002,9.5,2,0,0,12,10,0,3,0,1,0,0,0,18,11,11,50.0,Matches
557,Cesar Ruvalcaba,us USA,DF,Columbus Crew,23-296,2001,1.6,0,0,0,2,0,0,1,1,2,0,0,0,5,2,1,66.7,Matches
558,Emmanuel Sabbi,us USA,FW,Vancouver W'caps,27-132,1997,4.0,1,0,0,8,7,0,10,2,8,0,0,0,12,2,8,20.0,Matches
559,Besard Sabovic,se SWE,MF,Austin,27-120,1998,7.3,3,0,0,21,16,0,2,7,8,0,0,0,29,3,5,37.5,Matches
560,Anisse Saidi,tn TUN,MF,San Diego FC,16-319,2008,0.1,0,0,0,1,0,0,0,0,0,0,0,0,0,0,0,,Matches
561,Adam Saldaña,us USA,MF,LAFC,23-087,2002,2.0,1,0,0,4,2,0,0,1,4,0,0,0,8,1,0,100.0,Matches
562,Nathan-Dylan Saliba,ca CAN,MF,CF Montréal,20-249,2004,9.3,3,0,0,9,10,0,8,7,16,0,0,0,39,11,16,40.7,Matches
563,Dániel Sallói,hu HUN,"FW,MF",Sporting KC,28-290,1996,7.6,0,0,0,7,6,5,13,5,4,0,0,0,22,2,7,22.2,Matches
564,Lucas Sanabria,uy URU,"MF,FW",LA Galaxy,21-130,2003,2.5,0,0,0,5,3,0,0,4,4,0,0,0,10,1,2,33.3,Matches
565,Ilie Sánchez,es ESP,MF,Austin,34-165,1990,6.5,1,0,0,5,4,0,2,8,8,0,0,1,34,8,6,57.1,Matches
566,William Sands,us USA,DF,NE Revolution,24-303,2000,3.2,2,0,0,8,7,0,7,5,4,0,0,0,15,2,6,25.0,Matches
567,Edvard Sandvik Tagseth,no NOR,MF,Nashville SC,24-102,2001,10.1,4,0,0,19,4,1,36,12,16,0,0,0,72,3,8,27.3,Matches
568,Jeong Sangbin,kr KOR,"FW,MF",Minnesota Utd,23-034,2002,2.0,1,0,0,3,2,0,5,0,1,0,0,0,8,2,9,18.2,Matches
569,Sergio Santos Gomes,br BRA,"FW,MF",FC Cincinnati,30-243,1994,3.8,0,0,0,11,15,1,1,0,7,0,0,0,13,6,11,35.3,Matches
570,Rafael Santos,br BRA,DF,Orlando City,27-089,1998,5.4,3,1,1,3,3,0,26,6,8,0,0,0,21,8,3,72.7,Matches
571,Nick Scardina,us USA,DF,Charlotte,23-317,2001,2.3,0,0,0,1,5,0,2,1,3,0,0,0,14,3,1,75.0,Matches
572,Rodrigo Schlegel,ar ARG,DF,Orlando City,28-032,1997,9.5,3,1,1,8,8,0,0,6,5,0,0,0,32,9,13,40.9,Matches
573,David Schnegg,at AUT,"DF,MF",D.C. United,26-218,1998,10.8,4,0,0,22,6,2,51,14,25,0,0,0,49,14,10,58.3,Matches
574,Patrick Schulte,us USA,GK,Columbus Crew,24-053,2001,10.0,2,0,0,0,0,0,0,0,0,0,0,0,17,1,0,100.0,Matches
575,Tarik Scott,us USA,"DF,FW",FC Dallas,20-012,2005,0.2,0,0,0,1,0,0,0,1,1,0,0,0,0,0,0,,Matches
Rk,Player,Nation,Pos,Squad,Age,Born,90s,CrdY,CrdR,2CrdY,Fls,Fld,Off,Crs,Int,TklW,PKwon,PKcon,OG,Recov,Won,Lost,Won%,Matches
576,Dante Sealy,us USA,"FW,DF",CF Montréal,22-018,2003,7.8,2,0,0,14,14,1,55,4,10,0,0,0,23,5,6,45.5,Matches
577,Gabe Segal,us USA,"FW,MF",Houston Dynamo,23-353,2001,0.3,0,0,0,3,0,0,0,0,0,0,0,0,0,0,1,0.0,Matches
578,Telasco Segovia,ve VEN,"MF,FW",Inter Miami,22-033,2003,5.2,1,0,0,10,7,1,11,2,6,0,0,0,23,1,3,25.0,Matches
579,Eddie Segura,co COL,DF,LAFC,28-092,1997,6.4,2,0,0,10,3,0,0,9,2,0,0,0,30,8,7,53.3,Matches
580,Amar Sejdic,us USA,"MF,FW",Columbus Crew,28-157,1996,0.1,0,0,0,0,0,0,0,0,0,0,0,0,0,0,0,,Matches
581,Brandon Servania,us USA,MF,D.C. United,26-054,1999,5.9,1,0,0,12,10,0,1,4,10,0,1,0,31,6,6,50.0,Matches
582,Jacob Shaffelburg,ca CAN,"FW,MF",Nashville SC,25-160,1999,2.9,0,0,0,4,7,1,10,1,4,1,0,0,12,3,4,42.9,Matches
583,Charles Sharp,us USA,FW,Toronto FC,23-316,2001,1.1,0,0,0,0,2,0,0,1,0,0,0,0,1,5,4,55.6,Matches
584,Samuel Shashoua,eng ENG,"MF,FW",Minnesota Utd,25-357,1999,1.2,0,0,0,1,0,0,4,2,1,0,0,0,6,0,1,0.0,Matches
585,Khiry Shelton,us USA,DF,Sporting KC,31-313,1993,4.4,0,0,0,4,1,0,3,11,1,0,0,0,27,7,4,63.6,Matches
586,Jonathan Shore,us USA,MF,NYCFC,18-022,2007,7.7,1,0,0,10,2,0,6,7,16,0,0,0,47,4,3,57.1,Matches
587,Show,ao ANG,MF,FC Dallas,26-060,1999,2.2,1,0,0,6,2,0,0,1,2,0,0,0,9,1,4,20.0,Matches
588,Xande Silva,pt POR,FW,Atlanta Utd,28-050,1997,2.5,0,0,0,9,7,1,3,2,2,0,0,0,14,1,3,25.0,Matches
589,Xande Silva,pt POR,DF,St. Louis,28-050,1997,0.2,0,0,0,1,0,0,0,0,1,0,0,0,0,0,0,,Matches
590,Jonathan Sirois,ca CAN,GK,CF Montréal,23-312,2001,10.0,0,0,0,0,0,0,0,0,0,0,0,0,20,1,0,100.0,Matches
591,Jack Skahan,us USA,MF,SJ Earthquakes,27-087,1998,0.1,0,0,0,1,0,0,0,0,0,0,0,0,1,1,0,100.0,Matches
592,Bartosz Slisz,pl POL,MF,Atlanta Utd,26-037,1999,8.2,3,0,0,11,6,0,6,13,11,0,1,0,48,26,8,76.5,Matches
593,Tyger Smalls,,"FW,MF",Charlotte,,,0.6,0,0,0,2,2,0,0,0,1,0,0,0,4,2,1,66.7,Matches
594,Alec Smir,us USA,GK,Minnesota Utd,26-022,1999,1.0,0,0,0,0,0,0,0,0,0,0,0,0,2,0,0,,Matches
595,Brad Smith,au AUS,"DF,MF",FC Cincinnati,31-026,1994,1.4,0,0,0,1,0,0,7,0,0,0,0,0,5,0,2,0.0,Matches
596,Ian Smith,us USA,DF,Portland Timbers,22-293,2002,3.3,1,0,0,1,5,0,2,3,3,0,0,0,8,6,9,40.0,Matches
597,Kyle Smith,us USA,"DF,MF",Orlando City,33-116,1992,4.5,1,0,0,3,4,0,3,2,8,0,0,0,13,10,7,58.8,Matches
598,Artem Smoliakov,ua UKR,"DF,MF",LAFC,21-341,2003,2.9,0,0,0,3,4,0,8,2,0,0,0,0,12,2,2,50.0,Matches
599,Mohammed Sofo,gh GHA,FW,NY Red Bulls,20-186,2004,2.6,0,0,0,3,1,3,3,1,6,0,0,0,6,0,11,0.0,Matches
600,Tyrese Spicer,tt TRI,"FW,MF",Toronto FC,24-152,2000,3.5,0,0,0,2,4,3,17,3,2,0,1,0,15,2,5,28.6,Matches
Rk,Player,Nation,Pos,Squad,Age,Born,90s,CrdY,CrdR,2CrdY,Fls,Fld,Off,Crs,Int,TklW,PKwon,PKcon,OG,Recov,Won,Lost,Won%,Matches
601,Dayne St. Clair,ca CAN,GK,Minnesota Utd,27-361,1997,10.0,2,0,0,0,1,0,0,0,0,0,0,0,9,0,0,,Matches
602,Lazar Stefanovic,ca CAN,"DF,MF",Toronto FC,18-268,2006,1.2,0,0,0,0,0,0,0,2,2,0,0,0,2,3,1,75.0,Matches
603,Zack Steffen,us USA,GK,Colorado Rapids,30-033,1995,9.0,2,0,0,0,1,0,0,0,0,0,0,0,17,2,0,100.0,Matches
604,Daniel Steres,us USA,DF,Houston Dynamo,34-175,1990,3.4,2,0,0,6,0,1,2,4,1,0,0,0,10,2,4,33.3,Matches
605,Kimani Stewart-Baynes,ca CAN,"MF,FW",Colorado Rapids,20-108,2005,0.2,0,0,0,0,0,1,0,0,0,0,0,0,0,1,0,100.0,Matches
606,Jared Stroud,us USA,"FW,MF",D.C. United,28-299,1996,7.2,0,0,0,12,4,1,20,1,9,0,0,0,24,0,7,0.0,Matches
607,Peter Stroud,us USA,MF,NY Red Bulls,23-012,2002,7.9,3,0,0,11,10,0,5,14,19,0,0,0,50,3,10,23.1,Matches
608,Brad Stuver,us USA,GK,Austin,34-019,1991,11.0,1,0,0,0,3,0,0,0,0,0,0,0,15,2,0,100.0,Matches
609,Luis Suárez,uy URU,FW,Inter Miami,38-101,1987,7.3,3,0,0,10,15,4,3,0,7,0,0,0,15,4,5,44.4,Matches
610,Magomed-Shapi Suleymanov,ru RUS,"FW,MF",Sporting KC,25-140,1999,8.4,0,0,0,6,28,0,42,5,5,1,1,0,36,7,11,38.9,Matches
611,Cavan Sullivan,us USA,"MF,FW",Philadelphia Union,15-219,2009,0.5,0,0,0,1,1,0,2,0,0,0,0,0,3,0,1,0.0,Matches
612,Quinn Sullivan,us USA,MF,Philadelphia Union,21-039,2004,10.3,2,0,0,10,10,0,66,1,16,0,0,0,49,8,11,42.1,Matches
613,Finn Surman,nz NZL,DF,Portland Timbers,21-224,2003,10.7,0,0,0,5,6,0,0,6,6,0,0,0,21,26,14,65.0,Matches
614,Sam Surridge,eng ENG,FW,Nashville SC,26-281,1998,10.7,0,0,0,23,21,9,8,4,5,2,0,0,27,38,29,56.7,Matches
615,Oleksandr Svatok,ua UKR,DF,Austin,30-220,1994,7.7,2,0,0,9,1,0,0,9,3,0,0,0,10,10,5,66.7,Matches
616,Erik Sviatchenko,dk DEN,DF,Houston Dynamo,33-213,1991,5.5,0,0,0,7,6,0,4,7,3,0,0,0,10,15,6,71.4,Matches
617,Hennadii Synchuk,ua UKR,FW,CF Montréal,18-299,2006,1.3,0,0,0,1,5,0,6,0,2,0,0,0,9,0,2,0.0,Matches
618,Nkosi Tafari,us USA,DF,LAFC,28-043,1997,4.9,1,0,0,5,2,0,1,5,5,0,0,0,21,9,5,64.3,Matches
619,Zakaria Taifi,us USA,DF,Orlando City,19-216,2005,0.1,0,0,0,0,1,0,0,0,0,0,0,0,0,0,1,0.0,Matches
620,Yohei Takaoka,jp JPN,GK,Vancouver W'caps,29-050,1996,11.0,0,0,0,0,3,0,0,0,0,0,0,0,23,5,0,100.0,Matches
621,Strahinja Tanasijević,rs SRB,DF,NYCFC,27-327,1997,2.2,1,0,0,5,3,0,1,2,0,0,0,0,13,3,1,75.0,Matches
622,Andrew Tarbell,us USA,GK,Houston Dynamo,31-210,1993,3.4,0,0,0,0,0,0,0,0,0,0,0,0,3,0,0,,Matches
623,Iuri Tavares,cv CPV,"FW,MF",Charlotte,24-058,2001,0.3,0,0,0,2,0,1,1,1,0,0,0,0,1,2,3,40.0,Matches
624,D.J. Taylor,us USA,DF,Minnesota Utd,27-252,1997,0.7,0,0,0,0,0,0,0,1,1,0,0,0,4,0,1,0.0,Matches
625,Robert Taylor,fi FIN,FW,Austin,30-196,1994,0.3,0,0,0,1,0,0,4,0,1,0,0,0,0,0,0,,Matches
Rk,Player,Nation,Pos,Squad,Age,Born,90s,CrdY,CrdR,2CrdY,Fls,Fld,Off,Crs,Int,TklW,PKwon,PKcon,OG,Recov,Won,Lost,Won%,Matches
626,Robert Taylor,fi FIN,"MF,FW",Inter Miami,30-196,1994,2.2,0,0,0,0,1,1,1,1,2,0,0,0,7,1,1,50.0,Matches
627,Carlos Terán,co COL,DF,Chicago Fire,24-223,2000,3.3,1,0,0,3,0,0,0,8,3,0,0,1,15,8,3,72.7,Matches
628,Cedric Teuchert,de GER,"FW,MF",St. Louis,28-111,1997,5.9,1,0,0,4,9,5,6,0,2,1,0,0,11,0,5,0.0,Matches
629,Odin Thiago Holm,no NOR,"MF,FW",LAFC,22-107,2003,1.1,0,0,0,1,1,0,1,2,4,0,0,0,4,0,0,,Matches
630,Jamal Thiaré,sn SEN,"FW,DF",Atlanta Utd,32-035,1993,1.6,0,0,0,3,0,2,0,0,0,0,0,0,2,16,6,72.7,Matches
631,Andrew Thomas,ru RUS,GK,Seattle Sounders,26-246,1998,1.0,0,0,0,0,0,0,0,0,0,0,0,0,3,2,0,100.0,Matches
632,Erik Thommy,de GER,"FW,MF",Sporting KC,30-258,1994,5.6,0,0,0,10,10,1,10,2,6,0,0,0,19,0,4,0.0,Matches
633,Kosi Thompson,ca CAN,DF,Toronto FC,22-098,2003,7.8,3,0,0,7,5,0,1,6,9,0,1,0,34,4,7,36.4,Matches
634,Timmy Tillman,de GER,MF,LAFC,26-121,1999,8.3,2,0,0,13,27,0,8,8,12,0,0,0,65,4,7,36.4,Matches
635,Cayman Togashi,jp JPN,"MF,FW",Atlanta Utd,31-268,1993,0.7,0,0,0,2,1,0,0,0,0,0,0,0,2,2,3,40.0,Matches
636,Nouhou Tolo,cm CMR,DF,Seattle Sounders,27-316,1997,8.7,2,0,0,11,18,1,12,5,8,0,0,1,47,8,11,42.1,Matches
637,Tomas Totland,no NOR,DF,St. Louis,26-219,1998,3.7,0,0,0,1,1,1,8,5,3,0,0,0,16,7,4,63.6,Matches
638,Mason Toye,us USA,FW,Sporting KC,26-201,1998,0.2,0,0,0,0,0,0,2,1,0,0,0,0,1,1,0,100.0,Matches
639,Wil Trapp,us USA,MF,Minnesota Utd,32-110,1993,9.7,1,0,0,7,8,1,6,20,14,0,0,0,52,10,10,50.0,Matches
640,Jackson Travis,us USA,DF,Colorado Rapids,21-071,2004,1.5,1,0,0,4,2,1,3,2,3,0,0,0,9,1,3,25.0,Matches
641,Niko Tsakiris,us USA,MF,SJ Earthquakes,19-320,2005,2.7,0,0,0,2,5,0,9,0,3,0,0,0,10,2,2,50.0,Matches
642,Garrison Tubbs,us USA,DF,D.C. United,23-077,2002,0.5,1,0,0,3,0,0,0,2,0,0,0,0,0,0,2,0.0,Matches
643,Jeppe Tverskov,dk DEN,MF,San Diego FC,32-054,1993,10.8,3,0,0,15,9,0,4,27,19,0,1,0,93,12,2,85.7,Matches
644,Mikael Uhre,dk DEN,FW,Philadelphia Union,30-217,1994,6.8,1,0,0,12,16,7,7,0,7,0,0,0,16,16,23,41.0,Matches
645,Cengiz Ünder,tr TUR,FW,LAFC,27-295,1997,3.4,0,0,0,0,4,0,16,3,0,0,0,0,11,0,0,,Matches
646,Osaze Urhoghide,nl NED,DF,FC Dallas,24-305,2000,11.0,2,0,0,12,16,1,0,10,15,0,1,0,47,31,12,72.1,Matches
647,Maximiliano Urruti,ar ARG,FW,NE Revolution,34-072,1991,4.0,1,0,0,8,6,6,4,3,4,0,0,0,21,2,5,28.6,Matches
648,Júnior Urso,br BRA,MF,Houston Dynamo,36-056,1989,2.2,1,0,0,2,6,0,1,2,4,0,0,0,7,2,1,66.7,Matches
649,Óscar Ustari,ar ARG,GK,Inter Miami,38-306,1986,6.4,0,1,0,1,3,0,0,0,0,0,0,0,12,2,0,100.0,Matches
650,Myrto Uzuni,al ALB,FW,Austin,29-339,1995,7.8,1,0,0,5,3,2,6,4,2,0,0,0,17,7,20,25.9,Matches
Rk,Player,Nation,Pos,Squad,Age,Born,90s,CrdY,CrdR,2CrdY,Fls,Fld,Off,Crs,Int,TklW,PKwon,PKcon,OG,Recov,Won,Lost,Won%,Matches
651,Onni Valakari,fi FIN,"FW,MF",San Diego FC,25-260,1999,7.3,0,0,0,17,20,1,1,2,3,0,0,0,25,7,6,53.8,Matches
652,Omar Valencia,pa PAN,DF,NY Red Bulls,20-331,2004,7.1,4,0,0,9,14,0,24,10,11,0,0,0,45,8,6,57.1,Matches
653,Gerardo Valenzuela,us USA,MF,FC Cincinnati,20-219,2004,1.5,0,0,0,3,3,0,1,0,1,0,0,0,10,2,10,16.7,Matches
654,Kerwin Vargas,co COL,"FW,MF",Charlotte,23-123,2002,4.5,2,0,0,6,7,1,10,2,3,0,0,0,13,4,14,22.2,Matches
655,Obed Vargas,mx MEX,MF,Seattle Sounders,19-273,2005,8.8,3,0,0,9,20,1,5,16,15,0,0,0,40,2,4,33.3,Matches
656,Indiana Vassilev,us USA,MF,Philadelphia Union,24-078,2001,6.1,1,0,0,6,13,1,21,4,4,0,0,0,37,3,5,37.5,Matches
657,Brandon Vazquez,us USA,FW,Austin,26-203,1998,9.7,3,0,0,18,16,8,8,9,4,0,0,0,21,27,27,50.0,Matches
658,Brayan Vera,co COL,DF,Real Salt Lake,26-110,1999,6.7,2,0,0,6,2,0,6,9,9,0,1,0,22,16,5,76.2,Matches
659,Oscar Verhoeven,us USA,DF,San Diego FC,18-339,2006,0.3,0,0,0,0,0,0,0,0,0,0,0,0,0,0,0,,Matches
660,Oscar Verhoeven,us USA,MF,SJ Earthquakes,18-339,2006,0.1,0,0,0,0,0,0,0,0,0,0,0,0,0,0,0,,Matches
661,Ranko Veselinović,rs SRB,DF,Vancouver W'caps,26-042,1999,10.0,0,0,0,3,1,0,0,8,4,0,0,0,28,19,15,55.9,Matches
662,Jules-Anthony Vilsaint,ca CAN,"FW,MF",CF Montréal,22-119,2003,1.3,0,0,0,2,3,1,0,0,0,0,0,0,1,1,1,50.0,Matches
663,Sam Vines,us USA,DF,Colorado Rapids,25-339,1999,2.4,0,0,0,0,2,0,6,4,0,0,0,0,10,1,2,33.3,Matches
664,Pedro Vite,ec ECU,"MF,FW",Vancouver W'caps,23-057,2002,8.1,1,0,0,7,11,0,34,5,6,0,0,0,44,2,5,28.6,Matches
665,Robert Voloder,ba BIH,DF,Sporting KC,23-361,2001,6.5,0,0,0,4,4,0,1,12,5,0,0,0,37,7,5,58.3,Matches
666,Giacomo Vrioni,al ALB,"FW,MF",CF Montréal,26-202,1998,0.9,0,0,0,0,1,2,0,0,0,0,0,0,1,2,2,50.0,Matches
667,Kai Wagner,de GER,DF,Philadelphia Union,28-079,1997,8.9,1,0,0,11,12,1,96,12,23,0,0,0,55,9,5,64.3,Matches
668,Conrad Wallem,no NOR,"DF,MF",St. Louis,24-330,2000,9.2,3,0,0,22,17,3,15,8,6,0,0,0,41,11,7,61.1,Matches
669,Joel Waterman,ca CAN,DF,CF Montréal,29-101,1996,8.4,2,0,0,10,12,1,5,12,4,0,0,0,66,10,10,50.0,Matches
670,Akil Watts,us USA,"MF,DF",St. Louis,25-090,2000,8.8,1,0,0,10,11,0,14,11,8,0,0,0,26,8,10,44.4,Matches
671,Marcelo Weigandt,ar ARG,DF,Inter Miami,25-114,2000,2.5,0,0,0,4,2,0,4,1,1,0,0,0,8,0,4,0.0,Matches
672,Francis Westfield,us USA,DF,Philadelphia Union,19-147,2005,8.7,2,0,0,7,7,2,21,2,10,0,0,0,27,21,9,70.0,Matches
673,Ashley Westwood,eng ENG,MF,Charlotte,35-034,1990,11.0,1,0,0,14,14,0,21,11,7,0,0,0,63,3,1,75.0,Matches
674,Brian White,us USA,FW,Vancouver W'caps,29-091,1996,7.9,2,0,0,7,8,3,1,2,1,1,0,0,6,18,13,58.1,Matches
675,Adrian Wibowo,us USA,FW,LAFC,19-108,2006,0.2,0,0,0,2,0,0,0,0,0,0,0,0,2,0,2,0.0,Matches
Rk,Player,Nation,Pos,Squad,Age,Born,90s,CrdY,CrdR,2CrdY,Fls,Fld,Off,Crs,Int,TklW,PKwon,PKcon,OG,Recov,Won,Lost,Won%,Matches
676,Derrick Williams,ie IRL,DF,Atlanta Utd,32-108,1993,6.1,0,0,0,6,5,0,1,4,4,0,0,0,16,9,3,75.0,Matches
677,Samuel Williams,us USA,MF,Chicago Fire,20-048,2005,2.6,0,0,0,1,4,0,2,2,1,0,0,0,12,1,3,25.0,Matches
678,Thomas Williams,us USA,DF,Orlando City,20-263,2004,0.1,0,0,0,1,0,0,0,1,0,0,0,0,0,0,0,,Matches
679,Eryk Williamson,us USA,"MF,FW",Charlotte,27-328,1997,2.1,1,0,0,4,7,0,7,2,2,0,0,0,9,1,1,50.0,Matches
680,Joe Willis,us USA,GK,Nashville SC,36-268,1988,11.0,0,0,0,0,1,0,0,0,1,0,0,0,19,2,0,100.0,Matches
681,Bruno Wilson,pt POR,DF,SJ Earthquakes,28-129,1996,8.0,1,0,0,7,4,0,1,18,4,0,0,0,23,16,14,53.3,Matches
682,Henry Wingo,us USA,DF,Toronto FC,29-213,1995,2.5,0,0,0,4,0,1,4,2,3,0,1,0,9,4,4,50.0,Matches
683,Hannes Wolf,at AUT,FW,NYCFC,26-019,1999,10.4,1,0,0,15,7,2,22,9,14,0,0,0,48,1,6,14.3,Matches
684,Owen Wolff,us USA,"MF,FW",Austin,20-126,2004,10.0,2,0,0,15,13,1,63,7,9,0,0,0,47,0,6,0.0,Matches
685,Tyler Wolff,us USA,"FW,MF",Real Salt Lake,22-081,2003,2.3,0,0,0,3,3,1,5,3,2,0,0,0,15,1,3,25.0,Matches
686,Elijah Wynder,us USA,MF,LA Galaxy,22-056,2003,2.5,1,0,0,3,6,0,1,1,3,0,0,0,11,3,7,30.0,Matches
687,Miki Yamane,jp JPN,DF,LA Galaxy,31-134,1993,7.3,1,0,0,4,2,2,16,10,13,0,1,0,26,5,11,31.3,Matches
688,Dominik Yankov,bg BUL,MF,CF Montréal,24-281,2000,0.3,0,0,0,1,1,0,1,0,0,0,0,0,0,0,0,,Matches
689,Darren Yapi,us USA,FW,Colorado Rapids,20-167,2004,3.6,0,0,0,5,5,3,0,2,4,1,0,0,2,14,16,46.7,Matches
690,Joshua Yaro,gh GHA,DF,St. Louis,30-168,1994,7.1,1,0,0,3,1,0,1,9,4,0,1,0,27,6,15,28.6,Matches
691,Patrick Yazbek,au AUS,MF,Nashville SC,23-030,2002,6.3,2,0,0,10,4,1,3,8,3,0,0,0,24,2,2,50.0,Matches
692,Kelvin Yeboah,it ITA,FW,Minnesota Utd,24-364,2000,8.6,0,0,0,17,9,5,4,2,8,0,0,0,21,23,24,48.9,Matches
693,Yaw Yeboah,gh GHA,"MF,FW",LAFC,28-038,1997,3.2,1,0,0,2,7,0,1,2,2,0,0,0,16,0,1,0.0,Matches
694,DeAndre Yedlin,us USA,DF,FC Cincinnati,31-300,1993,9.8,1,0,0,13,5,4,13,3,7,0,0,0,30,10,11,47.6,Matches
695,Maya Yoshida,jp JPN,DF,LA Galaxy,36-254,1988,7.0,1,0,0,6,4,0,0,6,2,0,1,1,25,15,9,62.5,Matches
696,Jackson Yueill,us USA,MF,NE Revolution,28-047,1997,4.2,1,0,0,2,1,1,10,4,0,0,0,0,20,1,3,25.0,Matches
697,Alhassan Yusuf,ng NGA,MF,NE Revolution,24-291,2000,9.9,1,0,0,17,8,0,4,12,13,0,0,0,63,8,11,42.1,Matches
698,Wilfried Zaha,ci CIV,"FW,MF",Charlotte,32-176,1992,9.0,1,0,0,12,30,5,11,3,8,1,0,0,34,2,3,40.0,Matches
699,Eriq Zavaleta,sv SLV,DF,LA Galaxy,32-276,1992,1.4,0,0,0,0,0,0,0,2,1,0,0,0,2,1,1,50.0,Matches
700,Sean Zawadzki,us USA,"DF,MF",Columbus Crew,25-014,2000,11.0,4,0,0,18,14,1,1,11,13,0,0,0,60,17,8,68.0,Matches
Rk,Player,Nation,Pos,Squad,Age,Born,90s,CrdY,CrdR,2CrdY,Fls,Fld,Off,Crs,Int,TklW,PKwon,PKcon,OG,Recov,Won,Lost,Won%,Matches
701,Walker Zimmerman,us USA,DF,Nashville SC,31-351,1993,6.9,1,0,0,8,9,0,1,9,7,1,1,0,25,17,4,81.0,Matches
702,Philip Zinckernagel,dk DEN,FW,Chicago Fire,30-140,1994,8.5,3,0,0,24,13,1,56,2,6,0,0,0,27,1,2,33.3,Matches
703,Rida Zouhir,ca CAN,"MF,FW",D.C. United,21-163,2003,1.0,0,0,0,3,1,0,11,2,0,0,0,0,7,3,2,60.0,Matches
