Unnamed: 0_level_0,Unnamed: 1_level_0,Unnamed: 2_level_0,Unnamed: 3_level_0,Unnamed: 4_level_0,Unnamed: 5_level_0,Unnamed: 6_level_0,Unnamed: 7_level_0,Unnamed: 8_level_0,Goals,Goals,Goals,Goals,Goals,Expected,Expected,Expected,Expected,Launched,Launched,Launched,Passes,Passes,Passes,Passes,Goal Kicks,Goal Kicks,Goal Kicks,Crosses,Crosses,Crosses,Sweeper,Sweeper,Sweeper,Unnamed: 34_level_0
Rk,Player,Nation,Pos,Squad,Comp,Age,Born,90s,GA,PKA,FK,CK,OG,PSxG,PSxG/SoT,PSxG+/-,/90,Cmp,Att,Cmp%,Att (GK),Thr,Launch%,AvgLen,Att,Launch%,AvgLen,Opp,Stp,Stp%,#OPA,#OPA/90,AvgDist,Matches
1,Adrián,es ESP,GK,Betis,es La Liga,38-121,1987,14.0,18,1,0,4,0,15.5,0.31,-2.5,-0.18,38,132,28.8,377,66,27.9,31.0,68,39.7,37.2,190,11,5.8,9,0.64,11.3,Matches
2,Julen Agirrezabala,es ESP,GK,Athletic Club,es La Liga,24-129,2000,13.4,9,1,2,1,0,10.5,0.27,+1.5,+0.11,57,178,32.0,341,51,37.5,33.9,66,75.8,54.9,143,20,14.0,17,1.27,14.2,Matches
3,Ben Alexander Voll,de GER,"GK,MF",St. Pauli,de Bundesliga,24-146,2000,0.0,0,0,0,0,0,0.0,,0.0,0.00,0,1,0.0,1,0,100.0,43.0,0,,,0,0,,0,0.00,,Matches
4,Alisson,br BRA,GK,Liverpool,eng Premier League,32-214,1992,23.9,20,0,0,2,1,19.2,0.27,+0.2,+0.01,56,162,34.6,691,96,19.7,26.5,65,40.0,33.9,225,10,4.4,43,1.80,15.7,Matches
5,Alphonse Areola,fr FRA,GK,West Ham,eng Premier League,32-066,1993,22.1,38,0,0,5,3,31.2,0.31,-3.8,-0.17,125,336,37.2,693,108,33.8,31.8,176,58.0,43.0,343,12,3.5,27,1.22,14.8,Matches
6,Kepa Arrizabalaga,es ESP,GK,Bournemouth,eng Premier League,30-213,1994,28.0,35,4,0,4,0,38.2,0.28,+3.2,+0.12,126,349,36.1,746,109,35.1,33.6,183,47.5,39.2,349,19,5.4,51,1.82,16.0,Matches
7,Noah Atubolu,de GER,GK,Freiburg,de Bundesliga,22-344,2002,23.6,33,0,1,3,0,33.6,0.30,+0.6,+0.03,141,369,38.2,956,105,31.0,32.5,111,65.8,50.3,346,30,8.7,27,1.14,12.8,Matches
8,Emil Audero,id IDN,GK,Como,it Serie A,28-106,1997,8.0,18,4,0,2,0,12.4,0.27,-5.6,-0.70,17,55,30.9,232,30,22.0,28.6,21,19.0,27.5,95,5,5.3,8,1.00,12.9,Matches
9,Brandon Austin,eng ENG,GK,Tottenham,eng Premier League,26-116,1999,1.0,2,0,0,0,0,2.2,0.55,+0.2,+0.20,3,11,27.3,26,5,38.5,32.3,6,16.7,29.0,15,5,33.3,2,2.00,12.4,Matches
10,Augusto Batalla,ar ARG,GK,Rayo Vallecano,es La Liga,29-004,1996,28.0,36,4,0,6,1,35.0,0.25,0.0,0.00,160,468,34.2,865,114,42.2,38.1,167,61.7,50.2,399,28,7.0,30,1.07,14.1,Matches
11,Oliver Baumann,de GER,GK,Hoffenheim,de Bundesliga,34-336,1990,26.0,47,2,0,6,1,48.2,0.36,+2.2,+0.08,154,418,36.8,858,116,38.9,35.4,126,66.7,49.5,383,17,4.4,30,1.15,14.6,Matches
12,Altay Bayındır,tr TUR,GK,Manchester Utd,eng Premier League,27-020,1998,1.0,4,0,0,0,0,3.8,0.63,-0.2,-0.19,5,29,17.2,51,4,39.2,37.2,10,90.0,60.5,17,2,11.8,0,0.00,9.6,Matches
13,Daniel Bentley,eng ENG,GK,Wolves,eng Premier League,31-295,1993,1.0,0,0,0,0,0,0.1,0.04,+0.1,+0.09,4,16,25.0,24,0,41.7,33.3,10,60.0,46.3,22,0,0.0,0,0.00,7.7,Matches
14,Dimitry Bertaud,cd COD,GK,Montpellier,fr Ligue 1,26-332,1998,3.0,8,1,0,0,0,6.3,0.36,-1.7,-0.56,18,42,42.9,66,14,42.4,36.5,25,56.0,44.8,43,8,18.6,2,0.67,12.8,Matches
15,Marco Bizot,nl NED,GK,Brest,fr Ligue 1,34-055,1991,29.0,48,7,1,4,1,39.9,0.29,-7.1,-0.24,199,480,41.5,799,115,43.7,36.6,192,68.2,50.5,421,31,7.4,41,1.41,15.7,Matches
16,Jean Butez,fr FRA,GK,Como,it Serie A,29-330,1995,17.0,18,2,0,1,0,18.0,0.27,0.0,0.00,86,223,38.6,653,84,31.1,32.3,36,55.6,45.7,174,19,10.9,46,2.71,18.3,Matches
17,Marcin Bułka,pl POL,GK,Nice,fr Ligue 1,25-212,1999,32.0,39,2,0,4,1,41.6,0.26,+3.6,+0.11,111,268,41.4,904,167,23.5,28.7,148,37.8,33.2,450,35,7.8,31,0.97,12.7,Matches
18,Elia Caprile,it ITA,GK,Cagliari,it Serie A,23-252,2001,16.0,19,1,0,4,0,21.5,0.35,+2.5,+0.16,113,295,38.3,495,87,44.0,36.8,139,55.4,44.2,244,18,7.4,18,1.13,14.6,Matches
19,Elia Caprile,it ITA,GK,Napoli,it Serie A,23-252,2001,3.6,1,0,0,0,0,2.2,0.27,+1.2,+0.32,11,25,44.0,82,9,25.6,31.7,15,26.7,30.7,31,3,9.7,3,0.83,13.7,Matches
20,Cárdenas,es ESP,GK,Rayo Vallecano,es La Liga,28-037,1997,6.0,6,0,0,0,0,5.6,0.29,-0.4,-0.06,26,106,24.5,132,21,56.8,44.3,46,67.4,51.9,79,2,2.5,1,0.17,10.2,Matches
21,Tiago Cardoso,lu LUX,GK,Gladbach,de Bundesliga,19-027,2006,4.2,3,0,0,0,0,4.7,0.20,+1.7,+0.39,23,62,37.1,148,22,27.0,29.2,31,71.0,48.9,96,14,14.6,1,0.24,5.6,Matches
22,Patrik Carlgren,se SWE,GK,Nantes,fr Ligue 1,33-116,1992,4.6,7,0,0,1,0,8.5,0.30,+1.5,+0.31,22,63,34.9,99,27,36.4,34.4,37,73.0,48.6,80,1,1.3,1,0.22,10.9,Matches
23,Marco Carnesecchi,it ITA,GK,Atalanta,it Serie A,24-307,2000,31.0,30,2,0,3,2,30.9,0.29,+2.9,+0.09,114,347,32.9,809,159,28.3,32.4,179,65.9,49.3,280,20,7.1,40,1.29,14.4,Matches
24,Lucas Chevalier,fr FRA,GK,Lille,fr Ligue 1,23-179,2001,31.0,32,4,0,4,1,38.7,0.33,+7.7,+0.25,106,272,39.0,886,129,26.6,29.9,104,34.6,36.0,341,20,5.9,20,0.65,13.4,Matches
25,Leandro Chichizola,ar ARG,GK,Parma,it Serie A,35-038,1990,1.0,3,0,0,0,0,2.5,0.43,-0.5,-0.54,3,16,18.8,41,5,31.7,33.9,8,37.5,34.4,21,2,9.5,2,2.00,16.3,Matches
Rk,Player,Nation,Pos,Squad,Comp,Age,Born,90s,GA,PKA,FK,CK,OG,PSxG,PSxG/SoT,PSxG+/-,/90,Cmp,Att,Cmp%,Att (GK),Thr,Launch%,AvgLen,Att,Launch%,AvgLen,Opp,Stp,Stp%,#OPA,#OPA/90,AvgDist,Matches
26,Jasper Cillessen,nl NED,GK,Las Palmas,es La Liga,36-012,1989,25.9,42,4,0,4,2,44.3,0.30,+4.3,+0.16,124,409,30.3,820,142,39.5,34.5,179,47.5,43.1,413,13,3.1,20,0.77,14.5,Matches
27,Diego Conde,es ESP,GK,Villarreal,es La Liga,26-188,1998,20.8,31,3,1,6,1,24.1,0.25,-5.9,-0.29,60,159,37.7,509,105,23.4,28.5,96,41.7,37.7,309,18,5.8,14,0.67,11.6,Matches
28,Grégoire Coudert,fr FRA,GK,Brest,fr Ligue 1,26-031,1999,2.0,5,0,0,1,1,2.8,0.22,-1.2,-0.60,6,20,30.0,60,7,28.3,31.4,8,37.5,36.5,30,1,3.3,3,1.50,18.5,Matches
29,Thibaut Courtois,be BEL,GK,Real Madrid,es La Liga,32-358,1992,27.0,22,3,0,4,1,22.9,0.26,+1.9,+0.07,51,187,27.3,806,153,17.6,27.8,131,34.4,38.4,325,13,4.0,14,0.52,11.0,Matches
30,Finn Dahmen,de GER,GK,Augsburg,de Bundesliga,27-038,1998,16.0,10,1,0,1,2,16.7,0.26,+8.7,+0.54,120,303,39.6,531,41,40.1,35.2,124,72.6,53.2,304,8,2.6,22,1.38,14.7,Matches
31,Thomas Dähne,de GER,GK,Holstein Kiel,de Bundesliga,31-120,1994,6.0,13,1,1,1,1,12.0,0.30,0.0,+0.01,32,93,34.4,201,36,29.9,32.1,60,55.0,43.2,105,9,8.6,4,0.67,9.4,Matches
32,Théo De Percin,mq MTQ,GK,Auxerre,fr Ligue 1,24-091,2001,2.0,3,1,0,0,0,3.5,0.22,+0.5,+0.23,8,31,25.8,46,5,45.7,40.3,12,83.3,55.3,38,3,7.9,3,1.50,13.1,Matches
33,Rémy Descamps,fr FRA,GK,Lyon,fr Ligue 1,28-313,1996,1.0,2,0,0,0,0,1.4,0.23,-0.6,-0.62,1,4,25.0,28,2,14.3,27.5,2,0.0,16.0,7,0,0.0,0,0.00,7.0,Matches
34,Arthur Desmas,fr FRA,GK,Le Havre,fr Ligue 1,31-027,1994,18.0,38,2,1,4,0,38.7,0.40,+0.7,+0.04,56,151,37.1,404,72,28.5,30.9,117,30.8,29.6,277,12,4.3,7,0.39,11.9,Matches
35,Michele Di Gregorio,it ITA,GK,Juventus,it Serie A,27-281,1997,29.0,28,5,0,6,0,24.0,0.23,-4.0,-0.14,108,278,38.8,750,110,28.3,30.8,129,51.2,42.1,396,25,6.3,26,0.90,13.1,Matches
36,Stole Dimitrievski,mk MKD,GK,Valencia,es La Liga,31-130,1993,4.0,6,1,0,0,0,4.5,0.29,-1.5,-0.38,15,72,20.8,113,25,49.6,40.5,20,80.0,53.6,51,3,5.9,16,4.00,25.7,Matches
37,Yehvann Diouf,fr FRA,GK,Reims,fr Ligue 1,25-169,1999,32.0,43,3,1,7,0,58.6,0.34,+15.6,+0.49,143,447,32.0,951,147,33.6,33.1,209,60.8,44.7,530,30,5.7,38,1.19,14.1,Matches
38,Marko Dmitrović,rs SRB,GK,Leganés,es La Liga,33-100,1992,27.0,42,7,1,6,2,42.1,0.29,+2.1,+0.08,162,656,24.7,632,93,65.7,47.4,263,91.6,66.3,506,39,7.7,41,1.52,14.0,Matches
39,Álex Domínguez,es ESP,GK,Toulouse,fr Ligue 1,26-278,1998,0.2,0,0,0,0,0,0.0,,0.0,0.00,2,5,40.0,8,1,25.0,30.0,3,100.0,69.3,7,0,0.0,0,0.00,,Matches
40,Gianluigi Donnarumma,it ITA,GK,Paris S-G,fr Ligue 1,26-068,1999,22.2,24,1,1,4,0,21.2,0.29,-2.8,-0.13,33,99,33.3,524,89,13.9,25.2,86,30.2,28.4,191,10,5.2,14,0.63,13.6,Matches
41,Patrick Drewes,de GER,GK,Bochum,de Bundesliga,32-089,1993,21.0,46,3,2,4,0,42.3,0.38,-3.7,-0.18,218,484,45.0,681,65,50.1,37.6,177,80.8,52.6,285,12,4.2,33,1.57,15.8,Matches
42,Martin Dúbravka,sk SVK,GK,Newcastle Utd,eng Premier League,36-109,1989,10.0,12,0,0,1,0,12.9,0.32,+0.9,+0.09,18,80,22.5,273,54,15.8,25.2,59,62.7,45.4,127,10,7.9,11,1.10,15.3,Matches
43,Ederson,br BRA,GK,Manchester City,eng Premier League,31-260,1993,22.8,25,2,0,3,1,27.8,0.37,+3.8,+0.17,65,146,44.5,761,91,17.2,27.7,67,22.4,32.0,200,11,5.5,42,1.84,17.5,Matches
44,Łukasz Fabiański,pl POL,GK,West Ham,eng Premier League,40-016,1985,11.9,20,3,1,3,0,22.3,0.30,+2.3,+0.19,69,205,33.7,359,52,41.5,35.4,94,59.6,44.4,198,7,3.5,11,0.93,13.7,Matches
45,Wladimiro Falcone,it ITA,GK,Lecce,it Serie A,30-022,1995,35.0,57,8,3,5,3,50.7,0.26,-3.3,-0.09,200,587,34.1,932,113,50.5,38.4,166,69.9,49.2,509,25,4.9,18,0.51,11.0,Matches
46,Frank Feller,de GER,GK,Heidenheim,de Bundesliga,21-117,2004,0.3,0,0,0,0,0,0.1,0.09,+0.1,+0.26,2,9,22.2,11,5,45.5,45.1,4,100.0,65.8,12,1,8.3,1,2.90,17.5,Matches
47,Aitor Fernández,es ESP,GK,Osasuna,es La Liga,34-001,1991,1.0,0,0,0,0,0,1.2,0.23,+1.2,+1.15,19,35,54.3,34,4,70.6,44.4,11,100.0,59.9,14,1,7.1,1,1.00,10.6,Matches
48,Álvaro Fernández,es ESP,GK,Sevilla,es La Liga,27-021,1998,7.3,12,2,0,1,0,8.4,0.22,-3.6,-0.49,37,138,26.8,254,24,42.1,35.1,38,81.6,54.5,97,5,5.2,14,1.92,17.5,Matches
49,André Ferreira,pt POR,GK,Valladolid,es La Liga,28-340,1996,5.0,18,3,0,1,0,13.4,0.33,-4.6,-0.92,23,69,33.3,120,23,38.3,34.3,43,53.5,41.2,69,2,2.9,3,0.60,10.0,Matches
50,Mark Flekken,nl NED,GK,Brentford,eng Premier League,31-325,1993,32.4,48,1,0,2,2,48.3,0.27,+2.3,+0.07,232,600,38.7,1364,112,34.2,34.6,190,70.5,53.6,536,44,8.2,32,0.99,11.4,Matches
Rk,Player,Nation,Pos,Squad,Comp,Age,Born,90s,GA,PKA,FK,CK,OG,PSxG,PSxG/SoT,PSxG+/-,/90,Cmp,Att,Cmp%,Att (GK),Thr,Launch%,AvgLen,Att,Launch%,AvgLen,Opp,Stp,Stp%,#OPA,#OPA/90,AvgDist,Matches
51,Yahia Fofana,ci CIV,GK,Angers,fr Ligue 1,24-256,2000,31.0,50,3,0,7,0,62.3,0.34,+12.3,+0.40,140,408,34.3,703,172,38.5,35.7,244,56.1,43.6,495,45,9.1,19,0.61,10.9,Matches
52,Fraser Forster,eng ENG,GK,Tottenham,eng Premier League,37-048,1988,7.0,15,2,0,1,0,16.5,0.36,+1.5,+0.21,11,31,35.5,141,30,21.3,27.2,56,1.8,14.6,81,4,4.9,3,0.43,11.1,Matches
53,Fran,es ESP,GK,Real Madrid,es La Liga,19-314,2005,1.0,2,0,0,1,0,0.9,0.43,-1.1,-1.14,1,2,50.0,16,3,12.5,24.0,4,0.0,14.8,5,1,20.0,1,1.00,12.0,Matches
54,Gauthier Gallon,fr FRA,GK,Rennes,fr Ligue 1,32-011,1993,0.5,0,0,0,0,0,0.0,,0.0,0.00,0,3,0.0,15,2,13.3,23.8,4,25.0,26.3,2,0,0.0,1,2.00,28.0,Matches
55,Joan García,es ESP,GK,Espanyol,es La Liga,24-000,2001,33.0,42,4,2,6,0,50.3,0.28,+8.3,+0.25,160,453,35.3,883,169,37.1,34.7,191,65.4,49.7,601,57,9.5,33,1.00,11.9,Matches
56,Paulo Gazzaniga,ar ARG,GK,Girona,es La Liga,33-122,1992,32.5,50,2,1,5,1,43.1,0.30,-5.9,-0.18,78,258,30.2,959,128,20.6,29.1,160,37.5,37.6,377,31,8.2,28,0.86,12.7,Matches
57,David de Gea,es ESP,GK,Fiorentina,it Serie A,34-178,1990,31.0,31,1,0,1,1,31.9,0.25,+1.9,+0.06,198,450,44.0,787,116,40.8,35.9,221,58.4,46.0,441,13,2.9,28,0.90,14.7,Matches
58,Pierluigi Gollini,it ITA,GK,Genoa,it Serie A,30-047,1995,7.0,15,3,0,1,0,12.2,0.29,-2.8,-0.39,33,75,44.0,198,21,24.7,30.4,52,50.0,44.4,92,2,2.2,2,0.29,9.6,Matches
59,Mathieu Gorgelin,fr FRA,GK,Le Havre,fr Ligue 1,34-272,1990,13.0,27,3,0,3,1,28.8,0.37,+2.8,+0.22,67,155,43.2,352,63,34.7,32.9,80,41.3,35.1,234,16,6.8,7,0.54,11.0,Matches
60,Kamil Grabara,pl POL,GK,Wolfsburg,de Bundesliga,26-116,1999,26.7,47,2,0,9,1,48.3,0.37,+2.3,+0.09,172,477,36.1,916,102,42.1,36.7,138,65.9,51.6,377,12,3.2,14,0.52,12.0,Matches
61,Dominik Greif,sk SVK,GK,Mallorca,es La Liga,28-028,1997,27.0,30,2,0,3,1,25.5,0.27,-3.5,-0.13,169,426,39.7,748,112,42.9,36.7,166,63.3,48.6,449,14,3.1,16,0.59,12.8,Matches
62,Vicente Guaita,es ESP,GK,Celta Vigo,es La Liga,38-114,1987,29.0,40,2,0,5,0,33.1,0.31,-6.9,-0.24,55,177,31.1,630,172,17.9,26.9,185,34.6,34.7,358,23,6.4,39,1.34,14.0,Matches
63,Péter Gulácsi,hu HUN,GK,RB Leipzig,de Bundesliga,34-363,1990,27.2,36,2,1,3,0,39.2,0.30,+3.2,+0.12,74,194,38.1,657,131,20.4,28.6,183,32.8,33.9,397,21,5.3,28,1.03,14.8,Matches
64,Kjetil Haug,no NOR,GK,Toulouse,fr Ligue 1,26-326,1998,5.5,7,0,0,2,0,6.6,0.45,-0.4,-0.06,16,60,26.7,95,13,37.9,34.1,35,68.6,49.1,72,5,6.9,3,0.54,12.1,Matches
65,Dean Henderson,eng ENG,GK,Crystal Palace,eng Premier League,28-053,1997,34.0,47,1,1,2,3,46.5,0.34,+2.5,+0.07,143,533,26.8,836,102,47.0,38.4,250,56.0,44.8,488,26,5.3,37,1.09,14.3,Matches
66,Mads Hermansen,dk DEN,GK,Leicester City,eng Premier League,24-297,2000,26.5,58,3,0,3,3,56.4,0.35,+1.4,+0.05,114,471,24.2,926,133,39.2,34.6,143,75.5,51.5,419,26,6.2,26,0.98,13.1,Matches
67,Sergio Herrera,es ESP,GK,Osasuna,es La Liga,31-333,1993,33.0,50,6,1,4,1,51.6,0.29,+2.6,+0.08,243,538,45.2,860,120,42.7,37.6,239,71.5,51.1,456,32,7.0,76,2.30,19.1,Matches
68,Dinko Horkaš,hr CRO,GK,Las Palmas,es La Liga,26-055,1999,8.1,14,0,0,0,1,14.6,0.37,+1.6,+0.20,52,121,43.0,311,29,32.5,32.8,40,50.0,43.9,95,5,5.3,12,1.49,16.7,Matches
69,Timo Horn,de GER,GK,Bochum,de Bundesliga,31-357,1993,11.0,18,0,0,3,0,15.1,0.35,-2.9,-0.27,109,278,39.2,337,22,62.0,44.2,78,88.5,60.4,152,4,2.6,14,1.27,14.8,Matches
70,Lukáš Hrádecký,fi FIN,GK,Leverkusen,de Bundesliga,35-161,1989,27.0,32,3,1,2,3,30.1,0.26,+1.1,+0.04,115,279,41.2,713,104,31.0,31.4,121,47.9,39.8,273,11,4.0,36,1.33,17.0,Matches
71,Karl Jakob Hein,ee EST,GK,Valladolid,es La Liga,23-021,2002,28.0,63,3,1,4,1,52.8,0.35,-9.2,-0.33,151,415,36.4,862,127,32.7,33.8,207,64.3,51.7,442,33,7.5,33,1.18,14.3,Matches
72,Vitezslav Jaros,cz CZE,GK,Liverpool,eng Premier League,23-285,2001,0.1,0,0,0,0,0,0.0,0.03,0.0,+0.25,5,7,71.4,7,2,85.7,50.9,1,100.0,59.0,2,0,0.0,0,0.00,11.0,Matches
73,Karl-Johan Johnsson,se SWE,GK,Strasbourg,fr Ligue 1,35-096,1990,3.0,6,1,0,0,0,6.7,0.26,+0.7,+0.22,6,22,27.3,122,21,15.6,23.9,7,42.9,39.7,48,2,4.2,3,1.00,11.1,Matches
74,Sam Johnstone,eng ENG,GK,Wolves,eng Premier League,32-040,1993,7.0,17,2,0,5,1,13.0,0.29,-3.0,-0.43,52,129,40.3,252,28,45.6,36.6,25,56.0,43.2,104,8,7.7,11,1.57,13.4,Matches
75,Jesse Joronen,fi FIN,GK,Venezia,it Serie A,32-044,1993,7.8,15,3,0,3,2,12.6,0.26,-0.4,-0.05,20,84,23.8,260,46,28.1,31.0,41,26.8,34.9,125,6,4.8,5,0.64,9.4,Matches
Rk,Player,Nation,Pos,Squad,Comp,Age,Born,90s,GA,PKA,FK,CK,OG,PSxG,PSxG/SoT,PSxG+/-,/90,Cmp,Att,Cmp%,Att (GK),Thr,Launch%,AvgLen,Att,Launch%,AvgLen,Opp,Stp,Stp%,#OPA,#OPA/90,AvgDist,Matches
76,Luiz Lúcio Reis Júnior,br BRA,GK,Villarreal,es La Liga,24-110,2001,13.2,16,4,1,0,0,15.7,0.25,-0.3,-0.03,50,148,33.8,320,73,32.2,31.4,76,59.2,46.9,199,13,6.5,20,1.52,13.7,Matches
77,Filip Jørgensen,dk DEN,GK,Chelsea,eng Premier League,23-018,2002,6.0,9,1,0,1,0,9.3,0.30,+0.3,+0.04,7,33,21.2,171,19,18.1,24.1,18,11.1,17.5,53,2,3.8,2,0.33,13.2,Matches
78,Caoimhín Kelleher,ie IRL,GK,Liverpool,eng Premier League,26-162,1998,10.0,12,0,0,1,0,11.6,0.30,-0.4,-0.04,29,115,25.2,364,49,28.6,29.0,18,61.1,42.8,113,6,5.3,9,0.90,14.0,Matches
79,Antonín Kinský,cz CZE,GK,Tottenham,eng Premier League,22-052,2003,4.0,7,0,0,0,2,4.5,0.28,-0.5,-0.12,12,33,36.4,126,16,23.8,29.1,19,15.8,22.5,75,3,4.0,4,1.00,10.1,Matches
80,Gregor Kobel,ch SUI,GK,Dortmund,de Bundesliga,27-149,1997,30.0,45,4,0,5,1,42.5,0.34,-1.5,-0.05,104,316,32.9,1071,117,23.3,28.3,112,58.9,45.3,385,19,4.9,44,1.47,15.5,Matches
81,Hervé Koffi,bf BFA,GK,Lens,fr Ligue 1,28-200,1996,5.0,8,2,0,1,0,11.1,0.38,+3.1,+0.61,14,42,33.3,115,22,29.6,33.2,19,42.1,36.4,53,4,7.5,2,0.40,9.4,Matches
82,Philipp Köhn,ch SUI,GK,Monaco,fr Ligue 1,27-032,1998,17.0,15,1,0,1,0,13.0,0.23,-2.0,-0.12,43,141,30.5,399,64,24.8,29.7,96,43.8,38.6,195,13,6.7,19,1.12,15.0,Matches
83,Matej Kovar,cz CZE,GK,Leverkusen,de Bundesliga,24-352,2000,4.0,3,0,0,0,0,3.2,0.25,+0.2,+0.05,12,31,38.7,110,12,24.5,29.3,13,30.8,30.4,43,2,4.7,6,1.50,16.9,Matches
84,Nediljko Labrović,hr CRO,GK,Augsburg,de Bundesliga,25-206,1999,15.0,32,3,1,2,0,25.9,0.32,-6.1,-0.40,83,220,37.7,397,72,38.8,35.2,105,62.9,47.4,217,12,5.5,18,1.20,13.3,Matches
85,Alban Lafont,fr FRA,GK,Nantes,fr Ligue 1,26-101,1999,12.0,19,3,0,2,2,16.8,0.30,-0.2,-0.02,40,143,28.0,309,56,34.0,34.9,57,66.7,51.1,200,16,8.0,6,0.50,10.6,Matches
86,Gautier Larsonneur,fr FRA,GK,Saint-Étienne,fr Ligue 1,28-070,1997,31.0,74,13,0,4,2,68.5,0.29,-3.5,-0.11,128,457,28.0,924,135,39.0,34.8,186,52.2,40.0,475,23,4.8,29,0.94,13.7,Matches
87,Nicola Leali,it ITA,GK,Genoa,it Serie A,32-076,1993,27.0,26,3,0,4,2,30.8,0.28,+6.8,+0.25,133,358,37.2,662,107,38.8,33.7,200,50.5,41.5,376,21,5.6,14,0.52,11.1,Matches
88,Benjamin Lecomte,fr FRA,GK,Montpellier,fr Ligue 1,34-008,1991,27.0,61,5,0,4,3,52.5,0.31,-5.5,-0.20,172,435,39.5,770,108,43.4,36.4,176,57.4,43.2,386,20,5.2,25,0.93,14.3,Matches
89,Bernd Leno,de GER,GK,Fulham,eng Premier League,33-061,1992,35.0,47,2,0,5,2,42.5,0.29,-2.5,-0.07,128,343,37.3,1142,153,23.1,29.0,158,50.0,41.2,467,20,4.3,28,0.80,13.3,Matches
90,Donovan Léon,gf GUF,GK,Auxerre,fr Ligue 1,32-182,1992,29.0,42,5,0,6,2,48.7,0.31,+8.7,+0.30,198,608,32.6,860,151,54.2,42.4,176,80.7,57.9,468,25,5.3,38,1.31,15.0,Matches
91,Anthony Lopes,pt POR,GK,Nantes,fr Ligue 1,34-215,1990,14.4,24,4,0,1,1,24.5,0.33,+1.5,+0.11,79,236,33.5,373,45,45.0,37.5,79,86.1,52.2,269,13,4.8,8,0.56,11.3,Matches
92,Pau López,es ESP,GK,Girona,es La Liga,30-142,1994,0.5,2,0,0,0,0,1.3,0.44,-0.7,-1.33,4,9,44.4,17,2,35.3,35.8,7,42.9,38.7,17,3,17.6,1,2.00,9.8,Matches
93,Joe Lumley,eng ENG,GK,Southampton,eng Premier League,30-078,1995,3.0,7,0,0,1,0,7.7,0.39,+0.7,+0.22,15,50,30.0,135,14,34.1,30.0,15,26.7,24.0,56,2,3.6,7,2.33,18.0,Matches
94,Andriy Lunin,ua UKR,GK,Real Madrid,es La Liga,26-082,1999,5.0,7,0,0,0,0,5.4,0.30,-1.6,-0.33,17,35,48.6,133,25,18.8,26.8,32,31.3,34.0,51,2,3.9,9,1.80,14.1,Matches
95,Mike Maignan,fr FRA,GK,Milan,it Serie A,29-305,1995,32.6,36,1,0,2,3,31.9,0.26,-1.1,-0.03,105,275,38.2,1187,151,18.0,27.9,175,34.9,38.4,391,23,5.9,66,2.02,19.2,Matches
96,Radosław Majecki,pl POL,GK,Monaco,fr Ligue 1,25-169,1999,15.0,22,2,1,1,0,21.1,0.31,-0.9,-0.06,27,112,24.1,320,76,26.6,30.5,87,31.0,32.8,154,14,9.1,18,1.20,14.0,Matches
97,Giorgi Mamardashvili,ge GEO,GK,Valencia,es La Liga,24-217,2000,30.0,45,4,0,4,3,40.2,0.30,-1.8,-0.06,124,406,30.5,724,116,37.4,35.5,205,65.9,50.7,416,24,5.8,38,1.27,15.4,Matches
98,Steve Mandanda,fr FRA,GK,Rennes,fr Ligue 1,40-037,1985,16.5,23,2,0,2,2,17.0,0.29,-4.0,-0.24,61,180,33.9,425,66,33.6,32.8,73,50.7,41.6,175,7,4.0,21,1.27,15.7,Matches
99,Christos Mandas,gr GRE,GK,Lazio,it Serie A,23-229,2001,5.0,3,0,0,0,0,5.1,0.30,+2.1,+0.41,27,81,33.3,184,17,39.1,36.9,18,50.0,42.8,85,12,14.1,12,2.40,14.8,Matches
100,Unai Marrero,es ESP,GK,Real Sociedad,es La Liga,23-207,2001,1.0,1,0,0,0,0,1.1,0.28,+0.1,+0.13,4,10,40.0,21,5,33.3,31.2,8,37.5,33.5,10,1,10.0,3,3.00,23.0,Matches
Rk,Player,Nation,Pos,Squad,Comp,Age,Born,90s,GA,PKA,FK,CK,OG,PSxG,PSxG/SoT,PSxG+/-,/90,Cmp,Att,Cmp%,Att (GK),Thr,Launch%,AvgLen,Att,Launch%,AvgLen,Opp,Stp,Stp%,#OPA,#OPA/90,AvgDist,Matches
101,Emiliano Martínez,ar ARG,GK,Aston Villa,eng Premier League,32-244,1992,33.0,45,1,1,2,0,44.2,0.33,-0.8,-0.02,150,381,39.4,1117,121,25.6,30.1,163,58.3,45.3,462,49,10.6,33,1.00,14.2,Matches
102,Josep Martinez,es ESP,GK,Inter,it Serie A,26-342,1998,4.0,3,0,0,0,0,3.6,0.34,+0.6,+0.15,17,38,44.7,163,12,20.9,29.1,18,22.2,28.6,55,3,5.5,2,0.50,14.9,Matches
103,Alex McCarthy,eng ENG,GK,Southampton,eng Premier League,35-152,1989,5.0,13,2,0,1,0,12.6,0.29,-0.4,-0.07,24,52,46.2,132,29,33.3,29.5,23,34.8,30.7,74,8,10.8,0,0.00,6.5,Matches
104,Alex Meret,it ITA,GK,Napoli,it Serie A,28-043,1997,30.4,23,1,1,0,1,23.4,0.27,+1.4,+0.05,77,193,39.9,905,103,15.7,27.7,171,29.8,34.5,353,20,5.7,44,1.45,16.3,Matches
105,Alexander Meyer,de GER,GK,Dortmund,de Bundesliga,34-021,1991,2.0,4,0,0,0,0,4.0,0.36,0.0,0.00,8,33,24.2,76,3,35.5,34.8,7,85.7,63.6,24,1,4.2,2,1.00,14.8,Matches
106,Vanja Milinković-Savić,rs SRB,GK,Torino,it Serie A,28-073,1997,34.0,37,1,1,7,2,45.5,0.27,+10.5,+0.31,206,665,31.0,1255,172,40.6,37.8,254,61.4,52.2,552,36,6.5,42,1.24,13.4,Matches
107,Lorenzo Montipò,it ITA,GK,Hellas Verona,it Serie A,29-073,1996,34.0,62,2,0,6,1,48.9,0.31,-12.1,-0.36,196,670,29.3,723,90,58.5,43.1,279,88.5,58.8,478,29,6.1,21,0.62,11.2,Matches
108,Florian Müller,de GER,GK,Freiburg,de Bundesliga,27-172,1997,7.4,14,2,0,3,1,11.3,0.36,-1.7,-0.23,47,135,34.8,238,27,39.9,35.4,50,80.0,58.2,92,6,6.5,7,0.95,12.3,Matches
109,Kevin Müller,de GER,GK,Heidenheim,de Bundesliga,34-050,1991,31.7,60,5,0,6,0,56.7,0.33,-3.3,-0.10,150,423,35.5,999,149,32.0,34.1,261,39.5,38.7,442,21,4.8,18,0.57,11.9,Matches
110,Marius Müller,de GER,GK,Wolfsburg,de Bundesliga,31-296,1993,5.3,5,0,0,2,0,7.6,0.33,+2.6,+0.49,37,97,38.1,184,29,39.1,36.6,34,73.5,51.4,99,9,9.1,3,0.57,11.7,Matches
111,Arijanet Muric,xk KVX,GK,Ipswich Town,eng Premier League,26-178,1998,18.0,33,3,0,2,0,31.4,0.29,-1.6,-0.09,76,229,33.2,534,94,29.6,30.3,94,75.5,54.6,249,39,15.7,20,1.11,12.2,Matches
112,Juan Musso,ar ARG,GK,Atalanta,it Serie A,30-363,1994,1.0,0,0,0,0,0,0.7,0.19,+0.7,+0.74,4,20,20.0,19,4,36.8,33.1,14,92.9,56.9,15,0,0.0,1,1.00,17.5,Matches
113,Juan Musso,ar ARG,GK,Atlético Madrid,es La Liga,30-363,1994,1.0,0,0,0,0,0,0.1,0.08,+0.1,+0.08,0,5,0.0,17,5,17.6,26.6,11,18.2,24.6,10,1,10.0,0,0.00,13.5,Matches
114,Neto,br BRA,GK,Bournemouth,eng Premier League,35-289,1989,2.0,2,0,0,0,0,4.3,0.35,+2.3,+1.17,9,27,33.3,46,7,43.5,36.8,15,46.7,38.9,30,2,6.7,3,1.50,12.6,Matches
115,Manuel Neuer,de GER,GK,Bayern Munich,de Bundesliga,39-038,1986,20.0,15,1,0,2,0,12.4,0.33,-2.6,-0.13,87,179,48.6,808,71,19.7,27.7,50,40.0,38.2,144,6,4.2,38,1.90,20.0,Matches
116,Moritz Nicolas,de GER,GK,Gladbach,de Bundesliga,27-195,1997,18.2,25,5,0,1,2,29.9,0.29,+6.9,+0.38,95,199,47.7,734,88,23.3,28.2,60,46.7,39.8,319,18,5.6,14,0.77,12.0,Matches
117,Alexander Nübel,de GER,GK,Stuttgart,de Bundesliga,28-216,1996,32.0,51,2,1,7,1,43.2,0.32,-6.8,-0.21,154,401,38.4,1131,132,30.9,31.1,115,44.3,39.6,395,19,4.8,57,1.78,17.8,Matches
118,Ørjan Nyland,no NOR,GK,Sevilla,es La Liga,34-236,1990,25.7,32,3,2,3,1,32.5,0.31,+1.5,+0.06,100,372,26.9,727,90,40.6,36.3,142,54.2,44.5,369,19,5.1,26,1.01,13.8,Matches
119,Jan Oblak,si SVN,GK,Atlético Madrid,es La Liga,32-117,1993,33.0,27,5,1,2,2,22.3,0.18,-2.7,-0.08,106,269,39.4,606,165,26.1,31.1,264,42.0,37.2,453,25,5.5,24,0.73,13.4,Matches
120,Maduka Okoye,ng NGA,GK,Udinese,it Serie A,25-249,1999,22.0,33,4,2,3,3,30.9,0.32,+0.9,+0.04,104,251,41.4,685,75,29.8,30.1,80,58.8,46.4,273,14,5.1,16,0.73,12.9,Matches
121,Robin Olsen,se SWE,GK,Aston Villa,eng Premier League,35-116,1990,2.0,4,0,0,0,0,4.2,0.47,+0.2,+0.10,10,31,32.3,64,1,34.4,32.3,12,75.0,56.1,32,3,9.4,0,0.00,8.6,Matches
122,Jonas Omlin,ch SUI,GK,Gladbach,de Bundesliga,31-114,1994,8.9,23,2,1,6,0,19.6,0.31,-3.4,-0.38,52,155,33.5,377,31,34.0,32.6,44,61.4,45.8,137,2,1.5,13,1.46,17.4,Matches
123,André Onana,cm CMR,GK,Manchester Utd,eng Premier League,29-032,1996,33.0,43,3,1,10,1,43.2,0.31,+1.2,+0.04,109,414,26.3,1114,132,28.8,29.9,140,66.4,47.5,391,21,5.4,22,0.67,11.7,Matches
124,Stefan Ortega,de GER,GK,Manchester City,eng Premier League,32-179,1992,12.2,18,2,1,1,1,16.3,0.31,-0.7,-0.06,40,104,38.5,409,55,21.5,26.7,49,32.7,28.2,133,6,4.5,12,0.98,14.3,Matches
125,Jesús Owono,gq EQG,GK,Alavés,es La Liga,24-064,2001,5.4,7,1,0,2,0,5.4,0.37,-1.6,-0.29,46,105,43.8,126,12,55.6,43.0,36,97.2,67.5,66,6,9.1,2,0.37,8.9,Matches
Rk,Player,Nation,Pos,Squad,Comp,Age,Born,90s,GA,PKA,FK,CK,OG,PSxG,PSxG/SoT,PSxG+/-,/90,Cmp,Att,Cmp%,Att (GK),Thr,Launch%,AvgLen,Att,Launch%,AvgLen,Opp,Stp,Stp%,#OPA,#OPA/90,AvgDist,Matches
126,Daniele Padelli,it ITA,GK,Udinese,it Serie A,39-191,1985,1.0,0,0,0,0,0,0.8,0.26,+0.8,+0.77,3,7,42.9,18,2,33.3,30.5,2,50.0,32.0,11,1,9.1,0,0.00,15.0,Matches
127,Alex Padilla,es ESP,GK,Athletic Club,es La Liga,21-245,2003,3.6,6,1,0,1,1,4.8,0.26,-0.2,-0.06,27,78,34.6,98,15,58.2,41.5,22,95.5,64.5,57,2,3.5,3,0.84,13.4,Matches
128,Alberto Paleari,it ITA,GK,Torino,it Serie A,32-248,1992,1.0,3,0,0,0,0,2.2,0.32,-0.8,-0.77,8,12,66.7,26,5,34.6,31.0,6,50.0,42.0,12,0,0.0,5,5.00,27.3,Matches
129,Alex Palmer,eng ENG,GK,Ipswich Town,eng Premier League,28-267,1996,11.0,27,1,0,8,2,23.1,0.37,-1.9,-0.17,68,175,38.9,269,41,41.6,35.8,87,72.4,52.6,225,16,7.1,12,1.09,11.7,Matches
130,Rui Patrício,pt POR,GK,Atalanta,it Serie A,37-078,1988,2.0,1,0,0,0,0,2.8,0.38,+1.8,+0.92,4,7,57.1,51,9,9.8,24.3,11,18.2,32.3,12,0,0.0,9,4.50,24.5,Matches
131,Iñaki Peña,es ESP,GK,Barcelona,es La Liga,26-063,1999,14.5,18,2,0,1,0,16.6,0.29,-1.4,-0.10,21,75,28.0,511,74,11.0,25.0,77,24.7,31.1,135,3,2.2,89,6.13,23.8,Matches
132,Daniel Peretz,il ISR,GK,Bayern Munich,de Bundesliga,24-298,2000,3.0,5,0,0,0,0,4.0,0.58,-1.0,-0.32,5,25,20.0,96,5,25.0,29.5,7,14.3,29.6,17,0,0.0,8,2.67,21.2,Matches
133,Simone Perilli,it ITA,GK,Hellas Verona,it Serie A,30-117,1995,1.0,1,0,0,0,0,2.0,0.34,+1.0,+1.04,3,16,18.8,17,2,64.7,48.8,6,83.3,62.2,18,1,5.6,3,3.00,22.3,Matches
134,Mattia Perin,it ITA,GK,Juventus,it Serie A,32-175,1992,5.0,3,0,0,0,0,3.7,0.23,+0.7,+0.14,11,44,25.0,170,30,22.4,29.4,12,50.0,40.8,50,3,6.0,3,0.60,14.0,Matches
135,Lucas Perri,br BRA,GK,Lyon,fr Ligue 1,27-145,1997,30.0,40,3,1,5,0,45.2,0.29,+5.2,+0.17,95,299,31.8,833,170,28.8,30.7,142,41.5,38.4,385,24,6.2,29,0.97,13.9,Matches
136,Đorđe Petrović,rs SRB,GK,Strasbourg,fr Ligue 1,25-208,1999,29.0,33,5,0,3,2,41.2,0.26,+10.2,+0.35,115,355,32.4,1364,122,21.7,27.7,102,57.8,46.3,469,37,7.9,43,1.48,15.0,Matches
137,Luca Philipp,de GER,GK,Hoffenheim,de Bundesliga,24-157,2000,6.0,15,1,0,2,1,12.3,0.34,-1.7,-0.28,30,97,30.9,157,22,51.0,38.7,36,47.2,40.6,84,3,3.6,4,0.67,12.8,Matches
138,Jordan Pickford,eng ENG,GK,Everton,eng Premier League,31-058,1994,35.0,43,0,1,6,0,44.6,0.29,+1.6,+0.04,280,735,38.1,1236,156,48.6,39.6,216,62.0,48.1,499,26,5.2,56,1.60,15.3,Matches
139,Semuel Pizzignacco,it ITA,GK,Monza,it Serie A,23-245,2001,4.3,7,0,0,0,0,6.1,0.34,-0.9,-0.21,26,54,48.1,114,12,36.8,32.8,28,42.9,39.8,60,0,0.0,4,0.94,16.0,Matches
140,Nick Pope,eng ENG,GK,Newcastle Utd,eng Premier League,33-015,1992,24.0,32,1,0,3,2,30.9,0.28,+0.9,+0.04,64,230,27.8,507,160,27.0,31.2,161,57.8,44.7,315,36,11.4,51,2.13,14.8,Matches
141,Ivan Provedel,it ITA,GK,Lazio,it Serie A,31-048,1994,29.0,42,4,0,3,2,31.5,0.32,-8.5,-0.29,146,374,39.0,1009,96,30.8,33.3,106,59.4,46.1,366,29,7.9,32,1.10,14.5,Matches
142,Ionuț Radu,ro ROU,GK,Venezia,it Serie A,27-341,1997,12.0,11,2,0,1,0,15.3,0.28,+4.3,+0.36,56,234,23.9,391,48,49.6,41.0,54,74.1,54.5,174,10,5.7,1,0.08,8.2,Matches
143,Hákon Rafn Valdimarsson,is ISL,GK,Brentford,eng Premier League,23-203,2001,1.6,2,0,0,0,1,0.6,0.14,-0.4,-0.26,15,38,39.5,54,7,42.6,34.9,16,93.8,59.3,16,2,12.5,0,0.00,4.7,Matches
144,Arnau Rafús,es ESP,GK,Valladolid,es La Liga,22-007,2003,1.0,2,0,1,0,0,0.5,0.23,-1.5,-1.53,7,15,46.7,38,5,34.2,34.9,5,40.0,39.0,14,1,7.1,1,1.00,11.4,Matches
145,Aaron Ramsdale,eng ENG,GK,Southampton,eng Premier League,26-355,1998,27.0,62,5,0,9,0,58.9,0.32,-3.1,-0.12,177,530,33.4,931,118,43.5,35.5,168,74.4,54.1,379,22,5.8,17,0.63,11.9,Matches
146,Federico Ravaglia,it ITA,GK,Bologna,it Serie A,25-174,1999,10.7,11,1,0,1,0,9.6,0.42,-1.4,-0.13,43,128,33.6,404,45,27.2,30.8,41,43.9,40.7,95,11,11.6,7,0.65,12.3,Matches
147,David Raya,es ESP,GK,Arsenal,eng Premier League,29-231,1995,35.0,31,3,2,7,0,30.2,0.26,-0.8,-0.02,136,430,31.6,1175,161,29.0,29.4,134,66.4,48.4,368,47,12.8,61,1.74,17.3,Matches
148,Pepe Reina,es ESP,GK,Como,it Serie A,42-246,1982,10.0,12,1,0,3,0,9.7,0.26,-2.3,-0.23,39,103,37.9,285,35,33.7,32.2,26,26.9,29.5,131,2,1.5,5,0.50,12.2,Matches
149,Álex Remiro,es ESP,GK,Real Sociedad,es La Liga,30-041,1995,32.0,36,5,0,5,0,31.5,0.24,-4.5,-0.14,163,436,37.4,901,96,32.7,33.3,216,65.3,50.4,414,25,6.0,33,1.03,13.8,Matches
150,Guillaume Restes,fr FRA,GK,Toulouse,fr Ligue 1,20-054,2005,26.3,33,1,1,2,3,25.6,0.29,-4.4,-0.17,71,255,27.8,614,74,29.5,29.8,126,58.7,42.8,330,5,1.5,26,0.99,16.2,Matches
Rk,Player,Nation,Pos,Squad,Comp,Age,Born,90s,GA,PKA,FK,CK,OG,PSxG,PSxG/SoT,PSxG+/-,/90,Cmp,Att,Cmp%,Att (GK),Thr,Launch%,AvgLen,Att,Launch%,AvgLen,Opp,Stp,Stp%,#OPA,#OPA/90,AvgDist,Matches
151,Adrian Rodriguez,es ESP,GK,Alavés,es La Liga,24-143,2000,1.4,2,1,0,0,0,1.5,0.13,-0.5,-0.36,18,48,37.5,26,0,92.3,56.3,24,100.0,67.4,33,0,0.0,0,0.00,9.8,Matches
152,Leo Román,es ESP,GK,Mallorca,es La Liga,24-302,2000,6.0,8,1,0,0,0,11.3,0.29,+3.3,+0.55,38,113,33.6,165,16,51.5,41.3,41,68.3,54.5,86,6,7.0,5,0.83,11.5,Matches
153,Gerónimo Rulli,ar ARG,GK,Marseille,fr Ligue 1,32-349,1992,31.0,43,3,1,4,2,45.0,0.33,+4.0,+0.13,79,184,42.9,990,124,14.9,24.3,101,35.6,32.9,284,25,8.8,59,1.90,18.8,Matches
154,Mathew Ryan,au AUS,GK,Lens,fr Ligue 1,33-026,1992,11.0,15,2,0,0,0,17.5,0.32,+2.5,+0.22,34,104,32.7,277,62,30.3,32.2,40,50.0,39.1,134,17,12.7,9,0.82,12.0,Matches
155,Frederik Rønnow,dk DEN,GK,Union Berlin,de Bundesliga,32-273,1992,27.0,34,1,1,1,1,38.0,0.32,+5.0,+0.19,141,392,36.0,716,132,37.3,34.6,155,80.6,55.2,473,40,8.5,29,1.07,12.6,Matches
156,José Sá,pt POR,GK,Wolves,eng Premier League,32-107,1993,27.0,45,4,1,6,2,39.9,0.34,-3.1,-0.12,87,356,24.4,705,104,39.4,35.3,145,53.8,42.0,411,29,7.1,40,1.48,15.5,Matches
157,Matvei Safonov,ru RUS,GK,Paris S-G,fr Ligue 1,26-068,1999,9.8,9,2,0,2,1,7.2,0.26,-0.8,-0.08,36,83,43.4,262,46,26.3,29.1,48,29.2,28.8,94,5,5.3,14,1.43,18.0,Matches
158,Brice Samba,fr FRA,GK,Rennes,fr Ligue 1,31-009,1994,15.0,23,0,1,4,0,23.4,0.33,+0.4,+0.03,50,154,32.5,495,59,24.2,29.6,88,38.6,33.8,201,14,7.0,11,0.73,12.6,Matches
159,Brice Samba,fr FRA,GK,Lens,fr Ligue 1,31-009,1994,15.0,14,4,2,3,0,17.5,0.26,+3.5,+0.23,82,163,50.3,435,61,29.7,30.5,76,44.7,36.1,152,17,11.2,22,1.47,16.1,Matches
160,Robert Sánchez,es ESP,GK,Chelsea,eng Premier League,27-167,1997,28.0,31,4,0,3,0,33.4,0.26,+2.4,+0.09,84,346,24.3,1020,165,31.0,32.3,70,42.9,38.4,309,39,12.6,51,1.82,14.8,Matches
161,Kauã Santos,br BRA,GK,Eint Frankfurt,de Bundesliga,22-023,2003,8.5,12,1,0,4,1,14.3,0.30,+3.3,+0.39,40,116,34.5,248,34,37.1,33.2,44,54.5,42.9,137,16,11.7,18,2.12,14.0,Matches
162,Razvan Sava,ro ROU,GK,Udinese,it Serie A,22-317,2002,12.0,16,3,1,4,2,14.5,0.24,+0.5,+0.04,44,148,29.7,337,26,33.2,32.2,55,65.5,47.5,202,4,2.0,13,1.08,14.8,Matches
163,Alexander Schwolow,de GER,GK,Union Berlin,de Bundesliga,32-336,1992,5.0,12,1,0,0,0,8.2,0.32,-3.8,-0.75,25,53,47.2,133,23,29.3,29.9,26,53.8,42.3,68,0,0.0,4,0.80,15.0,Matches
164,Simone Scuffet,it ITA,GK,Cagliari,it Serie A,28-338,1996,13.0,23,5,0,6,0,20.4,0.28,-2.6,-0.20,71,181,39.2,305,50,42.0,35.5,99,53.5,42.3,189,6,3.2,7,0.54,11.8,Matches
165,Simone Scuffet,it ITA,GK,Napoli,it Serie A,28-338,1996,1.0,1,0,0,0,0,1.6,0.40,+0.6,+0.60,3,12,25.0,35,5,25.7,29.3,9,33.3,32.7,29,1,3.4,0,0.00,7.0,Matches
166,Jacopo Seghetti,it ITA,GK,Empoli,it Serie A,20-076,2005,1.0,3,0,0,0,0,1.9,0.31,-1.1,-1.12,3,9,33.3,16,5,37.5,33.8,5,60.0,39.0,4,0,0.0,1,1.00,26.0,Matches
167,Matz Sels,be BEL,GK,Nott'ham Forest,eng Premier League,33-067,1992,34.0,41,2,1,4,0,43.9,0.29,+2.9,+0.09,223,645,34.6,638,77,70.7,45.5,249,77.9,54.4,640,17,2.7,8,0.24,8.0,Matches
168,Alen Sherri,al ALB,GK,Cagliari,it Serie A,27-140,1997,6.0,9,0,0,0,0,8.6,0.35,-0.4,-0.07,25,67,37.3,150,20,32.7,30.9,48,37.5,34.4,64,4,6.3,5,0.83,12.5,Matches
169,Rui Silva,pt POR,GK,Betis,es La Liga,31-086,1994,15.0,18,3,0,3,1,18.4,0.30,+1.4,+0.10,45,144,31.3,446,70,26.0,30.8,76,36.8,35.9,194,10,5.2,31,2.07,18.9,Matches
170,Marco Silvestri,it ITA,GK,Empoli,it Serie A,34-063,1991,5.0,11,0,0,3,1,8.0,0.32,-2.0,-0.41,35,85,41.2,135,16,60.7,41.8,13,23.1,25.2,62,1,1.6,4,0.80,12.6,Matches
171,Unai Simón,es ESP,GK,Athletic Club,es La Liga,27-327,1997,16.0,11,0,0,1,0,11.9,0.22,+0.9,+0.06,73,203,36.0,389,71,32.4,33.1,93,82.8,61.3,201,14,7.0,23,1.44,15.8,Matches
172,Tobias Sippel,de GER,GK,Gladbach,de Bundesliga,37-043,1988,0.7,3,0,0,1,0,1.2,0.30,-1.8,-2.72,9,22,40.9,22,2,45.5,39.2,12,100.0,69.2,13,0,0.0,0,0.00,2.0,Matches
173,Antonio Sivera,es ESP,GK,Alavés,es La Liga,28-266,1996,27.2,37,9,2,2,1,36.9,0.30,+0.9,+0.03,255,615,41.5,652,63,70.2,47.1,190,82.6,59.2,369,27,7.3,24,0.88,12.6,Matches
174,Łukasz Skorupski,pl POL,GK,Bologna,it Serie A,33-364,1991,23.3,26,1,0,1,2,23.9,0.33,-0.1,0.00,107,293,36.5,879,96,28.1,31.7,87,52.9,45.2,203,15,7.4,20,0.86,12.7,Matches
175,Yann Sommer,ch SUI,GK,Inter,it Serie A,36-138,1988,31.0,30,2,0,3,1,28.9,0.24,-0.1,0.00,90,218,41.3,1106,125,17.6,26.8,119,19.3,28.0,341,13,3.8,13,0.42,13.1,Matches
Rk,Player,Nation,Pos,Squad,Comp,Age,Born,90s,GA,PKA,FK,CK,OG,PSxG,PSxG/SoT,PSxG+/-,/90,Cmp,Att,Cmp%,Att (GK),Thr,Launch%,AvgLen,Att,Launch%,AvgLen,Opp,Stp,Stp%,#OPA,#OPA/90,AvgDist,Matches
176,David Soria,es ESP,GK,Getafe,es La Liga,32-030,1993,34.0,31,6,0,4,0,35.1,0.28,+4.1,+0.12,256,703,36.4,644,62,71.3,48.2,271,90.0,61.0,420,19,4.5,32,0.94,14.1,Matches
177,Juan Soriano,es ESP,GK,Leganés,es La Liga,27-254,1997,6.0,7,0,0,1,1,8.8,0.36,+2.8,+0.47,36,120,30.0,131,20,56.5,43.9,54,85.2,62.8,130,7,5.4,0,0.00,8.4,Matches
178,Marco Sportiello,it ITA,GK,Milan,it Serie A,32-359,1992,1.4,2,0,0,0,0,2.2,0.36,+0.2,+0.12,5,13,38.5,46,8,21.7,27.8,14,21.4,30.6,15,1,6.7,3,2.14,25.5,Matches
179,Filip Stankovic,rs SRB,GK,Venezia,it Serie A,23-068,2002,15.2,23,4,0,3,1,25.2,0.26,+3.2,+0.21,48,161,29.8,439,51,29.4,31.6,73,43.8,34.3,249,12,4.8,13,0.86,10.8,Matches
180,Jason Steele,eng ENG,GK,Brighton,eng Premier League,34-259,1990,2.0,1,0,0,0,0,0.5,0.12,-0.5,-0.26,7,16,43.8,110,7,13.6,25.1,2,50.0,43.0,22,2,9.1,3,1.50,15.4,Matches
181,Jakub Stolarczyk,pl POL,GK,Leicester City,eng Premier League,24-136,2000,7.0,12,0,0,1,0,11.3,0.36,-0.7,-0.10,50,127,39.4,225,27,47.1,33.5,34,61.8,45.0,125,6,4.8,6,0.86,12.2,Matches
182,Zion Suzuki,jp JPN,GK,Parma,it Serie A,22-256,2002,33.8,49,5,3,4,2,48.0,0.32,+1.0,+0.03,172,584,29.5,1159,177,39.7,36.9,205,60.5,50.8,573,62,10.8,32,0.95,11.6,Matches
183,Mile Svilar,rs SRB,GK,Roma,it Serie A,25-250,1999,34.0,32,4,0,4,1,38.7,0.26,+7.7,+0.23,107,355,30.1,1113,148,23.5,30.1,166,56.0,45.2,435,29,6.7,29,0.85,13.5,Matches
184,Wojciech Szczęsny,pl POL,GK,Barcelona,es La Liga,35-016,1990,13.0,9,0,0,1,0,9.4,0.36,+0.4,+0.03,19,54,35.2,353,54,11.9,24.6,45,26.7,30.7,118,6,5.1,43,3.31,20.0,Matches
185,Marc-André ter Stegen,de GER,GK,Barcelona,es La Liga,33-004,1992,6.5,6,1,0,1,0,5.3,0.24,-0.7,-0.11,15,30,50.0,208,37,12.5,26.8,20,20.0,32.0,75,4,5.3,8,1.23,15.0,Matches
186,Pietro Terracciano,it ITA,GK,Fiorentina,it Serie A,35-057,1990,3.0,3,0,0,0,0,3.1,0.24,+0.1,+0.03,8,25,32.0,78,14,28.2,28.8,11,27.3,26.5,20,1,5.0,3,1.00,17.0,Matches
187,Kevin Trapp,de GER,GK,Eint Frankfurt,de Bundesliga,34-300,1990,22.5,30,0,0,6,1,32.0,0.29,+3.0,+0.13,71,258,27.5,714,111,29.7,28.9,119,38.7,35.6,349,19,5.4,19,0.84,12.9,Matches
188,Mark Travers,ie IRL,GK,Bournemouth,eng Premier League,25-351,1999,5.0,5,0,1,1,0,9.5,0.38,+4.5,+0.89,33,73,45.2,103,29,41.7,36.3,39,76.9,55.8,63,1,1.6,5,1.00,12.9,Matches
189,Stefano Turati,it ITA,GK,Monza,it Serie A,23-241,2001,29.7,52,2,1,8,2,47.4,0.31,-2.6,-0.09,177,442,40.0,942,126,38.3,33.7,131,61.8,46.9,414,22,5.3,26,0.87,13.3,Matches
190,Sven Ulreich,de GER,GK,Bayern Munich,de Bundesliga,36-274,1988,1.0,0,0,0,0,0,0.0,,0.0,0.00,3,8,37.5,29,4,27.6,28.2,1,0.0,9.0,7,1,14.3,1,1.00,12.3,Matches
191,Jonas Urbig,de GER,GK,Bayern Munich,de Bundesliga,21-269,2003,8.0,12,0,0,2,0,10.3,0.38,-1.7,-0.21,30,79,38.0,263,33,26.2,30.9,23,43.5,43.1,81,5,6.2,21,2.63,17.4,Matches
192,Maarten Vandevoordt,be BEL,GK,RB Leipzig,de Bundesliga,23-067,2002,4.8,9,0,0,4,0,7.3,0.36,-1.7,-0.35,19,52,36.5,139,27,23.0,29.4,35,57.1,46.0,78,7,9.0,11,2.31,16.1,Matches
193,Nikola Vasilj,ba BIH,GK,St. Pauli,de Bundesliga,29-153,1995,32.0,37,1,0,5,1,44.8,0.32,+8.8,+0.27,161,483,33.3,1229,106,34.4,32.8,131,45.8,38.4,405,24,5.9,27,0.84,12.8,Matches
194,Devis Vásquez,co COL,GK,Empoli,it Serie A,26-357,1998,28.0,40,1,0,4,0,36.5,0.31,-3.5,-0.12,144,497,29.0,835,90,49.2,39.4,130,66.2,52.4,456,33,7.2,12,0.43,10.6,Matches
195,Bart Verbruggen,nl NED,GK,Brighton,eng Premier League,22-259,2002,32.0,54,7,1,4,2,45.7,0.32,-6.3,-0.20,106,327,32.4,1097,108,25.3,29.1,76,65.8,47.7,372,25,6.7,46,1.44,14.2,Matches
196,Guglielmo Vicario,it ITA,GK,Tottenham,eng Premier League,28-209,1996,22.0,32,0,0,4,2,32.7,0.36,+2.7,+0.12,20,71,28.2,739,115,8.8,22.1,59,10.2,20.6,274,29,10.6,30,1.36,13.3,Matches
197,Fran Vieites,es ESP,GK,Betis,es La Liga,25-362,1999,4.0,5,0,0,0,0,4.7,0.42,-0.3,-0.09,12,54,22.2,90,16,40.0,38.0,29,62.1,46.4,65,6,9.2,4,1.00,12.8,Matches
198,Iván Villar,es ESP,GK,Celta Vigo,es La Liga,27-299,1997,4.0,9,0,0,3,2,8.2,0.40,+1.2,+0.30,3,22,13.6,82,15,14.6,24.0,35,28.6,26.9,65,1,1.5,5,1.25,14.8,Matches
199,Christian Walton,eng ENG,GK,Ipswich Town,eng Premier League,29-176,1995,6.0,16,2,0,0,0,15.0,0.41,-1.0,-0.17,38,108,35.2,176,27,45.5,35.2,50,56.0,43.8,105,11,10.5,1,0.17,7.6,Matches
200,Danny Ward,wls WAL,GK,Leicester City,eng Premier League,31-316,1993,1.5,6,0,0,0,0,2.8,0.28,-3.2,-2.11,10,22,45.5,46,9,37.0,32.0,7,71.4,52.0,11,0,0.0,2,1.33,20.7,Matches
Rk,Player,Nation,Pos,Squad,Comp,Age,Born,90s,GA,PKA,FK,CK,OG,PSxG,PSxG/SoT,PSxG+/-,/90,Cmp,Att,Cmp%,Att (GK),Thr,Launch%,AvgLen,Att,Launch%,AvgLen,Opp,Stp,Stp%,#OPA,#OPA/90,AvgDist,Matches
201,Timon Weiner,de GER,GK,Holstein Kiel,de Bundesliga,26-106,1999,25.0,61,4,2,5,2,47.2,0.32,-11.8,-0.47,167,444,37.6,789,116,40.2,34.5,198,64.1,48.4,491,27,5.5,18,0.72,11.1,Matches
202,Robin Zentner,de GER,GK,Mainz 05,de Bundesliga,30-188,1994,31.0,39,3,2,8,0,43.3,0.30,+4.3,+0.14,171,551,31.0,956,130,45.7,38.5,177,64.4,51.9,520,45,8.7,57,1.84,13.9,Matches
203,Michael Zetterer,de GER,GK,Werder Bremen,de Bundesliga,29-296,1995,32.0,56,3,2,3,3,48.8,0.32,-4.2,-0.13,122,344,35.5,1123,171,27.8,31.8,101,31.7,35.7,440,34,7.7,30,0.94,13.3,Matches
