Rk,Player,Nation,Pos,Squad,Comp,Age,Born,MP,Starts,Min,90s,GA,GA90,SoTA,Saves,Save%,W,D,L,CS,CS%,PKatt,PKA,PKsv,PKm,Save%.1,source_file
1,Adrián,es ESP,GK,Betis,es La Liga,38-121,1987,14,14,1260,14.0,18,1.29,47,29,63.8,9,2,3,3,21.4,1,1,0,0,0.0,player_goalkeeping_big5.csv
2,Julen Agirrezabala,es ESP,GK,Athletic Club,es La Liga,24-129,2000,14,14,1206,13.4,9,0.67,34,24,76.5,9,4,1,5,35.7,2,1,1,0,50.0,player_goalkeeping_big5.csv
3,Ben Alexander Voll,de GER,"GK,MF",St. Pauli,de Bundesliga,24-146,2000,1,0,1,0.0,0,0.00,0,0,,0,0,0,0,,0,0,0,0,,player_goalkeeping_big5.csv
4,Alisson,br BRA,GK,Liverpool,eng Premier League,32-214,1992,24,24,2148,23.9,20,0.84,71,52,71.8,18,5,1,9,37.5,0,0,0,0,,player_goalkeeping_big5.csv
5,Alphonse Areola,fr FRA,GK,West Ham,eng Premier League,32-066,1993,23,22,1990,22.1,38,1.72,103,68,63.1,4,6,12,4,18.2,0,0,0,0,,player_goalkeeping_big5.csv
6,Kepa Arrizabalaga,es ESP,GK,Bournemouth,eng Premier League,30-213,1994,28,28,2520,28.0,35,1.25,126,91,75.4,12,7,9,7,25.0,4,4,0,0,0.0,player_goalkeeping_big5.csv
7,Noah Atubolu,de GER,GK,Freiburg,de Bundesliga,22-344,2002,24,24,2127,23.6,33,1.40,111,76,70.3,11,6,7,10,41.7,2,0,2,0,100.0,player_goalkeeping_big5.csv
8,Emil Audero,id IDN,GK,Como,it Serie A,28-106,1997,8,8,720,8.0,18,2.25,34,16,58.8,2,2,4,0,0.0,4,4,0,0,0.0,player_goalkeeping_big5.csv
9,Brandon Austin,eng ENG,GK,Tottenham,eng Premier League,26-116,1999,1,1,90,1.0,2,2.00,4,2,50.0,0,0,1,0,0.0,0,0,0,0,,player_goalkeeping_big5.csv
10,Augusto Batalla,ar ARG,GK,Rayo Vallecano,es La Liga,29-004,1996,28,28,2520,28.0,36,1.29,120,83,73.3,8,10,10,6,21.4,6,4,2,0,33.3,player_goalkeeping_big5.csv
11,Oliver Baumann,de GER,GK,Hoffenheim,de Bundesliga,34-336,1990,26,26,2340,26.0,47,1.81,128,79,64.8,6,7,13,4,15.4,5,2,3,0,60.0,player_goalkeeping_big5.csv
12,Altay Bayındır,tr TUR,GK,Manchester Utd,eng Premier League,27-020,1998,1,1,90,1.0,4,4.00,6,2,33.3,0,0,1,0,0.0,0,0,0,0,,player_goalkeeping_big5.csv
13,Daniel Bentley,eng ENG,GK,Wolves,eng Premier League,31-295,1993,1,1,90,1.0,0,0.00,2,2,100.0,1,0,0,1,100.0,0,0,0,0,,player_goalkeeping_big5.csv
14,Dimitry Bertaud,cd COD,GK,Montpellier,fr Ligue 1,26-332,1998,3,3,270,3.0,8,2.67,16,8,56.3,1,0,2,0,0.0,1,1,0,0,0.0,player_goalkeeping_big5.csv
15,Marco Bizot,nl NED,GK,Brest,fr Ligue 1,34-055,1991,29,29,2610,29.0,48,1.66,116,68,64.7,12,5,12,8,27.6,9,7,1,1,12.5,player_goalkeeping_big5.csv
16,Jean Butez,fr FRA,GK,Como,it Serie A,29-330,1995,17,17,1530,17.0,18,1.06,62,44,74.2,8,3,6,5,29.4,2,2,0,0,0.0,player_goalkeeping_big5.csv
17,Marcin Bułka,pl POL,GK,Nice,fr Ligue 1,25-212,1999,32,32,2880,32.0,39,1.22,156,117,76.3,16,9,7,7,21.9,3,2,1,0,33.3,player_goalkeeping_big5.csv
18,Elia Caprile,it ITA,GK,Cagliari,it Serie A,23-252,2001,16,16,1440,16.0,19,1.19,60,41,70.0,4,4,8,4,25.0,1,1,0,0,0.0,player_goalkeeping_big5.csv
19,Elia Caprile,it ITA,GK,Napoli,it Serie A,23-252,2001,4,3,325,3.6,1,0.28,8,7,87.5,3,0,0,3,100.0,0,0,0,0,,player_goalkeeping_big5.csv
20,Cárdenas,es ESP,GK,Rayo Vallecano,es La Liga,28-037,1997,6,6,540,6.0,6,1.00,20,14,70.0,3,1,2,2,33.3,0,0,0,0,,player_goalkeeping_big5.csv
21,Tiago Cardoso,lu LUX,GK,Gladbach,de Bundesliga,19-027,2006,5,4,380,4.2,3,0.71,23,20,87.0,2,1,1,2,50.0,0,0,0,0,,player_goalkeeping_big5.csv
22,Patrik Carlgren,se SWE,GK,Nantes,fr Ligue 1,33-116,1992,5,4,417,4.6,7,1.51,28,21,75.0,1,2,1,1,25.0,0,0,0,0,,player_goalkeeping_big5.csv
23,Marco Carnesecchi,it ITA,GK,Atalanta,it Serie A,24-307,2000,31,31,2790,31.0,30,0.97,109,81,74.3,17,7,7,12,38.7,2,2,0,0,0.0,player_goalkeeping_big5.csv
24,Lucas Chevalier,fr FRA,GK,Lille,fr Ligue 1,23-179,2001,31,31,2790,31.0,32,1.03,114,83,75.4,16,8,7,11,35.5,4,4,0,0,0.0,player_goalkeeping_big5.csv
25,Leandro Chichizola,ar ARG,GK,Parma,it Serie A,35-038,1990,1,1,90,1.0,3,3.00,6,3,50.0,0,0,1,0,0.0,0,0,0,0,,player_goalkeeping_big5.csv
Rk,Player,Nation,Pos,Squad,Comp,Age,Born,MP,Starts,Min,90s,GA,GA90,SoTA,Saves,Save%,W,D,L,CS,CS%,PKatt,PKA,PKsv,PKm,Save%,player_goalkeeping_big5.csv
26,Jasper Cillessen,nl NED,GK,Las Palmas,es La Liga,36-012,1989,27,27,2335,25.9,42,1.62,128,85,70.3,6,8,13,3,11.1,8,4,3,1,42.9,player_goalkeeping_big5.csv
27,Diego Conde,es ESP,GK,Villarreal,es La Liga,26-188,1998,21,21,1872,20.8,31,1.49,88,58,68.2,10,6,5,2,9.5,4,3,0,1,0.0,player_goalkeeping_big5.csv
28,Grégoire Coudert,fr FRA,GK,Brest,fr Ligue 1,26-031,1999,2,2,180,2.0,5,2.50,13,9,61.5,1,0,1,0,0.0,0,0,0,0,,player_goalkeeping_big5.csv
29,Thibaut Courtois,be BEL,GK,Real Madrid,es La Liga,32-358,1992,27,27,2430,27.0,22,0.81,87,66,78.2,18,6,3,11,40.7,3,3,0,0,0.0,player_goalkeeping_big5.csv
30,Finn Dahmen,de GER,GK,Augsburg,de Bundesliga,27-038,1998,16,16,1440,16.0,10,0.62,64,56,85.9,7,6,3,9,56.3,1,1,0,0,0.0,player_goalkeeping_big5.csv
31,Thomas Dähne,de GER,GK,Holstein Kiel,de Bundesliga,31-120,1994,6,6,540,6.0,13,2.17,36,23,66.7,1,2,3,0,0.0,2,1,1,0,50.0,player_goalkeeping_big5.csv
32,Théo De Percin,mq MTQ,GK,Auxerre,fr Ligue 1,24-091,2001,2,2,180,2.0,3,1.50,9,5,77.8,0,1,1,1,50.0,2,1,1,0,50.0,player_goalkeeping_big5.csv
33,Rémy Descamps,fr FRA,GK,Lyon,fr Ligue 1,28-313,1996,1,1,90,1.0,2,2.00,6,4,66.7,0,0,1,0,0.0,0,0,0,0,,player_goalkeeping_big5.csv
34,Arthur Desmas,fr FRA,GK,Le Havre,fr Ligue 1,31-027,1994,18,18,1620,18.0,38,2.11,93,54,61.3,5,0,13,3,16.7,3,2,1,0,33.3,player_goalkeeping_big5.csv
35,Michele Di Gregorio,it ITA,GK,Juventus,it Serie A,27-281,1997,29,29,2610,29.0,28,0.97,88,60,73.9,14,11,4,13,44.8,5,5,0,0,0.0,player_goalkeeping_big5.csv
36,Stole Dimitrievski,mk MKD,GK,Valencia,es La Liga,31-130,1993,4,4,360,4.0,6,1.50,12,6,58.3,0,2,2,0,0.0,2,1,0,1,0.0,player_goalkeeping_big5.csv
37,Yehvann Diouf,fr FRA,GK,Reims,fr Ligue 1,25-169,1999,32,32,2880,32.0,43,1.34,170,126,76.5,8,9,15,7,21.9,4,3,1,0,25.0,player_goalkeeping_big5.csv
38,Marko Dmitrović,rs SRB,GK,Leganés,es La Liga,33-100,1992,27,27,2430,27.0,42,1.56,125,85,72.0,5,10,12,8,29.6,8,7,0,1,0.0,player_goalkeeping_big5.csv
39,Álex Domínguez,es ESP,GK,Toulouse,fr Ligue 1,26-278,1998,1,0,19,0.2,0,0.00,0,0,,0,0,0,1,,0,0,0,0,,player_goalkeeping_big5.csv
40,Gianluigi Donnarumma,it ITA,GK,Paris S-G,fr Ligue 1,26-068,1999,23,23,2001,22.2,24,1.08,72,48,68.1,17,5,1,4,17.4,1,1,0,0,0.0,player_goalkeeping_big5.csv
41,Patrick Drewes,de GER,GK,Bochum,de Bundesliga,32-089,1993,21,21,1890,21.0,46,2.19,99,51,56.6,2,5,14,2,9.5,5,3,2,0,40.0,player_goalkeeping_big5.csv
42,Martin Dúbravka,sk SVK,GK,Newcastle Utd,eng Premier League,36-109,1989,10,10,900,10.0,12,1.20,41,29,70.7,7,0,3,5,50.0,0,0,0,0,,player_goalkeeping_big5.csv
43,Ederson,br BRA,GK,Manchester City,eng Premier League,31-260,1993,23,23,2050,22.8,25,1.10,73,49,68.5,14,3,6,8,34.8,2,2,0,0,0.0,player_goalkeeping_big5.csv
44,Łukasz Fabiański,pl POL,GK,West Ham,eng Premier League,40-016,1985,13,12,1070,11.9,20,1.68,67,47,74.6,5,3,4,2,16.7,3,3,0,0,0.0,player_goalkeeping_big5.csv
45,Wladimiro Falcone,it ITA,GK,Lecce,it Serie A,30-022,1995,35,35,3150,35.0,57,1.63,168,113,70.8,6,9,20,7,20.0,10,8,1,1,11.1,player_goalkeeping_big5.csv
46,Frank Feller,de GER,GK,Heidenheim,de Bundesliga,21-117,2004,1,0,31,0.3,0,0.00,1,1,100.0,0,0,0,1,,0,0,0,0,,player_goalkeeping_big5.csv
47,Aitor Fernández,es ESP,GK,Osasuna,es La Liga,34-001,1991,1,1,90,1.0,0,0.00,5,5,100.0,0,1,0,1,100.0,0,0,0,0,,player_goalkeeping_big5.csv
48,Álvaro Fernández,es ESP,GK,Sevilla,es La Liga,27-021,1998,8,7,657,7.3,12,1.64,29,17,65.5,2,1,4,3,42.9,2,2,0,0,0.0,player_goalkeeping_big5.csv
49,André Ferreira,pt POR,GK,Valladolid,es La Liga,28-340,1996,5,5,450,5.0,18,3.60,35,17,57.1,0,0,5,0,0.0,3,3,0,0,0.0,player_goalkeeping_big5.csv
50,Mark Flekken,nl NED,GK,Brentford,eng Premier League,31-325,1993,33,33,2915,32.4,48,1.48,181,135,74.0,14,7,12,6,18.2,1,1,0,0,0.0,player_goalkeeping_big5.csv
Rk,Player,Nation,Pos,Squad,Comp,Age,Born,MP,Starts,Min,90s,GA,GA90,SoTA,Saves,Save%,W,D,L,CS,CS%,PKatt,PKA,PKsv,PKm,Save%,player_goalkeeping_big5.csv
51,Yahia Fofana,ci CIV,GK,Angers,fr Ligue 1,24-256,2000,31,31,2790,31.0,50,1.61,180,130,73.9,8,6,17,6,19.4,4,3,0,1,0.0,player_goalkeeping_big5.csv
52,Fraser Forster,eng ENG,GK,Tottenham,eng Premier League,37-048,1988,7,7,630,7.0,15,2.14,42,27,69.0,1,2,4,1,14.3,2,2,0,0,0.0,player_goalkeeping_big5.csv
53,Fran,es ESP,GK,Real Madrid,es La Liga,19-314,2005,1,1,90,1.0,2,2.00,2,0,0.0,0,0,1,0,0.0,0,0,0,0,,player_goalkeeping_big5.csv
54,Gauthier Gallon,fr FRA,GK,Rennes,fr Ligue 1,32-011,1993,1,0,45,0.5,0,0.00,0,0,,0,0,0,0,,0,0,0,0,,player_goalkeeping_big5.csv
55,Joan García,es ESP,GK,Espanyol,es La Liga,24-000,2001,33,33,2970,33.0,42,1.27,166,122,77.1,10,9,14,7,21.2,6,4,2,0,33.3,player_goalkeeping_big5.csv
56,Paulo Gazzaniga,ar ARG,GK,Girona,es La Liga,33-122,1992,33,33,2925,32.5,50,1.54,133,81,63.9,9,8,16,6,18.2,5,2,3,0,60.0,player_goalkeeping_big5.csv
57,David de Gea,es ESP,GK,Fiorentina,it Serie A,34-178,1990,31,31,2790,31.0,31,1.00,121,89,75.2,17,5,9,11,35.5,3,1,2,0,66.7,player_goalkeeping_big5.csv
58,Pierluigi Gollini,it ITA,GK,Genoa,it Serie A,30-047,1995,7,7,630,7.0,15,2.14,32,16,62.5,1,2,4,1,14.3,4,3,1,0,25.0,player_goalkeeping_big5.csv
59,Mathieu Gorgelin,fr FRA,GK,Le Havre,fr Ligue 1,34-272,1990,13,13,1170,13.0,27,2.08,72,46,66.7,3,4,6,1,7.7,3,3,0,0,0.0,player_goalkeeping_big5.csv
60,Kamil Grabara,pl POL,GK,Wolfsburg,de Bundesliga,26-116,1999,27,27,2405,26.7,47,1.76,127,80,64.6,8,6,13,4,14.8,3,2,1,0,33.3,player_goalkeeping_big5.csv
61,Dominik Greif,sk SVK,GK,Mallorca,es La Liga,28-028,1997,27,27,2430,27.0,30,1.11,91,62,69.2,10,7,10,6,22.2,2,2,0,0,0.0,player_goalkeeping_big5.csv
62,Vicente Guaita,es ESP,GK,Celta Vigo,es La Liga,38-114,1987,29,29,2610,29.0,40,1.38,104,64,63.5,11,7,11,7,24.1,2,2,0,0,0.0,player_goalkeeping_big5.csv
63,Péter Gulácsi,hu HUN,GK,RB Leipzig,de Bundesliga,34-363,1990,28,28,2451,27.2,36,1.32,125,88,72.8,12,10,6,13,46.4,3,2,1,0,33.3,player_goalkeeping_big5.csv
64,Kjetil Haug,no NOR,GK,Toulouse,fr Ligue 1,26-326,1998,6,5,498,5.5,7,1.27,16,9,56.3,2,2,1,1,20.0,0,0,0,0,,player_goalkeeping_big5.csv
65,Dean Henderson,eng ENG,GK,Crystal Palace,eng Premier League,28-053,1997,34,34,3060,34.0,47,1.38,139,94,66.9,11,12,11,10,29.4,2,1,1,0,50.0,player_goalkeeping_big5.csv
66,Mads Hermansen,dk DEN,GK,Leicester City,eng Premier League,24-297,2000,27,27,2385,26.5,58,2.19,155,99,64.5,3,6,18,1,3.7,4,3,1,0,25.0,player_goalkeeping_big5.csv
67,Sergio Herrera,es ESP,GK,Osasuna,es La Liga,31-333,1993,33,33,2970,33.0,50,1.52,161,112,72.7,10,13,10,6,18.2,6,6,0,0,0.0,player_goalkeeping_big5.csv
68,Dinko Horkaš,hr CRO,GK,Las Palmas,es La Liga,26-055,1999,9,7,725,8.1,14,1.74,39,25,64.1,2,0,5,1,14.3,1,0,1,0,100.0,player_goalkeeping_big5.csv
69,Timo Horn,de GER,GK,Bochum,de Bundesliga,31-357,1993,11,11,990,11.0,18,1.64,45,27,60.0,2,3,6,2,18.2,1,0,0,1,,player_goalkeeping_big5.csv
70,Lukáš Hrádecký,fi FIN,GK,Leverkusen,de Bundesliga,35-161,1989,27,27,2430,27.0,32,1.19,107,78,72.9,16,10,1,6,22.2,3,3,0,0,0.0,player_goalkeeping_big5.csv
71,Karl Jakob Hein,ee EST,GK,Valladolid,es La Liga,23-021,2002,28,28,2520,28.0,63,2.25,148,86,59.5,4,4,20,5,17.9,3,3,0,0,0.0,player_goalkeeping_big5.csv
72,Vitezslav Jaros,cz CZE,GK,Liverpool,eng Premier League,23-285,2001,1,0,12,0.1,0,0.00,1,1,100.0,0,0,0,1,,0,0,0,0,,player_goalkeeping_big5.csv
73,Karl-Johan Johnsson,se SWE,GK,Strasbourg,fr Ligue 1,35-096,1990,3,3,270,3.0,6,2.00,22,16,77.3,1,1,1,0,0.0,1,1,0,0,0.0,player_goalkeeping_big5.csv
74,Sam Johnstone,eng ENG,GK,Wolves,eng Premier League,32-040,1993,7,7,630,7.0,17,2.43,39,23,61.5,0,1,6,0,0.0,2,2,0,0,0.0,player_goalkeeping_big5.csv
75,Jesse Joronen,fi FIN,GK,Venezia,it Serie A,32-044,1993,8,7,703,7.8,15,1.92,40,27,70.0,1,1,5,2,28.6,3,3,0,0,0.0,player_goalkeeping_big5.csv
Rk,Player,Nation,Pos,Squad,Comp,Age,Born,MP,Starts,Min,90s,GA,GA90,SoTA,Saves,Save%,W,D,L,CS,CS%,PKatt,PKA,PKsv,PKm,Save%,player_goalkeeping_big5.csv
76,Luiz Lúcio Reis Júnior,br BRA,GK,Villarreal,es La Liga,24-110,2001,14,13,1188,13.2,16,1.21,51,35,76.5,6,4,3,3,23.1,4,4,0,0,0.0,player_goalkeeping_big5.csv
77,Filip Jørgensen,dk DEN,GK,Chelsea,eng Premier League,23-018,2002,6,6,540,6.0,9,1.50,28,19,71.4,3,0,3,1,16.7,1,1,0,0,0.0,player_goalkeeping_big5.csv
78,Caoimhín Kelleher,ie IRL,GK,Liverpool,eng Premier League,26-162,1998,10,10,900,10.0,12,1.20,37,24,67.6,7,2,1,4,40.0,1,0,1,0,100.0,player_goalkeeping_big5.csv
79,Antonín Kinský,cz CZE,GK,Tottenham,eng Premier League,22-052,2003,4,4,360,4.0,7,1.75,16,11,56.3,1,0,3,1,25.0,0,0,0,0,,player_goalkeeping_big5.csv
80,Gregor Kobel,ch SUI,GK,Dortmund,de Bundesliga,27-149,1997,30,30,2700,30.0,45,1.50,117,72,65.0,14,6,10,6,20.0,4,4,0,0,0.0,player_goalkeeping_big5.csv
81,Hervé Koffi,bf BFA,GK,Lens,fr Ligue 1,28-200,1996,5,5,450,5.0,8,1.60,26,18,76.9,1,0,4,0,0.0,2,2,0,0,0.0,player_goalkeeping_big5.csv
82,Philipp Köhn,ch SUI,GK,Monaco,fr Ligue 1,27-032,1998,17,17,1530,17.0,15,0.88,54,39,74.1,10,5,2,7,41.2,1,1,0,0,0.0,player_goalkeeping_big5.csv
83,Matej Kovar,cz CZE,GK,Leverkusen,de Bundesliga,24-352,2000,4,4,360,4.0,3,0.75,13,10,76.9,3,0,1,3,75.0,0,0,0,0,,player_goalkeeping_big5.csv
84,Nediljko Labrović,hr CRO,GK,Augsburg,de Bundesliga,25-206,1999,15,15,1350,15.0,32,2.13,74,42,60.8,4,4,7,2,13.3,3,3,0,0,0.0,player_goalkeeping_big5.csv
85,Alban Lafont,fr FRA,GK,Nantes,fr Ligue 1,26-101,1999,12,12,1080,12.0,19,1.58,49,32,67.3,2,4,6,2,16.7,3,3,0,0,0.0,player_goalkeeping_big5.csv
86,Gautier Larsonneur,fr FRA,GK,Saint-Étienne,fr Ligue 1,28-070,1997,31,31,2790,31.0,74,2.39,195,121,68.7,6,6,19,3,9.7,15,13,2,0,13.3,player_goalkeeping_big5.csv
87,Nicola Leali,it ITA,GK,Genoa,it Serie A,32-076,1993,27,27,2430,27.0,26,0.96,100,75,77.0,8,10,9,10,37.0,4,3,1,0,25.0,player_goalkeeping_big5.csv
88,Benjamin Lecomte,fr FRA,GK,Montpellier,fr Ligue 1,34-008,1991,27,27,2430,27.0,61,2.26,154,95,63.6,3,4,20,1,3.7,6,5,1,0,16.7,player_goalkeeping_big5.csv
89,Bernd Leno,de GER,GK,Fulham,eng Premier League,33-061,1992,35,35,3150,35.0,47,1.34,142,97,68.3,14,9,12,5,14.3,2,2,0,0,0.0,player_goalkeeping_big5.csv
90,Donovan Léon,gf GUF,GK,Auxerre,fr Ligue 1,32-182,1992,29,29,2610,29.0,42,1.45,148,108,75.0,11,7,11,9,31.0,5,5,0,0,0.0,player_goalkeeping_big5.csv
91,Anthony Lopes,pt POR,GK,Nantes,fr Ligue 1,34-215,1990,15,15,1293,14.4,24,1.67,66,43,69.7,4,5,6,2,13.3,5,4,0,1,0.0,player_goalkeeping_big5.csv
92,Pau López,es ESP,GK,Girona,es La Liga,30-142,1994,1,0,45,0.5,2,4.00,3,1,33.3,0,0,0,0,,0,0,0,0,,player_goalkeeping_big5.csv
93,Joe Lumley,eng ENG,GK,Southampton,eng Premier League,30-078,1995,3,3,270,3.0,7,2.33,20,13,65.0,0,1,2,0,0.0,0,0,0,0,,player_goalkeeping_big5.csv
94,Andriy Lunin,ua UKR,GK,Real Madrid,es La Liga,26-082,1999,5,5,450,5.0,7,1.40,18,11,61.1,4,0,1,2,40.0,0,0,0,0,,player_goalkeeping_big5.csv
95,Mike Maignan,fr FRA,GK,Milan,it Serie A,29-305,1995,33,33,2934,32.6,36,1.10,120,86,70.8,14,9,10,11,33.3,2,1,1,0,50.0,player_goalkeeping_big5.csv
96,Radosław Majecki,pl POL,GK,Monaco,fr Ligue 1,25-169,1999,15,15,1350,15.0,22,1.47,65,43,69.2,7,2,6,3,20.0,2,2,0,0,0.0,player_goalkeeping_big5.csv
97,Giorgi Mamardashvili,ge GEO,GK,Valencia,es La Liga,24-217,2000,30,30,2700,30.0,45,1.50,120,76,65.8,10,10,10,7,23.3,6,4,2,0,33.3,player_goalkeeping_big5.csv
98,Steve Mandanda,fr FRA,GK,Rennes,fr Ligue 1,40-037,1985,17,17,1485,16.5,23,1.39,51,29,58.8,6,2,9,6,35.3,3,2,1,0,33.3,player_goalkeeping_big5.csv
99,Christos Mandas,gr GRE,GK,Lazio,it Serie A,23-229,2001,5,5,450,5.0,3,0.60,17,14,82.4,2,3,0,3,60.0,0,0,0,0,,player_goalkeeping_big5.csv
100,Unai Marrero,es ESP,GK,Real Sociedad,es La Liga,23-207,2001,1,1,90,1.0,1,1.00,4,3,75.0,0,0,1,0,0.0,0,0,0,0,,player_goalkeeping_big5.csv
Rk,Player,Nation,Pos,Squad,Comp,Age,Born,MP,Starts,Min,90s,GA,GA90,SoTA,Saves,Save%,W,D,L,CS,CS%,PKatt,PKA,PKsv,PKm,Save%,player_goalkeeping_big5.csv
101,Emiliano Martínez,ar ARG,GK,Aston Villa,eng Premier League,32-244,1992,34,34,2970,33.0,45,1.36,132,86,66.7,16,9,9,6,17.6,2,1,1,0,50.0,player_goalkeeping_big5.csv
102,Josep Martinez,es ESP,GK,Inter,it Serie A,26-342,1998,4,4,360,4.0,3,0.75,11,8,72.7,3,1,0,2,50.0,0,0,0,0,,player_goalkeeping_big5.csv
103,Alex McCarthy,eng ENG,GK,Southampton,eng Premier League,35-152,1989,5,5,450,5.0,13,2.60,37,24,70.3,0,0,5,0,0.0,2,2,0,0,0.0,player_goalkeeping_big5.csv
104,Alex Meret,it ITA,GK,Napoli,it Serie A,28-043,1997,31,31,2735,30.4,23,0.76,77,53,71.4,20,7,4,14,45.2,4,1,2,1,66.7,player_goalkeeping_big5.csv
105,Alexander Meyer,de GER,GK,Dortmund,de Bundesliga,34-021,1991,2,2,180,2.0,4,2.00,11,7,63.6,1,0,1,0,0.0,0,0,0,0,,player_goalkeeping_big5.csv
106,Vanja Milinković-Savić,rs SRB,GK,Torino,it Serie A,28-073,1997,34,34,3060,34.0,37,1.09,157,118,77.1,10,14,10,10,29.4,5,1,4,0,80.0,player_goalkeeping_big5.csv
107,Lorenzo Montipò,it ITA,GK,Hellas Verona,it Serie A,29-073,1996,34,34,3060,34.0,62,1.82,153,91,60.8,9,5,20,8,23.5,4,2,1,1,33.3,player_goalkeeping_big5.csv
108,Florian Müller,de GER,GK,Freiburg,de Bundesliga,27-172,1997,8,7,663,7.4,14,1.90,28,15,57.1,4,0,3,1,14.3,2,2,0,0,0.0,player_goalkeeping_big5.csv
109,Kevin Müller,de GER,GK,Heidenheim,de Bundesliga,34-050,1991,32,32,2849,31.7,60,1.90,163,103,66.3,7,5,20,7,21.9,5,5,0,0,0.0,player_goalkeeping_big5.csv
110,Marius Müller,de GER,GK,Wolfsburg,de Bundesliga,31-296,1993,6,5,475,5.3,5,0.95,23,18,78.3,2,3,0,1,20.0,0,0,0,0,,player_goalkeeping_big5.csv
111,Arijanet Muric,xk KVX,GK,Ipswich Town,eng Premier League,26-178,1998,18,18,1620,18.0,33,1.83,100,67,70.0,2,6,10,1,5.6,3,3,0,0,0.0,player_goalkeeping_big5.csv
112,Juan Musso,ar ARG,GK,Atalanta,it Serie A,30-363,1994,1,1,90,1.0,0,0.00,4,4,100.0,1,0,0,1,100.0,0,0,0,0,,player_goalkeeping_big5.csv
113,Juan Musso,ar ARG,GK,Atlético Madrid,es La Liga,30-363,1994,1,1,90,1.0,0,0.00,1,1,100.0,1,0,0,1,100.0,0,0,0,0,,player_goalkeeping_big5.csv
114,Neto,br BRA,GK,Bournemouth,eng Premier League,35-289,1989,2,2,180,2.0,2,1.00,13,11,84.6,0,2,0,0,0.0,0,0,0,0,,player_goalkeeping_big5.csv
115,Manuel Neuer,de GER,GK,Bayern Munich,de Bundesliga,39-038,1986,20,20,1800,20.0,15,0.75,37,22,62.2,16,4,0,11,55.0,2,1,0,1,0.0,player_goalkeeping_big5.csv
116,Moritz Nicolas,de GER,GK,Gladbach,de Bundesliga,27-195,1997,19,19,1639,18.2,25,1.37,92,69,78.3,9,4,6,4,21.1,5,5,0,0,0.0,player_goalkeeping_big5.csv
117,Alexander Nübel,de GER,GK,Stuttgart,de Bundesliga,28-216,1996,32,32,2880,32.0,51,1.59,131,80,62.6,12,8,12,6,18.8,3,2,1,0,33.3,player_goalkeeping_big5.csv
118,Ørjan Nyland,no NOR,GK,Sevilla,es La Liga,34-236,1990,26,26,2313,25.7,32,1.25,96,64,69.8,7,9,10,6,23.1,4,3,1,0,25.0,player_goalkeeping_big5.csv
119,Jan Oblak,si SVN,GK,Atlético Madrid,es La Liga,32-117,1993,33,33,2970,33.0,27,0.82,103,78,78.6,18,10,5,14,42.4,5,5,0,0,0.0,player_goalkeeping_big5.csv
120,Maduka Okoye,ng NGA,GK,Udinese,it Serie A,25-249,1999,22,22,1980,22.0,33,1.50,90,60,67.8,6,4,12,4,18.2,5,4,0,1,0.0,player_goalkeeping_big5.csv
121,Robin Olsen,se SWE,GK,Aston Villa,eng Premier League,35-116,1990,3,1,180,2.0,4,2.00,9,5,55.6,1,0,0,1,100.0,0,0,0,0,,player_goalkeeping_big5.csv
122,Jonas Omlin,ch SUI,GK,Gladbach,de Bundesliga,31-114,1994,10,9,798,8.9,23,2.59,57,33,63.2,2,1,6,1,11.1,3,2,1,0,33.3,player_goalkeeping_big5.csv
123,André Onana,cm CMR,GK,Manchester Utd,eng Premier League,29-032,1996,33,33,2970,33.0,43,1.30,129,86,69.0,10,9,14,9,27.3,4,3,1,0,25.0,player_goalkeeping_big5.csv
124,Stefan Ortega,de GER,GK,Manchester City,eng Premier League,32-179,1992,13,12,1100,12.2,18,1.47,50,33,68.0,5,4,3,3,25.0,2,2,0,0,0.0,player_goalkeeping_big5.csv
125,Jesús Owono,gq EQG,GK,Alavés,es La Liga,24-064,2001,6,5,487,5.4,7,1.29,14,7,57.1,1,1,3,0,0.0,1,1,0,0,0.0,player_goalkeeping_big5.csv
Rk,Player,Nation,Pos,Squad,Comp,Age,Born,MP,Starts,Min,90s,GA,GA90,SoTA,Saves,Save%,W,D,L,CS,CS%,PKatt,PKA,PKsv,PKm,Save%,player_goalkeeping_big5.csv
126,Daniele Padelli,it ITA,GK,Udinese,it Serie A,39-191,1985,1,1,90,1.0,0,0.00,3,3,100.0,1,0,0,1,100.0,0,0,0,0,,player_goalkeeping_big5.csv
127,Alex Padilla,es ESP,GK,Athletic Club,es La Liga,21-245,2003,5,3,321,3.6,6,1.68,17,12,70.6,0,1,2,0,0.0,1,1,0,0,0.0,player_goalkeeping_big5.csv
128,Alberto Paleari,it ITA,GK,Torino,it Serie A,32-248,1992,1,1,90,1.0,3,3.00,7,4,57.1,0,0,1,0,0.0,0,0,0,0,,player_goalkeeping_big5.csv
129,Alex Palmer,eng ENG,GK,Ipswich Town,eng Premier League,28-267,1996,11,11,990,11.0,27,2.45,63,38,58.7,1,3,7,0,0.0,1,1,0,0,0.0,player_goalkeeping_big5.csv
130,Rui Patrício,pt POR,GK,Atalanta,it Serie A,37-078,1988,2,2,180,2.0,1,0.50,9,8,88.9,1,1,0,1,50.0,0,0,0,0,,player_goalkeeping_big5.csv
131,Iñaki Peña,es ESP,GK,Barcelona,es La Liga,26-063,1999,15,14,1306,14.5,18,1.24,52,34,69.2,6,3,5,3,21.4,2,2,0,0,0.0,player_goalkeeping_big5.csv
132,Daniel Peretz,il ISR,GK,Bayern Munich,de Bundesliga,24-298,2000,3,3,270,3.0,5,1.67,7,2,28.6,2,0,1,0,0.0,0,0,0,0,,player_goalkeeping_big5.csv
133,Simone Perilli,it ITA,GK,Hellas Verona,it Serie A,30-117,1995,1,1,90,1.0,1,1.00,6,5,83.3,0,0,1,0,0.0,0,0,0,0,,player_goalkeeping_big5.csv
134,Mattia Perin,it ITA,GK,Juventus,it Serie A,32-175,1992,5,5,450,5.0,3,0.60,16,13,81.3,2,3,0,3,60.0,0,0,0,0,,player_goalkeeping_big5.csv
135,Lucas Perri,br BRA,GK,Lyon,fr Ligue 1,27-145,1997,30,30,2700,30.0,40,1.33,149,109,75.2,16,6,8,9,30.0,3,3,0,0,0.0,player_goalkeeping_big5.csv
136,Đorđe Petrović,rs SRB,GK,Strasbourg,fr Ligue 1,25-208,1999,29,29,2610,29.0,33,1.14,140,108,80.0,15,8,6,10,34.5,6,5,1,0,16.7,player_goalkeeping_big5.csv
137,Luca Philipp,de GER,GK,Hoffenheim,de Bundesliga,24-157,2000,6,6,540,6.0,15,2.50,35,21,60.0,1,3,2,0,0.0,1,1,0,0,0.0,player_goalkeeping_big5.csv
138,Jordan Pickford,eng ENG,GK,Everton,eng Premier League,31-058,1994,35,35,3150,35.0,43,1.23,149,104,71.1,8,15,12,10,28.6,2,0,2,0,100.0,player_goalkeeping_big5.csv
139,Semuel Pizzignacco,it ITA,GK,Monza,it Serie A,23-245,2001,5,4,384,4.3,7,1.64,18,11,61.1,0,2,2,1,25.0,0,0,0,0,,player_goalkeeping_big5.csv
140,Nick Pope,eng ENG,GK,Newcastle Utd,eng Premier League,33-015,1992,24,24,2160,24.0,32,1.33,105,74,70.5,12,5,7,7,29.2,2,1,1,0,50.0,player_goalkeeping_big5.csv
141,Ivan Provedel,it ITA,GK,Lazio,it Serie A,31-048,1994,29,29,2610,29.0,42,1.45,92,52,58.7,15,6,8,5,17.2,4,4,0,0,0.0,player_goalkeeping_big5.csv
142,Ionuț Radu,ro ROU,GK,Venezia,it Serie A,27-341,1997,12,12,1080,12.0,11,0.92,50,39,82.0,1,7,4,4,33.3,2,2,0,0,0.0,player_goalkeeping_big5.csv
143,Hákon Rafn Valdimarsson,is ISL,GK,Brentford,eng Premier League,23-203,2001,2,1,145,1.6,2,1.24,4,3,50.0,0,0,1,1,100.0,0,0,0,0,,player_goalkeeping_big5.csv
144,Arnau Rafús,es ESP,GK,Valladolid,es La Liga,22-007,2003,1,1,90,1.0,2,2.00,2,0,0.0,0,0,1,0,0.0,0,0,0,0,,player_goalkeeping_big5.csv
145,Aaron Ramsdale,eng ENG,GK,Southampton,eng Premier League,26-355,1998,27,27,2430,27.0,62,2.30,173,109,67.1,2,4,21,2,7.4,7,5,2,0,28.6,player_goalkeeping_big5.csv
146,Federico Ravaglia,it ITA,GK,Bologna,it Serie A,25-174,1999,11,10,966,10.7,11,1.02,21,10,52.4,5,2,3,4,40.0,1,1,0,0,0.0,player_goalkeeping_big5.csv
147,David Raya,es ESP,GK,Arsenal,eng Premier League,29-231,1995,35,35,3150,35.0,31,0.89,108,77,74.1,18,13,4,12,34.3,3,3,0,0,0.0,player_goalkeeping_big5.csv
148,Pepe Reina,es ESP,GK,Como,it Serie A,42-246,1982,10,10,900,10.0,12,1.20,35,23,68.6,2,4,4,2,20.0,1,1,0,0,0.0,player_goalkeeping_big5.csv
149,Álex Remiro,es ESP,GK,Real Sociedad,es La Liga,30-041,1995,32,32,2880,32.0,36,1.13,115,78,73.0,12,6,14,12,37.5,6,5,1,0,16.7,player_goalkeeping_big5.csv
150,Guillaume Restes,fr FRA,GK,Toulouse,fr Ligue 1,20-054,2005,27,27,2363,26.3,33,1.26,84,53,61.9,8,6,13,8,29.6,2,1,1,0,50.0,player_goalkeeping_big5.csv
Rk,Player,Nation,Pos,Squad,Comp,Age,Born,MP,Starts,Min,90s,GA,GA90,SoTA,Saves,Save%,W,D,L,CS,CS%,PKatt,PKA,PKsv,PKm,Save%,player_goalkeeping_big5.csv
151,Adrian Rodriguez,es ESP,GK,Alavés,es La Liga,24-143,2000,2,1,122,1.4,2,1.48,6,4,83.3,0,1,0,1,100.0,1,1,0,0,0.0,player_goalkeeping_big5.csv
152,Leo Román,es ESP,GK,Mallorca,es La Liga,24-302,2000,6,6,540,6.0,8,1.33,37,29,81.1,2,1,3,2,33.3,1,1,0,0,0.0,player_goalkeeping_big5.csv
153,Gerónimo Rulli,ar ARG,GK,Marseille,fr Ligue 1,32-349,1992,31,31,2790,31.0,43,1.39,128,84,68.8,18,4,9,5,16.1,6,3,3,0,50.0,player_goalkeeping_big5.csv
154,Mathew Ryan,au AUS,GK,Lens,fr Ligue 1,33-026,1992,11,11,990,11.0,15,1.36,48,32,72.9,6,0,5,5,45.5,3,2,1,0,33.3,player_goalkeeping_big5.csv
155,Frederik Rønnow,dk DEN,GK,Union Berlin,de Bundesliga,32-273,1992,27,27,2430,27.0,34,1.26,107,70,69.2,8,11,8,8,29.6,5,1,4,0,80.0,player_goalkeeping_big5.csv
156,José Sá,pt POR,GK,Wolves,eng Premier League,32-107,1993,27,27,2430,27.0,45,1.67,108,63,62.0,11,4,12,7,25.9,6,4,2,0,33.3,player_goalkeeping_big5.csv
157,Matvei Safonov,ru RUS,GK,Paris S-G,fr Ligue 1,26-068,1999,10,9,879,9.8,9,0.92,25,17,72.0,7,1,1,3,33.3,2,2,0,0,0.0,player_goalkeeping_big5.csv
158,Brice Samba,fr FRA,GK,Rennes,fr Ligue 1,31-009,1994,15,15,1350,15.0,23,1.53,71,47,67.6,6,0,9,4,26.7,1,0,1,0,100.0,player_goalkeeping_big5.csv
159,Brice Samba,fr FRA,GK,Lens,fr Ligue 1,31-009,1994,15,15,1350,15.0,14,0.93,54,40,81.5,6,6,3,7,46.7,4,4,0,0,0.0,player_goalkeeping_big5.csv
160,Robert Sánchez,es ESP,GK,Chelsea,eng Premier League,27-167,1997,28,28,2520,28.0,31,1.11,116,84,76.7,14,9,5,8,28.6,5,4,1,0,20.0,player_goalkeeping_big5.csv
161,Kauã Santos,br BRA,GK,Eint Frankfurt,de Bundesliga,22-023,2003,9,8,765,8.5,12,1.41,46,35,76.1,5,1,2,3,37.5,1,1,0,0,0.0,player_goalkeeping_big5.csv
162,Razvan Sava,ro ROU,GK,Udinese,it Serie A,22-317,2002,12,12,1080,12.0,16,1.33,51,37,74.5,5,4,3,4,33.3,3,3,0,0,0.0,player_goalkeeping_big5.csv
163,Alexander Schwolow,de GER,GK,Union Berlin,de Bundesliga,32-336,1992,5,5,450,5.0,12,2.40,24,12,54.2,1,0,4,0,0.0,1,1,0,0,0.0,player_goalkeeping_big5.csv
164,Simone Scuffet,it ITA,GK,Cagliari,it Serie A,28-338,1996,13,13,1170,13.0,23,1.77,56,33,67.9,3,3,7,1,7.7,5,5,0,0,0.0,player_goalkeeping_big5.csv
165,Simone Scuffet,it ITA,GK,Napoli,it Serie A,28-338,1996,1,1,90,1.0,1,1.00,4,3,75.0,0,1,0,0,0.0,0,0,0,0,,player_goalkeeping_big5.csv
166,Jacopo Seghetti,it ITA,GK,Empoli,it Serie A,20-076,2005,1,1,90,1.0,3,3.00,6,3,50.0,0,0,1,0,0.0,0,0,0,0,,player_goalkeeping_big5.csv
167,Matz Sels,be BEL,GK,Nott'ham Forest,eng Premier League,33-067,1992,34,34,3060,34.0,41,1.21,149,108,73.8,18,6,10,13,38.2,2,2,0,0,0.0,player_goalkeeping_big5.csv
168,Alen Sherri,al ALB,GK,Cagliari,it Serie A,27-140,1997,6,6,540,6.0,9,1.50,25,16,64.0,1,2,3,1,16.7,0,0,0,0,,player_goalkeeping_big5.csv
169,Rui Silva,pt POR,GK,Betis,es La Liga,31-086,1994,15,15,1350,15.0,18,1.20,54,37,72.2,5,5,5,4,26.7,3,3,0,0,0.0,player_goalkeeping_big5.csv
170,Marco Silvestri,it ITA,GK,Empoli,it Serie A,34-063,1991,5,5,450,5.0,11,2.20,27,17,59.3,0,1,4,0,0.0,0,0,0,0,,player_goalkeeping_big5.csv
171,Unai Simón,es ESP,GK,Athletic Club,es La Liga,27-327,1997,16,16,1440,16.0,11,0.69,51,39,78.4,7,7,2,6,37.5,1,0,1,0,100.0,player_goalkeeping_big5.csv
172,Tobias Sippel,de GER,GK,Gladbach,de Bundesliga,37-043,1988,1,0,59,0.7,3,4.58,4,1,25.0,0,0,0,0,,0,0,0,0,,player_goalkeeping_big5.csv
173,Antonio Sivera,es ESP,GK,Alavés,es La Liga,28-266,1996,28,28,2450,27.2,37,1.36,100,64,72.0,7,9,12,6,21.4,9,9,0,0,0.0,player_goalkeeping_big5.csv
174,Łukasz Skorupski,pl POL,GK,Bologna,it Serie A,33-364,1991,24,24,2094,23.3,26,1.12,70,45,64.3,11,11,2,8,33.3,2,1,1,0,50.0,player_goalkeeping_big5.csv
175,Yann Sommer,ch SUI,GK,Inter,it Serie A,36-138,1988,31,31,2790,31.0,30,0.97,108,78,74.1,19,7,5,12,38.7,3,2,1,0,33.3,player_goalkeeping_big5.csv
Rk,Player,Nation,Pos,Squad,Comp,Age,Born,MP,Starts,Min,90s,GA,GA90,SoTA,Saves,Save%,W,D,L,CS,CS%,PKatt,PKA,PKsv,PKm,Save%,player_goalkeeping_big5.csv
176,David Soria,es ESP,GK,Getafe,es La Liga,32-030,1993,34,34,3060,34.0,31,0.91,109,77,77.1,10,9,15,9,26.5,7,6,1,0,14.3,player_goalkeeping_big5.csv
177,Juan Soriano,es ESP,GK,Leganés,es La Liga,27-254,1997,6,6,540,6.0,7,1.17,25,19,72.0,1,2,3,1,16.7,0,0,0,0,,player_goalkeeping_big5.csv
178,Marco Sportiello,it ITA,GK,Milan,it Serie A,32-359,1992,2,1,126,1.4,2,1.43,6,4,66.7,1,0,0,1,100.0,0,0,0,0,,player_goalkeeping_big5.csv
179,Filip Stankovic,rs SRB,GK,Venezia,it Serie A,23-068,2002,16,16,1367,15.2,23,1.51,83,60,77.1,2,6,8,0,0.0,5,4,1,0,20.0,player_goalkeeping_big5.csv
180,Jason Steele,eng ENG,GK,Brighton,eng Premier League,34-259,1990,2,2,180,2.0,1,0.50,4,3,75.0,2,0,0,1,50.0,0,0,0,0,,player_goalkeeping_big5.csv
181,Jakub Stolarczyk,pl POL,GK,Leicester City,eng Premier League,24-136,2000,7,7,630,7.0,12,1.71,31,19,61.3,2,0,5,1,14.3,0,0,0,0,,player_goalkeeping_big5.csv
182,Zion Suzuki,jp JPN,GK,Parma,it Serie A,22-256,2002,33,33,2970,33.8,49,1.48,140,93,68.6,6,14,14,6,18.2,5,5,0,0,0.0,player_goalkeeping_big5.csv
183,Mile Svilar,rs SRB,GK,Roma,it Serie A,25-250,1999,34,34,3060,34.0,32,0.94,136,105,79.4,17,9,8,14,41.2,4,4,0,0,0.0,player_goalkeeping_big5.csv
184,Wojciech Szczęsny,pl POL,GK,Barcelona,es La Liga,35-016,1990,13,13,1170,13.0,9,0.69,27,18,66.7,12,1,0,7,53.8,0,0,0,0,,player_goalkeeping_big5.csv
185,Marc-André ter Stegen,de GER,GK,Barcelona,es La Liga,33-004,1992,7,7,584,6.5,6,0.92,19,13,73.7,7,0,0,1,14.3,1,1,0,0,0.0,player_goalkeeping_big5.csv
186,Pietro Terracciano,it ITA,GK,Fiorentina,it Serie A,35-057,1990,3,3,270,3.0,3,1.00,13,10,76.9,0,3,0,1,33.3,0,0,0,0,,player_goalkeeping_big5.csv
187,Kevin Trapp,de GER,GK,Eint Frankfurt,de Bundesliga,34-300,1990,23,23,2025,22.5,30,1.33,111,80,73.0,11,6,6,6,26.1,2,0,2,0,100.0,player_goalkeeping_big5.csv
188,Mark Travers,ie IRL,GK,Bournemouth,eng Premier League,25-351,1999,5,5,450,5.0,5,1.00,25,20,80.0,2,2,1,1,20.0,0,0,0,0,,player_goalkeeping_big5.csv
189,Stefano Turati,it ITA,GK,Monza,it Serie A,23-241,2001,30,30,2676,29.7,52,1.75,145,93,65.5,2,7,21,2,6.7,4,2,2,0,50.0,player_goalkeeping_big5.csv
190,Sven Ulreich,de GER,GK,Bayern Munich,de Bundesliga,36-274,1988,1,1,90,1.0,0,0.00,0,0,,1,0,0,1,100.0,0,0,0,0,,player_goalkeeping_big5.csv
191,Jonas Urbig,de GER,GK,Bayern Munich,de Bundesliga,21-269,2003,8,8,720,8.0,12,1.50,28,16,57.1,4,3,1,2,25.0,0,0,0,0,,player_goalkeeping_big5.csv
192,Maarten Vandevoordt,be BEL,GK,RB Leipzig,de Bundesliga,23-067,2002,6,4,429,4.8,9,1.89,21,12,57.1,1,1,2,0,0.0,0,0,0,0,,player_goalkeeping_big5.csv
193,Nikola Vasilj,ba BIH,GK,St. Pauli,de Bundesliga,29-153,1995,32,32,2879,32.0,37,1.16,129,89,72.1,8,7,17,9,28.1,5,1,4,0,80.0,player_goalkeeping_big5.csv
194,Devis Vásquez,co COL,GK,Empoli,it Serie A,26-357,1998,28,28,2520,28.0,40,1.43,115,74,66.1,4,12,12,6,21.4,3,1,1,1,50.0,player_goalkeeping_big5.csv
195,Bart Verbruggen,nl NED,GK,Brighton,eng Premier League,22-259,2002,32,32,2880,32.0,54,1.69,128,76,63.3,11,12,9,6,18.8,7,7,0,0,0.0,player_goalkeeping_big5.csv
196,Guglielmo Vicario,it ITA,GK,Tottenham,eng Premier League,28-209,1996,22,22,1980,22.0,32,1.45,92,62,65.2,9,2,11,4,18.2,0,0,0,0,,player_goalkeeping_big5.csv
197,Fran Vieites,es ESP,GK,Betis,es La Liga,25-362,1999,4,4,360,4.0,5,1.25,11,6,54.5,1,2,1,0,0.0,0,0,0,0,,player_goalkeeping_big5.csv
198,Iván Villar,es ESP,GK,Celta Vigo,es La Liga,27-299,1997,4,4,360,4.0,9,2.25,18,10,50.0,2,0,2,0,0.0,1,0,1,0,100.0,player_goalkeeping_big5.csv
199,Christian Walton,eng ENG,GK,Ipswich Town,eng Premier League,29-176,1995,6,6,540,6.0,16,2.67,33,17,57.6,1,1,4,1,16.7,2,2,0,0,0.0,player_goalkeeping_big5.csv
200,Danny Ward,wls WAL,GK,Leicester City,eng Premier League,31-316,1993,2,1,135,1.5,6,4.00,10,4,40.0,0,0,1,0,0.0,0,0,0,0,,player_goalkeeping_big5.csv
Rk,Player,Nation,Pos,Squad,Comp,Age,Born,MP,Starts,Min,90s,GA,GA90,SoTA,Saves,Save%,W,D,L,CS,CS%,PKatt,PKA,PKsv,PKm,Save%,player_goalkeeping_big5.csv
201,Timon Weiner,de GER,GK,Holstein Kiel,de Bundesliga,26-106,1999,25,25,2250,25.0,61,2.44,140,81,59.3,4,5,16,2,8.0,4,4,0,0,0.0,player_goalkeeping_big5.csv
202,Robin Zentner,de GER,GK,Mainz 05,de Bundesliga,30-188,1994,31,31,2790,31.0,39,1.26,138,98,73.9,13,8,10,9,29.0,4,3,1,0,25.0,player_goalkeeping_big5.csv
203,Michael Zetterer,de GER,GK,Werder Bremen,de Bundesliga,29-296,1995,32,32,2880,32.0,56,1.75,144,91,63.2,13,8,11,9,28.1,3,3,0,0,0.0,player_goalkeeping_big5.csv
1,Lucas Acosta,ar ARG,GK,Sarmiento,,30-054,1995,16,16,1440,16.0,19,1.19,83,66,78.3,2,9,5,4,25.0,2,1,0,1,0.0,player_goalkeeping_argentina.csv
2,Alan Aguerre,ar ARG,GK,Cen. Córdoba–SdE,,34-255,1990,14,14,1260,14.0,19,1.36,47,29,63.8,5,3,6,5,35.7,2,2,0,0,0.0,player_goalkeeping_argentina.csv
3,Ignacio Arce,ar ARG,GK,Deportivo Riestra,,33-027,1992,16,16,1440,16.0,7,0.44,53,48,90.6,5,9,2,12,75.0,2,2,0,0,0.0,player_goalkeeping_argentina.csv
4,Gabriel Arias,cl CHI,GK,Racing Club,,37-234,1987,12,12,1016,11.3,9,0.80,40,30,77.5,8,1,3,5,41.7,1,0,1,0,100.0,player_goalkeeping_argentina.csv
5,Franco Armani,ar ARG,GK,River Plate,,38-201,1986,16,16,1440,16.0,9,0.56,51,42,82.4,8,7,1,9,56.3,0,0,0,0,,player_goalkeeping_argentina.csv
6,Williams Barlasina,ar ARG,GK,Aldosivi,,26-310,1998,4,4,360,4.0,8,2.00,16,8,50.0,0,2,2,0,0.0,0,0,0,0,,player_goalkeeping_argentina.csv
7,Enrique Bologna,ar ARG,GK,Defensa y Just,,43-081,1982,16,16,1440,16.0,22,1.37,76,54,72.4,5,4,7,5,31.3,1,1,0,0,0.0,player_goalkeeping_argentina.csv
8,Matías Borgogno,ar ARG,GK,San Martín de San Juan,,26-257,1998,16,16,1440,16.0,18,1.13,61,43,72.1,2,3,11,3,18.8,1,1,0,0,0.0,player_goalkeeping_argentina.csv
9,Leandro Brey,ar ARG,GK,Boca Juniors,,22-226,2002,2,2,180,2.0,1,0.50,4,3,75.0,0,2,0,1,50.0,0,0,0,0,,player_goalkeeping_argentina.csv
10,Jorge Broun,ar ARG,GK,Rosario Central,,38-344,1986,14,14,1260,14.0,8,0.57,45,38,82.2,9,4,1,7,50.0,0,0,0,0,,player_goalkeeping_argentina.csv
11,Javier Burrai,ec ECU,GK,Talleres,,34-208,1990,2,1,135,1.5,1,0.67,4,3,75.0,1,0,0,1,100.0,0,0,0,0,,player_goalkeeping_argentina.csv
12,Facundo Cambeses,ar ARG,GK,Racing Club,,28-026,1997,5,4,421,4.7,7,1.50,28,21,75.0,1,0,3,1,25.0,0,0,0,0,,player_goalkeeping_argentina.csv
13,Thiago Cardozo,uy URU,GK,Unión,,28-278,1996,14,14,1256,14.0,16,1.15,51,35,72.5,2,5,7,3,21.4,2,2,0,0,0.0,player_goalkeeping_argentina.csv
14,Jorge Carranza,ar ARG,GK,Aldosivi,,43-363,1981,12,12,1080,12.0,20,1.67,55,35,69.1,4,1,7,2,16.7,3,3,0,0,0.0,player_goalkeeping_argentina.csv
15,Ezequiel Centurión,ar ARG,GK,Ind. Rivadavia,,27-350,1997,16,16,1440,16.0,17,1.06,65,48,78.5,7,6,3,6,37.5,4,3,1,0,25.0,player_goalkeeping_argentina.csv
16,Juan Cozzani,ar ARG,GK,Platense,,26-208,1998,16,16,1440,16.0,11,0.69,57,48,84.2,6,5,5,6,37.5,2,2,0,0,0.0,player_goalkeeping_argentina.csv
17,Tomás Durso,ar ARG,GK,Atlé Tucumán,,26-068,1999,11,11,990,11.0,17,1.55,46,29,65.2,2,1,8,2,18.2,3,1,1,1,50.0,player_goalkeeping_argentina.csv
18,Juan Espínola,py PAR,GK,Belgrano,,30-184,1994,11,11,990,11.0,18,1.64,41,23,58.5,2,5,4,3,27.3,1,1,0,0,0.0,player_goalkeeping_argentina.csv
19,Hernán Galíndez,ec ECU,GK,Huracán,,38-036,1987,16,16,1440,16.0,12,0.75,44,32,77.3,7,6,3,8,50.0,3,2,1,0,33.3,player_goalkeeping_argentina.csv
20,Orlando Gil,py PAR,GK,San Lorenzo,,24-328,2000,16,16,1440,16.0,10,0.62,50,41,80.0,7,6,3,9,56.3,0,0,0,0,,player_goalkeeping_argentina.csv
21,Juan González,uy URU,GK,Atlé Tucumán,,31-299,1993,5,5,450,5.0,4,0.80,18,14,83.3,3,0,2,2,40.0,1,1,0,0,0.0,player_goalkeeping_argentina.csv
22,Guido Herrera,ar ARG,GK,Talleres,,33-065,1992,15,15,1305,14.5,14,0.97,44,31,70.5,1,7,7,5,33.3,1,1,0,0,0.0,player_goalkeeping_argentina.csv
23,Marcos Ignacio Ledesma,ar ARG,GK,Barracas Central,,28-232,1996,16,16,1440,16.0,18,1.13,65,49,72.3,7,5,4,5,31.3,0,0,0,0,,player_goalkeeping_argentina.csv
24,Luis Ingolotti,ar ARG,GK,Gimnasia–LP,,25-111,2000,3,3,270,3.0,7,2.33,14,7,64.3,0,0,3,0,0.0,2,2,0,0,0.0,player_goalkeeping_argentina.csv
25,Nelson Insfrán,ar ARG,GK,Gimnasia–LP,,29-346,1995,13,13,1170,13.0,11,0.85,48,35,79.2,4,4,5,6,46.2,3,1,2,0,66.7,player_goalkeeping_argentina.csv
Rk,Player,Nation,Pos,Squad,,Age,Born,MP,Starts,Min,90s,GA,GA90,SoTA,Saves,Save%,W,D,L,CS,CS%,PKatt,PKA,PKsv,PKm,Save%,player_goalkeeping_argentina.csv
26,Nahuel Losada,ar ARG,GK,Lanús,,32-018,1993,15,15,1350,15.0,10,0.67,53,42,83.0,4,7,4,7,46.7,3,1,1,1,50.0,player_goalkeeping_argentina.csv
27,Matías Mansilla,ar ARG,GK,Estudiantes–LP,,29-079,1996,16,16,1440,16.0,19,1.19,52,32,65.4,5,6,5,5,31.3,2,1,1,0,50.0,player_goalkeeping_argentina.csv
28,Agustín Marchesín,ar ARG,GK,Boca Juniors,,37-050,1988,14,14,1260,14.0,10,0.71,44,34,77.3,10,1,3,7,50.0,0,0,0,0,,player_goalkeeping_argentina.csv
29,Tomás Marchiori,ar ARG,GK,Vélez Sarsfield,,29-319,1995,15,15,1350,15.0,18,1.20,49,32,63.3,4,2,9,5,33.3,1,0,0,1,,player_goalkeeping_argentina.csv
30,Diego Matías Rodríguez,ar ARG,GK,Arg Juniors,,35-314,1989,16,16,1440,16.0,9,0.56,44,36,79.5,9,6,1,9,56.3,0,0,0,0,,player_goalkeeping_argentina.csv
31,Lautaro Morales,ar ARG,GK,Lanús,,25-140,1999,1,1,90,1.0,1,1.00,2,1,50.0,0,1,0,0,0.0,0,0,0,0,,player_goalkeeping_argentina.csv
32,Keylor Navas,cr CRC,GK,Newell's OB,,38-141,1986,14,14,1260,14.0,11,0.79,64,54,82.8,5,4,5,6,42.9,1,0,0,1,,player_goalkeeping_argentina.csv
33,Franco Petroli,ar ARG,GK,Godoy Cruz,,26-328,1998,16,16,1440,16.0,18,1.13,63,45,71.4,3,8,5,7,43.8,1,0,1,0,100.0,player_goalkeeping_argentina.csv
34,Josue Reinatti,ar ARG,GK,Newell's OB,,21-337,2003,2,2,180,2.0,4,2.00,14,10,78.6,0,0,2,0,0.0,1,1,0,0,0.0,player_goalkeeping_argentina.csv
35,Rodrigo Rey,ar ARG,GK,Independiente,,34-058,1991,16,16,1440,16.0,12,0.75,45,36,80.0,8,5,3,7,43.8,3,3,0,0,0.0,player_goalkeeping_argentina.csv
36,Randall Rodríguez,uy URU,GK,Vélez Sarsfield,,21-157,2003,1,1,90,1.0,4,4.00,8,4,62.5,0,0,1,0,0.0,1,1,0,0,0.0,player_goalkeeping_argentina.csv
37,Manuel Roffo,ar ARG,GK,Instituto,,25-031,2000,16,16,1440,16.0,20,1.25,59,39,69.5,5,3,8,5,31.3,2,2,0,0,0.0,player_goalkeeping_argentina.csv
38,Facundo Sanguinetti,ar ARG,GK,Banfield,,24-065,2001,16,16,1440,16.0,19,1.19,68,47,76.5,3,5,8,4,25.0,5,3,2,0,40.0,player_goalkeeping_argentina.csv
39,Matías Tagliamonte,ar ARG,GK,Unión,,27-075,1998,2,2,180,2.0,1,0.50,8,6,87.5,1,0,1,1,50.0,1,0,1,0,100.0,player_goalkeeping_argentina.csv
40,Manuel Vicentini,ar ARG,GK,Belgrano,,35-016,1990,5,5,450,5.0,5,1.00,18,12,72.2,1,3,1,2,40.0,1,0,1,0,100.0,player_goalkeeping_argentina.csv
41,Axel Werner,ar ARG,GK,Rosario Central,,29-066,1996,2,2,180,2.0,0,0.00,3,3,100.0,1,1,0,2,100.0,0,0,0,0,,player_goalkeeping_argentina.csv
42,Felipe Zenobio,ar ARG,GK,Tigre,,24-348,2000,16,16,1440,16.0,12,0.75,51,39,80.4,8,3,5,7,43.8,3,2,0,1,0.0,player_goalkeeping_argentina.csv
43,Juan Zozaya,ar ARG,GK,Cen. Córdoba–SdE,,23-328,2001,2,2,180,2.0,3,1.50,8,5,62.5,0,0,2,0,0.0,0,0,0,0,,player_goalkeeping_argentina.csv
1,Anthoni,br BRA,GK,Internacional,,23-102,2002,7,6,585,6.5,8,1.23,21,14,66.7,2,2,2,2,33.3,1,1,0,0,0.0,player_goalkeeping_brasil.csv
2,Lucas Arcanjo,br BRA,GK,Vitória,,26-270,1998,6,6,540,6.0,8,1.33,42,34,81.0,1,3,2,0,0.0,0,0,0,0,,player_goalkeeping_brasil.csv
3,Gabriel Brazão,br BRA,GK,Santos,,24-212,2000,7,7,630,7.0,10,1.43,28,18,64.3,1,1,5,1,14.3,0,0,0,0,,player_goalkeeping_brasil.csv
4,Cássio,br BRA,GK,Cruzeiro,,37-333,1987,7,7,630,7.0,7,1.00,34,26,79.4,4,1,2,2,28.6,1,0,1,0,100.0,player_goalkeeping_brasil.csv
5,Matheus Donelli,br BRA,GK,Corinthians,,22-353,2002,5,5,450,5.0,6,1.20,19,13,73.7,2,1,2,1,20.0,1,1,0,0,0.0,player_goalkeeping_brasil.csv
6,Éverson,br BRA,GK,Atlético Mineiro,,34-287,1990,6,6,540,6.0,8,1.33,26,18,69.2,1,3,2,2,33.3,0,0,0,0,,player_goalkeeping_brasil.csv
7,Fábio,br BRA,GK,Fluminense,,44-217,1980,7,7,630,7.0,7,1.00,26,19,73.1,4,1,2,2,28.6,0,0,0,0,,player_goalkeeping_brasil.csv
8,Marcos Felipe,br BRA,GK,Bahia,,29-022,1996,4,3,342,3.8,3,0.79,13,10,76.9,3,0,0,3,100.0,0,0,0,0,,player_goalkeeping_brasil.csv
9,Bruno Ferreira,br BRA,GK,Ceará,,31-050,1994,4,4,333,3.7,4,1.08,13,9,69.2,2,1,1,1,25.0,0,0,0,0,,player_goalkeeping_brasil.csv
10,Caíque França,br BRA,GK,Sport Recife,,29-336,1995,7,7,630,7.0,10,1.43,33,23,75.8,0,2,5,2,28.6,3,2,0,1,0.0,player_goalkeeping_brasil.csv
11,Gabriel,br BRA,GK,Vitória,,32-220,1992,1,1,90,1.0,2,2.00,4,2,50.0,0,0,1,0,0.0,0,0,0,0,,player_goalkeeping_brasil.csv
12,Gustavo,br BRA,GK,Juventude,,32-056,1993,4,4,360,4.0,12,3.00,23,10,52.2,1,1,2,0,0.0,2,1,1,0,50.0,player_goalkeeping_brasil.csv
13,Léo Jardim,br BRA,GK,Vasco da Gama,,30-046,1995,7,7,630,7.0,9,1.29,22,15,59.1,2,1,4,1,14.3,0,0,0,0,,player_goalkeeping_brasil.csv
14,John,br BRA,GK,Botafogo (RJ),,29-081,1996,7,7,630,7.0,5,0.71,22,17,77.3,2,2,3,3,42.9,0,0,0,0,,player_goalkeeping_brasil.csv
15,Lucão,br BRA,GK,RB Bragantino,,24-068,2001,1,1,90,1.0,0,0.00,3,3,100.0,1,0,0,1,100.0,0,0,0,0,,player_goalkeeping_brasil.csv
16,Marcão,br BRA,GK,Juventude,,33-060,1992,2,2,180,2.0,2,1.00,11,9,81.8,1,0,1,1,50.0,0,0,0,0,,player_goalkeeping_brasil.csv
17,Fernando Miguel,br BRA,GK,Ceará,,40-092,1985,4,3,297,3.3,3,0.91,14,11,85.7,1,1,1,1,33.3,1,1,0,0,0.0,player_goalkeeping_brasil.csv
18,Alex Muralha,br BRA,GK,Mirassol,,35-176,1989,6,6,540,6.0,9,1.50,25,16,68.0,1,4,1,0,0.0,1,1,0,0,0.0,player_goalkeeping_brasil.csv
19,Rafael Pires,br BRA,GK,São Paulo,,35-316,1989,7,7,630,7.0,5,0.71,23,18,82.6,1,6,0,3,42.9,1,1,0,0,0.0,player_goalkeeping_brasil.csv
20,João Ricardo Riedi,br BRA,GK,Fortaleza,,36-241,1988,7,7,630,7.0,5,0.71,30,24,83.3,1,4,2,4,57.1,1,0,1,0,100.0,player_goalkeeping_brasil.csv
21,Sergio Rochet,uy URU,GK,Internacional,,32-043,1993,1,1,45,0.5,,,2,2,,,1,,,,,,,,,player_goalkeeping_brasil.csv
22,Ronaldo,br BRA,GK,Bahia,,28-256,1996,4,4,288,3.2,4,1.25,14,9,71.4,0,3,1,0,0.0,1,0,1,0,100.0,player_goalkeeping_brasil.csv
23,Agustín Rossi,ar ARG,GK,Flamengo,,29-257,1995,7,7,630,7.0,4,0.57,21,16,81.0,4,2,1,4,57.1,1,0,1,0,100.0,player_goalkeeping_brasil.csv
24,Cleiton Schwengber,br BRA,GK,RB Bragantino,,27-259,1997,5,5,450,5.0,5,1.00,21,16,76.2,3,1,1,2,40.0,0,0,0,0,,player_goalkeeping_brasil.csv
25,Hugo Souza,br BRA,GK,Corinthians,,26-094,1999,2,2,180,2.0,6,3.00,10,4,50.0,1,0,1,0,0.0,1,1,0,0,0.0,player_goalkeeping_brasil.csv
Rk,Player,Nation,Pos,Squad,,Age,Born,MP,Starts,Min,90s,GA,GA90,SoTA,Saves,Save%,W,D,L,CS,CS%,PKatt,PKA,PKsv,PKm,Save%,player_goalkeeping_brasil.csv
26,Tiago Volpi,br BRA,GK,Grêmio,,34-137,1990,7,7,630,7.0,11,1.57,32,21,75.0,2,2,3,1,14.3,3,3,0,0,0.0,player_goalkeeping_brasil.csv
27,Wéverton,br BRA,GK,Palmeiras,,37-143,1987,7,7,630,7.0,3,0.43,23,19,87.0,5,1,1,4,57.1,1,0,1,0,100.0,player_goalkeeping_brasil.csv
1,Carlos Acevedo,mx MEX,GK,Santos,,29-016,1996,33,33,2970,33.0,65,1.97,187,125,66.3,4,5,24,3,9.1,3,2,1,0,33.3,player_goalkeeping_ligamx.csv
2,Gil Alcalá,mx MEX,GK,UNAM,,32-280,1992,4,4,360,4.0,2,0.50,7,5,71.4,2,1,1,3,75.0,0,0,0,0,,player_goalkeeping_ligamx.csv
3,Guillermo Allison,mx MEX,GK,Querétaro,,34-222,1990,25,25,2250,25.0,42,1.68,131,87,71.8,6,4,15,5,20.0,7,5,2,0,28.6,player_goalkeeping_ligamx.csv
4,Esteban Andrada,ar ARG,GK,Monterrey,,34-099,1991,24,24,2160,24.0,29,1.21,98,69,74.5,11,7,6,8,33.3,4,4,0,0,0.0,player_goalkeeping_ligamx.csv
5,Luis Ángel Malagón,mx MEX,GK,América,,28-064,1997,29,29,2565,28.5,27,0.95,97,70,74.2,17,5,7,10,34.5,2,2,0,0,0.0,player_goalkeeping_ligamx.csv
6,José Antonio Rodríguez,mx MEX,GK,Tijuana,,32-305,1992,21,21,1880,20.9,36,1.72,113,79,70.8,10,4,7,3,14.3,3,3,0,0,0.0,player_goalkeeping_ligamx.csv
7,Alfonso Blanco Antúnez,mx MEX,GK,León,,37-278,1987,26,26,2340,26.0,33,1.27,129,98,76.7,9,9,8,7,26.9,4,3,0,1,0.0,player_goalkeeping_ligamx.csv
8,Luis Cárdenas,mx MEX,GK,Monterrey,,31-232,1993,10,10,900,10.0,13,1.30,41,28,70.7,6,1,3,1,10.0,1,1,0,0,0.0,player_goalkeeping_ligamx.csv
9,José Corona,mx MEX,GK,Tijuana,,44-099,1981,11,10,910,10.1,18,1.78,53,34,69.8,3,2,5,1,10.0,3,2,1,0,33.3,player_goalkeeping_ligamx.csv
10,Rodolfo Cota,mx MEX,GK,América,,37-306,1987,6,5,495,5.5,4,0.73,17,13,76.5,1,2,2,3,60.0,0,0,0,0,,player_goalkeeping_ligamx.csv
11,Arturo Delgado,mx MEX,GK,FC Juárez,,23-076,2002,2,2,180,2.0,1,0.50,11,10,90.9,1,1,0,1,50.0,0,0,0,0,,player_goalkeeping_ligamx.csv
12,Benny Díaz,mx MEX,GK,FC Juárez,,26-141,1998,11,11,990,11.0,26,2.36,63,37,66.7,4,0,7,2,18.2,5,5,0,0,0.0,player_goalkeeping_ligamx.csv
13,José Eulogio,mx MEX,GK,Pachuca,,21-083,2004,2,2,180,2.0,4,2.00,8,4,50.0,0,0,2,0,0.0,0,0,0,0,,player_goalkeeping_ligamx.csv
14,Carlos Felipe Rodríguez,mx MEX,GK,UANL,,36-032,1989,3,3,270,3.0,1,0.33,10,9,90.0,2,1,0,2,66.7,0,0,0,0,,player_goalkeeping_ligamx.csv
15,Eduardo García,mx MEX,GK,Guadalajara,,22-298,2002,2,2,180,2.0,3,1.50,9,6,66.7,1,0,1,1,50.0,0,0,0,0,,player_goalkeeping_ligamx.csv
16,Hugo González Durán,mx MEX,GK,Mazatlán,,34-277,1990,34,34,3015,33.5,45,1.34,148,104,73.6,6,13,15,9,26.5,8,6,0,2,0.0,player_goalkeeping_ligamx.csv
17,Andrés Gudiño,mx MEX,GK,Cruz Azul,,28-098,1997,1,1,90,1.0,1,1.00,3,2,66.7,1,0,0,0,0.0,0,0,0,0,,player_goalkeeping_ligamx.csv
18,Ricardo Gutiérrez,mx MEX,GK,Mazatlán,,27-322,1997,1,0,45,0.5,0,0.00,5,5,100.0,0,0,0,0,,0,0,0,0,,player_goalkeeping_ligamx.csv
19,Nahuel Guzmán,ar ARG,GK,UANL,,39-084,1986,28,28,2519,28.0,26,0.93,104,78,78.8,16,5,7,9,32.1,5,4,0,1,0.0,player_goalkeeping_ligamx.csv
20,Jorge Hernández,mx MEX,GK,Querétaro,,26-149,1998,9,9,810,9.0,13,1.44,41,28,70.7,3,1,5,2,22.2,2,1,0,1,0.0,player_goalkeeping_ligamx.csv
21,Héctor Holguín,mx MEX,GK,Santos,,24-011,2001,1,1,90,1.0,1,1.00,5,4,100.0,0,0,1,0,0.0,1,1,0,0,0.0,player_goalkeeping_ligamx.csv
22,Oscar Jiménez,mx MEX,GK,León,,36-205,1988,8,8,720,8.0,11,1.37,41,30,73.2,3,3,2,1,12.5,0,0,0,0,,player_goalkeeping_ligamx.csv
23,Miguel Jiménez Ponce,mx MEX,GK,Puebla,,35-052,1990,24,24,2160,24.0,40,1.67,117,75,68.4,5,3,16,4,16.7,6,3,3,0,50.0,player_goalkeeping_ligamx.csv
24,Julio José González,mx MEX,GK,UNAM,,34-012,1991,13,13,1170,13.0,11,0.85,44,34,79.5,7,3,3,6,46.2,2,2,0,0,0.0,player_goalkeeping_ligamx.csv
25,Julio José González,mx MEX,GK,Puebla,,34-012,1991,6,6,540,6.0,8,1.33,30,22,76.7,0,1,5,1,16.7,1,1,0,0,0.0,player_goalkeeping_ligamx.csv
Rk,Player,Nation,Pos,Squad,,Age,Born,MP,Starts,Min,90s,GA,GA90,SoTA,Saves,Save%,W,D,L,CS,CS%,PKatt,PKA,PKsv,PKm,Save%,player_goalkeeping_ligamx.csv
26,Sebastián Jurado,mx MEX,GK,FC Juárez,,27-219,1997,21,21,1890,21.0,30,1.43,87,58,67.8,6,7,8,5,23.8,2,2,0,0,0.0,player_goalkeeping_ligamx.csv
27,Pablo Lara,mx MEX,GK,UNAM,,19-310,2005,7,7,630,7.0,9,1.29,32,24,71.9,3,2,2,2,28.6,0,0,0,0,,player_goalkeeping_ligamx.csv
28,Cesar López,mx MEX,GK,Atlético,,24-329,2000,5,4,436,4.8,7,1.44,22,15,68.2,3,0,1,2,50.0,0,0,0,0,,player_goalkeeping_ligamx.csv
29,Pau López,es ESP,GK,Toluca,,30-143,1994,10,10,900,10.0,13,1.30,37,25,64.9,7,2,1,4,40.0,0,0,0,0,,player_goalkeeping_ligamx.csv
30,Luis Manuel García,mx MEX,GK,Toluca,,32-125,1992,5,5,450,5.0,6,1.20,15,9,60.0,3,1,1,1,20.0,0,0,0,0,,player_goalkeeping_ligamx.csv
31,Kevin Mier,co COL,GK,Cruz Azul,,24-352,2000,33,33,2970,33.0,27,0.82,88,61,72.7,21,9,3,14,42.4,4,3,1,0,25.0,player_goalkeeping_ligamx.csv
32,Carlos Moreno,mx MEX,GK,Pachuca,,27-096,1998,32,32,2880,32.0,48,1.50,142,93,69.0,11,8,13,6,18.8,5,4,1,0,20.0,player_goalkeeping_ligamx.csv
33,Miguel Ortega,mx MEX,GK,Tijuana,,30-022,1995,3,3,270,3.0,6,2.00,13,7,61.5,1,0,2,0,0.0,1,1,0,0,0.0,player_goalkeeping_ligamx.csv
34,Alex Padilla,es ESP,GK,UNAM,,21-246,2003,10,10,900,10.0,17,1.70,39,22,59.0,3,1,6,2,20.0,1,1,0,0,0.0,player_goalkeeping_ligamx.csv
35,José Rangel Aguilar,mx MEX,GK,Guadalajara,,25-069,2000,32,32,2879,32.0,32,1.00,121,87,74.4,11,10,11,11,34.4,3,1,2,0,66.7,player_goalkeeping_ligamx.csv
36,Jesús Rodríguez,mx MEX,GK,Puebla,,31-349,1993,4,4,360,4.0,8,2.00,20,12,60.0,1,1,2,1,25.0,0,0,0,0,,player_goalkeeping_ligamx.csv
37,Andrés Sánchez,mx MEX,GK,Atlético,,27-214,1997,30,30,2624,29.2,45,1.54,132,86,66.7,12,3,15,3,10.0,2,1,1,0,50.0,player_goalkeeping_ligamx.csv
38,José Santiago Hernández,mx MEX,GK,Atlas,,28-004,1997,3,3,270,3.0,3,1.00,6,3,66.7,1,2,0,1,33.3,1,1,0,0,0.0,player_goalkeeping_ligamx.csv
39,Fernando Tapia,mx MEX,GK,UANL,,23-322,2001,3,3,270,3.0,2,0.67,17,15,88.2,2,1,0,1,33.3,0,0,0,0,,player_goalkeeping_ligamx.csv
40,Ezequiel Unsain,ar ARG,GK,Necaxa,,30-057,1995,34,34,3060,34.0,55,1.62,165,110,69.7,13,7,14,9,26.5,5,5,0,0,0.0,player_goalkeeping_ligamx.csv
41,Camilo Vargas,co COL,GK,Atlas,,36-057,1989,31,31,2790,31.0,52,1.68,151,99,67.5,8,11,12,7,22.6,4,3,1,0,25.0,player_goalkeeping_ligamx.csv
42,Tiago Volpi,br BRA,GK,Toluca,,34-137,1990,19,19,1710,19.0,19,1.00,87,68,79.3,11,6,2,6,31.6,1,1,0,0,0.0,player_goalkeeping_ligamx.csv
1,Andrew,br BRA,GK,Gil Vicente FC,,23-308,2001,32,32,2880,32.0,45,1.41,121,77,67.8,8,8,16,7,21.9,7,6,0,1,0.0,player_goalkeeping_ligaportugal.csv
2,Gabriel Batista,br BRA,GK,Santa Clara,,26-336,1998,32,32,2880,32.0,30,0.94,108,77,75.0,15,6,11,11,34.4,5,3,1,1,25.0,player_goalkeeping_ligaportugal.csv
3,Ricardo Batista,pt POR,GK,Casa Pia,,38-167,1986,1,1,90,1.0,1,1.00,2,1,100.0,0,0,1,0,0.0,1,1,0,0,0.0,player_goalkeeping_ligaportugal.csv
4,Simão Bertelli,br BRA,GK,AVS Futebol,,31-337,1993,11,11,990,11.0,15,1.36,57,41,77.2,1,6,4,2,18.2,3,2,1,0,33.3,player_goalkeeping_ligaportugal.csv
5,Bruno Brigido,br BRA,GK,Estrela,,34-057,1991,18,18,1575,17.5,30,1.71,83,54,66.3,4,4,10,1,5.6,2,2,0,0,0.0,player_goalkeeping_ligaportugal.csv
6,Lazar Carević,me MNE,GK,Famalicão,,26-050,1999,18,18,1620,18.0,21,1.17,73,52,75.3,7,4,7,7,38.9,4,3,1,0,25.0,player_goalkeeping_ligaportugal.csv
7,César,br BRA,GK,Boavista,,33-098,1992,16,16,1440,16.0,30,1.87,79,51,65.8,1,4,11,2,12.5,3,3,0,0,0.0,player_goalkeeping_ligaportugal.csv
8,Kevin Chamorro,cr CRC,GK,Estoril,,25-027,2000,3,3,270,3.0,3,1.00,9,6,77.8,1,1,1,1,33.3,1,1,0,0,0.0,player_goalkeeping_ligaportugal.csv
9,Diogo Costa,pt POR,GK,Porto,,25-228,1999,30,30,2700,30.0,26,0.87,76,50,71.1,19,5,6,15,50.0,5,4,1,0,20.0,player_goalkeeping_ligaportugal.csv
10,João Paulo Santos Costa,pt POR,GK,Estrela,,29-092,1996,11,11,990,11.0,10,0.91,40,29,80.0,3,3,5,4,36.4,3,2,1,0,33.3,player_goalkeeping_ligaportugal.csv
11,Rui Encarnação,pt POR,GK,Nacional,,27-030,1998,1,0,45,0.5,1,2.00,3,2,100.0,0,0,0,0,,1,1,0,0,0.0,player_goalkeeping_ligaportugal.csv
12,Daniel Figueira,pt POR,GK,Estoril,,26-289,1998,1,1,90,1.0,4,4.00,7,3,57.1,0,0,1,0,0.0,1,1,0,0,0.0,player_goalkeeping_ligaportugal.csv
13,Lucas França,br BRA,GK,Nacional,,29-106,1996,32,32,2835,31.5,43,1.37,142,99,74.6,9,6,17,8,25.0,9,7,0,2,0.0,player_goalkeeping_ligaportugal.csv
14,João Gonçalves,pt POR,GK,Boavista,,24-181,2000,4,4,360,4.0,2,0.50,8,6,75.0,1,1,2,2,50.0,0,0,0,0,,player_goalkeeping_ligaportugal.csv
15,Marko Gudžulić,rs SRB,GK,Estrela,,22-304,2002,2,2,180,2.0,3,1.50,9,6,66.7,0,1,1,1,50.0,1,0,1,0,100.0,player_goalkeeping_ligaportugal.csv
16,Lukáš Horníček,cz CZE,GK,Braga,,22-296,2002,15,15,1350,15.0,8,0.53,53,45,86.8,10,4,1,8,53.3,1,1,0,0,0.0,player_goalkeeping_ligaportugal.csv
17,Franco Israel,uy URU,GK,Sporting CP,,25-013,2000,11,11,990,11.0,9,0.82,25,16,64.0,9,2,0,7,63.6,0,0,0,0,,player_goalkeeping_ligaportugal.csv
18,Jhonatan,br BRA,GK,Rio Ave,,33-362,1991,8,8,720,8.0,13,1.62,43,30,69.8,2,2,4,2,25.0,0,0,0,0,,player_goalkeeping_ligaportugal.csv
19,Luiz Lúcio Reis Júnior,br BRA,GK,Famalicão,,24-111,2001,1,1,90,1.0,0,0.00,2,2,100.0,1,0,0,1,100.0,0,0,0,0,,player_goalkeeping_ligaportugal.csv
20,Kaique,br BRA,GK,Farense,,22-019,2003,4,4,360,4.0,3,0.75,12,8,75.0,2,0,2,1,25.0,1,0,1,0,100.0,player_goalkeeping_ligaportugal.csv
21,Kewin,br BRA,GK,Moreirense,,29-192,1995,29,29,2610,29.0,42,1.45,114,72,65.8,9,7,13,6,20.7,3,3,0,0,0.0,player_goalkeeping_ligaportugal.csv
22,Vladen Kovačević,ba BIH,GK,Sporting CP,,27-024,1998,6,6,540,6.0,5,0.83,16,11,68.8,4,0,2,2,33.3,0,0,0,0,,player_goalkeeping_ligaportugal.csv
23,Nico Mantl,de GER,GK,Arouca,,25-088,2000,29,29,2610,29.0,43,1.48,120,79,70.8,8,8,13,7,24.1,8,8,0,0,0.0,player_goalkeeping_ligaportugal.csv
24,Matheus,br BRA,GK,Braga,,32-290,1992,17,17,1530,17.0,19,1.12,65,47,73.8,9,4,4,7,41.2,2,2,0,0,0.0,player_goalkeeping_ligaportugal.csv
25,Francisco Meixedo,pt POR,GK,Estrela,,23-351,2001,1,0,45,0.5,0,0.00,3,3,100.0,0,0,0,1,,0,0,0,0,,player_goalkeeping_ligaportugal.csv
Rk,Player,Nation,Pos,Squad,,Age,Born,MP,Starts,Min,90s,GA,GA90,SoTA,Saves,Save%,W,D,L,CS,CS%,PKatt,PKA,PKsv,PKm,Save%,player_goalkeeping_ligaportugal.csv
26,Cezary Miszta,pl POL,GK,Rio Ave,,23-187,2001,23,23,2070,23.0,38,1.65,116,82,69.8,6,7,10,2,8.7,3,3,0,0,0.0,player_goalkeeping_ligaportugal.csv
27,Guillermo Ochoa,mx MEX,GK,AVS Futebol,,39-296,1985,20,20,1800,20.0,40,2.00,102,63,61.8,3,6,11,5,25.0,1,1,0,0,0.0,player_goalkeeping_ligaportugal.csv
28,Cláudio Ramos,pt POR,GK,Porto,,33-170,1991,2,2,180,2.0,3,1.50,8,5,75.0,1,0,1,0,0.0,1,1,0,0,0.0,player_goalkeeping_ligaportugal.csv
29,Joel Robles,es ESP,GK,Estoril,,34-322,1990,28,28,2520,28.0,44,1.57,127,82,69.3,10,8,10,5,17.9,6,5,1,0,16.7,player_goalkeeping_ligaportugal.csv
30,Caio Secco,br BRA,GK,Moreirense,,34-134,1990,3,3,270,3.0,6,2.00,15,9,73.3,0,2,1,0,0.0,2,2,0,0,0.0,player_goalkeeping_ligaportugal.csv
31,Patrick Sequeira,cr CRC,GK,Casa Pia,,26-065,1999,31,31,2790,31.0,40,1.29,152,113,77.6,11,9,11,7,22.6,7,6,0,1,0.0,player_goalkeeping_ligaportugal.csv
32,Rui Silva,pt POR,GK,Sporting CP,,31-087,1994,15,15,1350,15.0,12,0.80,31,21,74.2,11,4,0,5,33.3,4,4,0,0,0.0,player_goalkeeping_ligaportugal.csv
33,Samuel Soares,pt POR,GK,Benfica,,22-324,2002,2,2,180,2.0,0,0.00,5,4,100.0,2,0,0,2,100.0,1,0,1,0,100.0,player_goalkeeping_ligaportugal.csv
34,Tomé,pt POR,GK,Boavista,,18-140,2006,2,2,180,2.0,5,2.50,10,5,50.0,0,1,1,0,0.0,0,0,0,0,,player_goalkeeping_ligaportugal.csv
35,Anatolii Trubin,ua UKR,GK,Benfica,,23-277,2001,30,30,2700,30.0,26,0.87,90,63,72.2,23,3,4,13,43.3,2,1,1,0,50.0,player_goalkeeping_ligaportugal.csv
36,Tomáš Vaclík,cz CZE,GK,Boavista,,36-037,1989,9,9,810,9.0,15,1.67,57,43,78.9,3,0,6,3,33.3,3,3,0,0,0.0,player_goalkeeping_ligaportugal.csv
37,João Valido,pt POR,GK,Arouca,,25-063,2000,3,3,270,3.0,4,1.33,10,6,70.0,0,2,1,1,33.3,1,1,0,0,0.0,player_goalkeeping_ligaportugal.csv
38,Bruno Varela,cv CPV,GK,Vitória,,30-182,1994,32,32,2880,32.0,33,1.03,91,58,69.2,14,12,6,13,40.6,6,5,0,1,0.0,player_goalkeeping_ligaportugal.csv
39,Ricardo Velho,pt POR,GK,Farense,,26-258,1998,28,28,2520,28.0,40,1.43,126,88,73.0,3,9,16,6,21.4,7,6,0,1,0.0,player_goalkeeping_ligaportugal.csv
40,Ivan Zlobin,ru RUS,GK,Famalicão,,28-059,1997,13,13,1170,13.0,15,1.15,57,42,75.4,3,7,3,5,38.5,1,1,0,0,0.0,player_goalkeeping_ligaportugal.csv
1,Jak Alnwick,eng ENG,GK,Cardiff City,,31-321,1993,29,29,2610,29.0,45,1.55,126,81,66.7,7,11,11,5,17.2,4,3,1,0,25.0,player_goalkeeping_efl_championship.csv
2,Jordan Archer,sct SCO,GK,Portsmouth,,32-022,1993,2,1,150,1.7,2,1.20,11,9,81.8,0,0,1,0,0.0,0,0,0,0,,player_goalkeeping_efl_championship.csv
3,Daniel Bachmann,at AUT,GK,Watford,,30-299,1994,22,22,1902,21.1,28,1.32,87,59,67.8,9,4,9,5,22.7,1,0,1,0,100.0,player_goalkeeping_efl_championship.csv
4,James Beadle,eng ENG,GK,Sheffield Weds,,20-292,2004,38,38,3420,38.0,59,1.55,140,80,60.7,14,9,15,9,23.7,5,4,1,0,20.0,player_goalkeeping_efl_championship.csv
5,Jonathan Bond,eng ENG,GK,Watford,,31-350,1993,9,8,798,8.9,14,1.58,43,29,67.4,3,1,4,1,12.5,0,0,0,0,,player_goalkeeping_efl_championship.csv
6,Solomon Brynn,eng ENG,GK,Middlesbrough,,24-186,2000,6,6,509,5.7,9,1.59,25,16,64.0,3,2,1,1,16.7,0,0,0,0,,player_goalkeeping_efl_championship.csv
7,Pierce Charles,nir NIR,GK,Sheffield Weds,,19-287,2005,8,8,720,8.0,10,1.25,30,19,66.7,1,4,3,0,0.0,1,0,1,0,100.0,player_goalkeeping_efl_championship.csv
8,Bradley Collins,eng ENG,GK,Coventry City,,28-075,1997,15,14,1313,14.6,23,1.58,53,30,56.6,4,4,6,3,21.4,0,0,0,0,,player_goalkeeping_efl_championship.csv
9,Michael Cooper,eng ENG,GK,Sheffield Utd,,25-208,1999,43,43,3870,43.0,33,0.77,142,109,79.6,27,6,10,21,48.8,5,4,1,0,20.0,player_goalkeeping_efl_championship.csv
10,David Cornell,wls WAL,GK,Preston,,34-037,1991,10,9,811,9.0,16,1.78,36,20,63.9,0,4,5,1,11.1,3,3,0,0,0.0,player_goalkeeping_efl_championship.csv
11,Jamie Cumming,eng ENG,GK,Oxford United,,25-242,1999,45,45,4050,45.0,62,1.38,201,139,70.1,13,13,19,13,28.9,4,2,2,0,50.0,player_goalkeeping_efl_championship.csv
12,Karl Darlow,wls WAL,GK,Leeds United,,34-208,1990,7,7,630,7.0,3,0.43,11,9,72.7,6,1,0,4,57.1,0,0,0,0,,player_goalkeeping_efl_championship.csv
13,Adam Davies,wls WAL,GK,Sheffield Utd,,32-291,1992,3,3,270,3.0,3,1.00,7,4,57.1,1,2,0,1,33.3,0,0,0,0,,player_goalkeeping_efl_championship.csv
14,Seny Dieng,sn SEN,GK,Middlesbrough,,30-162,1994,17,17,1530,17.0,21,1.24,47,28,55.3,7,4,6,5,29.4,0,0,0,0,,player_goalkeeping_efl_championship.csv
15,Oliver Dovin,se SWE,GK,Coventry City,,22-297,2002,28,28,2467,27.4,30,1.09,95,68,69.5,14,5,9,8,28.6,1,1,0,0,0.0,player_goalkeeping_efl_championship.csv
16,George Evans,eng ENG,GK,Millwall,,19-353,2005,4,4,360,4.0,8,2.00,19,11,57.9,2,0,2,1,25.0,0,0,0,0,,player_goalkeeping_efl_championship.csv
17,Tom Glover,au AUS,GK,Middlesbrough,,27-131,1997,7,6,571,6.3,6,0.95,13,7,53.8,2,2,2,3,50.0,0,0,0,0,,player_goalkeeping_efl_championship.csv
18,Joshua Griffiths,eng ENG,GK,West Brom,,23-241,2001,6,6,540,6.0,11,1.83,26,15,57.7,2,1,3,1,16.7,0,0,0,0,,player_goalkeeping_efl_championship.csv
19,Daniel Grimshaw,eng ENG,GK,Plymouth Argyle,,27-108,1998,21,21,1890,21.0,49,2.33,124,75,62.9,4,5,12,1,4.8,3,3,0,0,0.0,player_goalkeeping_efl_championship.csv
20,Angus Gunn,sct SCO,GK,Norwich City,,29-102,1996,35,35,3104,34.5,42,1.22,123,83,69.1,14,11,10,7,20.0,4,4,0,0,0.0,player_goalkeeping_efl_championship.csv
21,Conor Hazard,nir NIR,GK,Plymouth Argyle,,27-060,1998,25,25,2250,25.0,39,1.56,122,85,68.9,7,8,10,2,8.0,1,1,0,0,0.0,player_goalkeeping_efl_championship.csv
22,Václav Hladký,cz CZE,GK,Burnley,,34-171,1990,1,1,90,1.0,0,0.00,4,4,100.0,1,0,0,1,100.0,0,0,0,0,,player_goalkeeping_efl_championship.csv
23,Ethan Horvath,us USA,GK,Cardiff City,,29-329,1995,17,17,1530,17.0,28,1.65,67,42,58.2,2,6,9,3,17.6,0,0,0,0,,player_goalkeeping_efl_championship.csv
24,Matt Ingram,eng ENG,GK,Oxford United,,31-137,1993,1,1,90,1.0,3,3.00,5,2,40.0,0,1,0,0,0.0,0,0,0,0,,player_goalkeeping_efl_championship.csv
25,Lukas Jensen,dk DEN,GK,Millwall,,26-047,1999,41,41,3689,41.0,41,1.00,132,94,69.7,15,12,14,13,31.7,3,1,1,1,50.0,player_goalkeeping_efl_championship.csv
Rk,Player,Nation,Pos,Squad,,Age,Born,MP,Starts,Min,90s,GA,GA90,SoTA,Saves,Save%,W,D,L,CS,CS%,PKatt,PKA,PKsv,PKm,Save%,player_goalkeeping_efl_championship.csv
26,Viktor Johansson,se SWE,GK,Stoke City,,26-232,1998,46,46,4140,46.0,62,1.35,209,151,71.8,12,15,19,14,30.4,5,3,1,1,25.0,player_goalkeeping_efl_championship.csv
27,Thomas Kaminski,be BEL,GK,Luton Town,,32-193,1992,45,45,3990,44.3,68,1.53,193,125,65.8,13,10,22,10,22.2,3,2,1,0,33.3,player_goalkeeping_efl_championship.csv
28,Ben Killip,eng ENG,GK,Portsmouth,,29-161,1995,2,2,180,2.0,2,1.00,9,7,77.8,0,2,0,0,0.0,0,0,0,0,,player_goalkeeping_efl_championship.csv
29,George Long,eng ENG,GK,Norwich City,,31-180,1993,9,8,765,8.5,19,2.24,44,24,61.4,0,3,5,1,12.5,3,2,1,0,33.3,player_goalkeeping_efl_championship.csv
30,Illan Meslier,fr FRA,GK,Leeds United,,25-063,2000,39,39,3510,39.0,27,0.69,88,63,72.7,23,12,4,21,53.8,4,3,1,0,25.0,player_goalkeeping_efl_championship.csv
31,Simon Moore,eng ENG,GK,Sunderland,,34-350,1990,4,4,360,4.0,2,0.50,10,8,80.0,1,3,0,3,75.0,0,0,0,0,,player_goalkeeping_efl_championship.csv
32,Paul Nardi,fr FRA,GK,QPR,,30-351,1994,45,45,4050,45.0,63,1.40,174,114,65.5,13,14,18,9,20.0,3,3,0,0,0.0,player_goalkeeping_efl_championship.csv
33,Will Norris,eng ENG,GK,Portsmouth,,31-265,1993,8,8,720,8.0,19,2.37,47,29,66.0,0,4,4,2,25.0,3,3,0,0,0.0,player_goalkeeping_efl_championship.csv
34,Max O'Leary,ie IRL,GK,Bristol City,,28-206,1996,46,46,4140,46.0,55,1.20,172,117,69.2,17,17,12,10,21.7,2,2,0,0,0.0,player_goalkeeping_efl_championship.csv
35,Alex Palmer,eng ENG,GK,West Brom,,28-267,1996,30,30,2700,30.0,27,0.90,101,77,74.3,10,14,6,11,36.7,1,1,0,0,0.0,player_goalkeeping_efl_championship.csv
36,Ivor Pandur,hr CRO,GK,Hull City,,25-040,2000,44,44,3960,44.0,52,1.18,168,117,71.4,11,13,20,6,13.6,6,4,1,1,20.0,player_goalkeeping_efl_championship.csv
37,Anthony Patterson,eng ENG,GK,Sunderland,,24-359,2000,42,42,3780,42.0,42,1.00,128,90,70.3,20,10,12,14,33.3,5,4,1,0,20.0,player_goalkeeping_efl_championship.csv
38,Aynsley Pears,eng ENG,GK,Blackburn,,27-011,1998,40,40,3600,40.0,43,1.07,153,109,73.9,15,8,17,13,32.5,4,3,1,0,25.0,player_goalkeeping_efl_championship.csv
39,Vicente Reyes,cl CHI,GK,Norwich City,,21-166,2003,4,3,271,3.0,7,2.32,12,5,41.7,0,1,2,0,0.0,0,0,0,0,,player_goalkeeping_efl_championship.csv
40,Liam Roberts,eng ENG,GK,Millwall,,30-164,1994,2,1,91,1.0,0,0.00,3,3,100.0,1,0,0,2,200.0,0,0,0,0,,player_goalkeeping_efl_championship.csv
41,Carl Rushworth,eng ENG,GK,Hull City,,23-306,2001,2,2,180,2.0,2,1.00,4,2,50.0,1,0,1,1,50.0,0,0,0,0,,player_goalkeeping_efl_championship.csv
42,Nicolas Schmid,at AUT,GK,Portsmouth,,28-071,1997,35,35,3090,34.3,48,1.40,144,100,67.4,14,6,15,8,22.9,1,1,0,0,0.0,player_goalkeeping_efl_championship.csv
43,Egil Selvik,no NOR,GK,Watford,,27-278,1997,16,16,1440,16.0,19,1.19,71,52,73.2,4,4,8,6,37.5,0,0,0,0,,player_goalkeeping_efl_championship.csv
44,James Shea,eng ENG,GK,Luton Town,,33-322,1991,2,1,147,1.6,1,0.61,5,4,80.0,0,0,1,1,100.0,0,0,0,0,,player_goalkeeping_efl_championship.csv
45,Balázs Tóth,hu HUN,GK,Blackburn,,27-242,1997,6,6,540,6.0,5,0.83,21,16,76.2,4,1,1,2,33.3,0,0,0,0,,player_goalkeeping_efl_championship.csv
46,James Trafford,eng ENG,GK,Burnley,,22-206,2002,45,45,4050,45.0,16,0.36,103,85,84.5,27,16,2,29,64.4,2,0,2,0,100.0,player_goalkeeping_efl_championship.csv
47,Mark Travers,ie IRL,GK,Middlesbrough,,25-351,1999,17,17,1530,17.0,20,1.18,83,64,75.9,6,2,9,4,23.5,0,0,0,0,,player_goalkeeping_efl_championship.csv
48,Josh Vickers,eng ENG,GK,Derby County,,29-154,1995,6,6,540,6.0,6,1.00,17,11,64.7,3,1,2,3,50.0,0,0,0,0,,player_goalkeeping_efl_championship.csv
49,Lawrence Vigouroux,cl CHI,GK,Swansea City,,31-166,1993,46,46,4140,46.0,56,1.22,166,113,68.7,17,10,19,14,30.4,4,4,0,0,0.0,player_goalkeeping_efl_championship.csv
50,Joe Walsh,eng ENG,GK,QPR,,23-033,2002,1,1,90,1.0,0,0.00,4,4,100.0,1,0,0,1,100.0,0,0,0,0,,player_goalkeeping_efl_championship.csv
Rk,Player,Nation,Pos,Squad,,Age,Born,MP,Starts,Min,90s,GA,GA90,SoTA,Saves,Save%,W,D,L,CS,CS%,PKatt,PKA,PKsv,PKm,Save%,player_goalkeeping_efl_championship.csv
51,Jacob Widell Zetterström,se SWE,GK,Derby County,,26-297,1998,40,40,3600,40.0,50,1.25,150,99,67.3,10,10,20,9,22.5,3,1,2,0,66.7,player_goalkeeping_efl_championship.csv
52,Joe Wildsmith,eng ENG,GK,West Brom,,29-127,1995,10,10,900,10.0,9,0.90,28,19,67.9,3,4,3,2,20.0,0,0,0,0,,player_goalkeeping_efl_championship.csv
53,Ben Wilson,eng ENG,GK,Coventry City,,32-268,1992,4,4,360,4.0,5,1.25,22,17,77.3,2,0,2,2,50.0,0,0,0,0,,player_goalkeeping_efl_championship.csv
54,Freddie Woodman,eng ENG,GK,Preston,,28-061,1997,37,37,3329,37.0,43,1.16,130,86,69.2,10,16,11,12,32.4,4,3,1,0,25.0,player_goalkeeping_efl_championship.csv
1,Luis Barraza,us USA,GK,D.C. United,,28-178,1996,4,4,360,4.0,6,1.50,16,10,62.5,2,0,2,0,0.0,0,0,0,0,,player_goalkeeping_mls.csv
2,Adam Beaudry,us USA,GK,Colorado Rapids,,19-017,2006,1,1,90,1.0,3,3.00,5,3,40.0,0,0,1,0,0.0,0,0,0,0,,player_goalkeeping_mls.csv
3,Andre Blake,jm JAM,GK,Philadelphia Union,,34-165,1990,9,9,810,9.0,9,1.00,30,21,73.3,6,1,2,4,44.4,1,1,0,0,0.0,player_goalkeeping_mls.csv
4,Jonathan Bond,eng ENG,GK,Houston Dynamo,,31-351,1993,3,3,270,3.0,4,1.33,15,11,80.0,1,1,1,1,33.3,1,1,0,0,0.0,player_goalkeeping_mls.csv
5,Christopher Brady,us USA,GK,Chicago Fire,,21-063,2004,11,11,935,10.4,22,2.12,56,34,66.1,3,4,4,1,9.1,5,3,1,1,25.0,player_goalkeeping_mls.csv
6,Sebastian Breza,ca CAN,GK,CF Montréal,,27-051,1998,1,1,90,1.0,1,1.00,6,5,83.3,0,0,1,0,0.0,0,0,0,0,,player_goalkeeping_mls.csv
7,Roman Bürki,ch SUI,GK,St. Louis,,34-172,1990,3,3,270,3.0,0,0.00,9,9,100.0,1,2,0,3,100.0,0,0,0,0,,player_goalkeeping_mls.csv
8,Evan Bush,us USA,GK,Columbus Crew,,39-060,1986,1,1,90,1.0,0,0.00,0,0,,0,1,0,1,100.0,0,0,0,0,,player_goalkeeping_mls.csv
9,Rafael Cabral,br BRA,GK,Real Salt Lake,,34-350,1990,11,11,990,11.0,17,1.55,52,33,71.2,4,0,7,2,18.2,4,2,2,0,50.0,player_goalkeeping_mls.csv
10,Drake Callender,us USA,GK,Inter Miami,,27-210,1997,3,2,185,2.1,5,2.43,13,8,61.5,0,1,1,0,0.0,0,0,0,0,,player_goalkeeping_mls.csv
11,Roman Celentano,us USA,GK,FC Cincinnati,,24-233,2000,11,11,990,11.0,13,1.18,43,30,72.1,7,1,3,4,36.4,3,1,1,1,50.0,player_goalkeeping_mls.csv
12,Michael Collodi,us USA,GK,FC Dallas,,23-345,2001,1,1,90,1.0,0,0.00,2,2,100.0,1,0,0,1,100.0,0,0,0,0,,player_goalkeeping_mls.csv
13,Carlos Coronel,py PAR,GK,NY Red Bulls,,28-127,1996,10,10,900,10.0,12,1.20,48,36,77.1,3,3,4,4,40.0,1,1,0,0,0.0,player_goalkeeping_mls.csv
14,Maxime Crépeau,ca CAN,GK,Portland Timbers,,30-359,1994,2,2,180,2.0,8,4.00,18,10,55.6,0,0,2,0,0.0,0,0,0,0,,player_goalkeeping_mls.csv
15,Daniel,br BRA,GK,SJ Earthquakes,,30-364,1994,10,10,830,9.2,13,1.41,53,40,77.4,4,1,5,1,10.0,1,1,0,0,0.0,player_goalkeeping_mls.csv
16,C.J. dos Santos,us USA,GK,San Diego FC,,24-254,2000,11,11,990,11.0,15,1.36,51,36,76.5,5,2,4,4,36.4,3,3,0,0,0.0,player_goalkeeping_mls.csv
17,Earl Edwards Jr.,us USA,GK,SJ Earthquakes,,33-101,1992,2,1,160,1.8,7,3.94,9,2,22.2,0,0,1,0,0.0,0,0,0,0,,player_goalkeeping_mls.csv
18,Matt Freese,us USA,GK,NYCFC,,26-245,1998,11,11,990,11.0,13,1.18,49,38,73.5,5,2,4,4,36.4,0,0,0,0,,player_goalkeeping_mls.csv
19,Stefan Frei,ch SUI,GK,Seattle Sounders,,39-015,1986,10,10,900,10.0,11,1.10,32,23,68.8,3,4,3,3,30.0,1,1,0,0,0.0,player_goalkeeping_mls.csv
20,Jeffrey Gal,us USA,GK,Chicago Fire,,32-029,1993,1,0,51,0.6,0,0.00,2,2,100.0,0,0,0,1,,0,0,0,0,,player_goalkeeping_mls.csv
21,Pedro Gallese,pe PER,GK,Orlando City,,35-071,1990,10,10,900,10.0,11,1.10,45,34,77.8,3,5,2,5,50.0,1,1,0,0,0.0,player_goalkeeping_mls.csv
22,Blake Gillingham,us USA,GK,Houston Dynamo,,22-206,2002,4,3,294,3.3,4,1.22,15,11,73.3,1,1,1,2,66.7,0,0,0,0,,player_goalkeeping_mls.csv
23,Brad Guzan,us USA,GK,Atlanta Utd,,40-238,1984,11,11,990,11.0,20,1.82,56,36,69.6,2,4,5,1,9.1,3,3,0,0,0.0,player_goalkeeping_mls.csv
24,Nicholas Hansen,dk DEN,GK,Colorado Rapids,,23-299,2001,1,1,90,1.0,1,1.00,2,1,50.0,0,1,0,0,0.0,0,0,0,0,,player_goalkeeping_mls.csv
25,Thomas Hasal,ca CAN,GK,LAFC,,25-300,1999,1,1,90,1.0,5,5.00,9,4,44.4,0,0,1,0,0.0,0,0,0,0,,player_goalkeeping_mls.csv
Rk,Player,Nation,Pos,Squad,,Age,Born,MP,Starts,Min,90s,GA,GA90,SoTA,Saves,Save%,W,D,L,CS,CS%,PKatt,PKA,PKsv,PKm,Save%,player_goalkeeping_mls.csv
26,Aljaž Ivačič,si SVN,GK,NE Revolution,,31-127,1993,10,10,900,10.0,7,0.70,38,31,81.6,5,1,4,5,50.0,0,0,0,0,,player_goalkeeping_mls.csv
27,Sean Johnson,us USA,GK,Toronto FC,,35-339,1989,11,11,990,11.0,16,1.45,53,37,75.5,1,4,6,3,27.3,3,3,0,0,0.0,player_goalkeeping_mls.csv
28,Kim Joonhong,kr KOR,GK,D.C. United,,21-336,2003,7,7,630,7.0,17,2.43,39,22,61.5,1,3,3,1,14.3,2,2,0,0,0.0,player_goalkeeping_mls.csv
29,Kristijan Kahlina,hr CRO,GK,Charlotte,,32-285,1992,11,11,990,11.0,12,1.09,57,45,84.2,6,1,4,4,36.4,3,3,0,0,0.0,player_goalkeeping_mls.csv
30,Hugo Lloris,fr FRA,GK,LAFC,,38-130,1986,10,10,900,10.0,11,1.10,28,18,64.3,5,2,3,4,40.0,1,1,0,0,0.0,player_goalkeeping_mls.csv
31,Benjamin Lundt,de GER,GK,St. Louis,,29-223,1995,8,8,720,8.0,12,1.50,43,30,74.4,1,2,5,2,25.0,2,1,1,0,50.0,player_goalkeeping_mls.csv
32,AJ Marcucci,us USA,GK,NY Red Bulls,,25-278,1999,1,1,90,1.0,1,1.00,2,1,50.0,1,0,0,0,0.0,0,0,0,0,,player_goalkeeping_mls.csv
33,Jimmy Maurer,us USA,GK,Houston Dynamo,,36-203,1988,2,1,120,1.3,1,0.75,5,4,80.0,0,1,0,0,0.0,0,0,0,0,,player_goalkeeping_mls.csv
34,John McCarthy,us USA,GK,LA Galaxy,,32-305,1992,8,8,720,8.0,14,1.75,33,19,66.7,0,3,5,0,0.0,4,3,1,0,25.0,player_goalkeeping_mls.csv
35,Novak Mićović,rs SRB,GK,LA Galaxy,,23-192,2001,3,3,270,3.0,7,2.33,15,8,53.3,0,0,3,0,0.0,0,0,0,0,,player_goalkeeping_mls.csv
36,Javier Otero,ve VEN,GK,Orlando City,,22-168,2002,1,1,90,1.0,1,1.00,6,5,83.3,1,0,0,0,0.0,0,0,0,0,,player_goalkeeping_mls.csv
37,Maarten Paes,id IDN,GK,FC Dallas,,26-356,1998,10,10,900,10.0,19,1.90,48,29,66.7,3,3,4,1,10.0,3,3,0,0,0.0,player_goalkeeping_mls.csv
38,James Pantemis,ca CAN,GK,Portland Timbers,,28-073,1997,9,9,810,9.0,11,1.22,43,29,79.1,5,3,1,3,33.3,5,2,3,0,60.0,player_goalkeeping_mls.csv
39,John Pulskamp,us USA,GK,Sporting KC,,24-016,2001,11,11,990,11.0,21,1.91,50,30,62.0,3,1,7,2,18.2,2,2,0,0,0.0,player_goalkeeping_mls.csv
40,Andrew Rick,us USA,GK,Philadelphia Union,,19-095,2006,2,2,180,2.0,1,0.50,3,2,66.7,1,0,1,1,50.0,0,0,0,0,,player_goalkeeping_mls.csv
41,Rocco Ríos Novo,ar ARG,GK,Inter Miami,,22-335,2002,2,1,140,1.6,1,0.64,4,3,75.0,1,0,0,1,100.0,0,0,0,0,,player_goalkeeping_mls.csv
42,Patrick Schulte,us USA,GK,Columbus Crew,,24-053,2001,10,10,900,10.0,10,1.00,35,25,74.3,7,2,1,2,20.0,1,1,0,0,0.0,player_goalkeeping_mls.csv
43,Jonathan Sirois,ca CAN,GK,CF Montréal,,23-312,2001,10,10,900,10.0,15,1.50,51,36,70.6,0,3,7,2,20.0,0,0,0,0,,player_goalkeeping_mls.csv
44,Alec Smir,us USA,GK,Minnesota Utd,,26-022,1999,1,1,90,1.0,2,2.00,4,2,50.0,0,1,0,0,0.0,0,0,0,0,,player_goalkeeping_mls.csv
45,Dayne St. Clair,ca CAN,GK,Minnesota Utd,,27-361,1997,10,10,900,10.0,8,0.80,35,28,77.1,5,3,2,6,60.0,1,0,0,1,,player_goalkeeping_mls.csv
46,Zack Steffen,us USA,GK,Colorado Rapids,,30-033,1995,9,9,810,9.0,12,1.33,47,35,74.5,4,3,2,3,33.3,0,0,0,0,,player_goalkeeping_mls.csv
47,Brad Stuver,us USA,GK,Austin,,34-019,1991,11,11,990,11.0,13,1.18,49,36,73.5,5,1,5,5,45.5,1,0,1,0,100.0,player_goalkeeping_mls.csv
48,Yohei Takaoka,jp JPN,GK,Vancouver W'caps,,29-050,1996,11,11,990,11.0,8,0.73,26,18,73.1,8,2,1,5,45.5,1,1,0,0,0.0,player_goalkeeping_mls.csv
49,Andrew Tarbell,us USA,GK,Houston Dynamo,,31-210,1993,4,4,306,3.4,7,2.06,15,8,53.3,0,1,3,1,25.0,0,0,0,0,,player_goalkeeping_mls.csv
50,Andrew Thomas,ru RUS,GK,Seattle Sounders,,26-246,1998,1,1,90,1.0,2,2.00,2,0,0.0,1,0,0,0,0.0,0,0,0,0,,player_goalkeeping_mls.csv
Rk,Player,Nation,Pos,Squad,,Age,Born,MP,Starts,Min,90s,GA,GA90,SoTA,Saves,Save%,W,D,L,CS,CS%,PKatt,PKA,PKsv,PKm,Save%,player_goalkeeping_mls.csv
51,Óscar Ustari,ar ARG,GK,Inter Miami,,38-306,1986,7,7,572,6.4,5,0.79,25,20,80.0,5,2,0,2,28.6,0,0,0,0,,player_goalkeeping_mls.csv
52,Joe Willis,us USA,GK,Nashville SC,,36-268,1988,11,11,990,11.0,14,1.27,46,31,73.9,5,2,4,3,27.3,3,2,1,0,33.3,player_goalkeeping_mls.csv
1,Nordin Bakker,nl NED,GK,Almere City,,27-186,1997,31,31,2790,31.0,59,1.90,161,106,63.4,4,8,19,7,22.6,0,0,0,0,,player_goalkeeping_eredivisie.csv
2,Vasilios Barkas,gr GRE,GK,Utrecht,,30-340,1994,29,29,2610,29.0,41,1.41,131,91,71.0,16,8,5,7,24.1,3,3,0,0,0.0,player_goalkeeping_eredivisie.csv
3,Walter Benítez,ar ARG,GK,PSV Eindhoven,,32-106,1993,31,31,2745,30.5,35,1.15,94,59,64.9,22,4,5,9,29.0,2,2,0,0,0.0,player_goalkeeping_eredivisie.csv
4,Daniel Bielica,pl POL,GK,NAC Breda,,26-005,1999,30,30,2700,30.0,50,1.67,153,104,71.2,8,8,14,5,16.7,6,6,0,0,0.0,player_goalkeeping_eredivisie.csv
5,Justin Bijlow,nl NED,GK,Feyenoord,,27-103,1998,4,4,360,4.0,8,2.00,16,8,50.0,1,1,2,0,0.0,0,0,0,0,,player_goalkeeping_eredivisie.csv
6,Mattijs Branderhorst,nl NED,GK,Fortuna Sittard,,31-125,1993,25,25,2250,25.0,38,1.52,117,79,69.2,9,5,11,8,32.0,2,2,0,0,0.0,player_goalkeeping_eredivisie.csv
7,Michael Brouwer,nl NED,GK,Utrecht,,32-104,1993,2,2,180,2.0,1,0.50,8,7,100.0,2,0,0,1,50.0,1,1,0,0,0.0,player_goalkeeping_eredivisie.csv
8,Jari De Busser,be BEL,GK,Go Ahead Eag,,25-196,1999,14,14,1260,14.0,22,1.57,76,55,72.4,6,4,4,4,28.6,1,1,0,0,0.0,player_goalkeeping_eredivisie.csv
9,Mickey van der Hart,nl NED,GK,Heerenveen,,30-326,1994,18,18,1620,18.0,33,1.83,100,68,70.0,5,6,7,2,11.1,3,3,0,0,0.0,player_goalkeeping_eredivisie.csv
10,Thomas Didillon,fr FRA,GK,Willem II,,29-158,1995,31,31,2790,31.0,51,1.65,163,115,71.8,6,7,18,5,16.1,5,5,0,0,0.0,player_goalkeeping_eredivisie.csv
11,Joel Drommel,nl NED,GK,PSV Eindhoven,,28-170,1996,1,0,45,0.5,0,0.00,0,0,,0,0,0,0,,0,0,0,0,,player_goalkeeping_eredivisie.csv
12,Stijn van Gassel,nl NED,GK,NEC Nijmegen,,28-199,1996,2,2,180,2.0,4,2.00,15,11,80.0,0,0,2,0,0.0,1,1,0,0,0.0,player_goalkeeping_eredivisie.csv
13,Mike Hauptmeijer,nl NED,GK,Zwolle,,28-048,1997,4,4,360,4.0,6,1.50,16,10,62.5,2,1,1,0,0.0,1,0,0,1,,player_goalkeeping_eredivisie.csv
14,Jeroen Houwen,nl NED,GK,RKC Waalwijk,,29-076,1996,24,24,2160,24.0,48,2.00,133,87,65.4,4,4,16,4,16.7,2,2,0,0,0.0,player_goalkeeping_eredivisie.csv
15,Hidde Jurjus,nl NED,GK,Groningen,,31-085,1994,1,1,90,1.0,1,1.00,3,2,66.7,0,0,1,0,0.0,0,0,0,0,,player_goalkeeping_eredivisie.csv
16,Fabian de Keijzer,nl NED,GK,Heracles Almelo,,24-360,2000,31,31,2790,31.0,56,1.81,163,111,69.3,8,11,12,6,19.4,6,6,0,0,0.0,player_goalkeeping_eredivisie.csv
17,Joey Kesting,nl NED,GK,RKC Waalwijk,,24-059,2001,3,3,270,3.0,5,1.67,13,8,84.6,0,2,1,0,0.0,3,3,0,0,0.0,player_goalkeeping_eredivisie.csv
18,Luuk Koopmans,nl NED,GK,Fortuna Sittard,,31-168,1993,6,6,540,6.0,15,2.50,35,19,60.0,1,1,4,0,0.0,2,1,1,0,50.0,player_goalkeeping_eredivisie.csv
19,Roy Kortsmit,nl NED,GK,NAC Breda,,32-252,1992,1,1,90,1.0,3,3.00,4,1,50.0,0,0,1,0,0.0,1,1,0,0,0.0,player_goalkeeping_eredivisie.csv
20,Matheus,br BRA,GK,Ajax,,32-290,1992,9,9,810,9.0,9,1.00,23,14,60.9,6,2,1,4,44.4,0,0,0,0,,player_goalkeeping_eredivisie.csv
21,Andries Noppert,nl NED,GK,Heerenveen,,31-028,1994,13,13,1170,13.0,20,1.54,56,37,66.1,6,1,6,3,23.1,1,1,0,0,0.0,player_goalkeeping_eredivisie.csv
22,Nick Olij,nl NED,GK,Sparta R'dam,,29-277,1995,31,31,2790,31.0,39,1.26,129,91,72.9,8,11,12,5,16.1,5,4,1,0,20.0,player_goalkeeping_eredivisie.csv
23,Yanick van Osch,nl NED,GK,RKC Waalwijk,,28-042,1997,3,3,270,3.0,9,3.00,26,17,69.2,0,1,2,0,0.0,1,1,0,0,0.0,player_goalkeeping_eredivisie.csv
24,Rome-Jayden Owusu-Oduro,nl NED,GK,AZ Alkmaar,,20-307,2004,25,25,2250,25.0,31,1.24,74,43,59.5,9,8,8,8,32.0,3,1,1,1,50.0,player_goalkeeping_eredivisie.csv
25,Remko Pasveer,nl NED,GK,Ajax,,41-178,1983,21,21,1890,21.0,18,0.86,75,58,76.0,16,3,2,10,47.6,0,0,0,0,,player_goalkeeping_eredivisie.csv
Rk,Player,Nation,Pos,Squad,,Age,Born,MP,Starts,Min,90s,GA,GA90,SoTA,Saves,Save%,W,D,L,CS,CS%,PKatt,PKA,PKsv,PKm,Save%,player_goalkeeping_eredivisie.csv
26,Luca Plogmann,de GER,GK,Go Ahead Eag,,25-056,2000,17,17,1530,17.0,27,1.59,72,45,65.3,7,4,6,4,23.5,2,2,0,0,0.0,player_goalkeeping_eredivisie.csv
27,Diant Ramaj,de GER,GK,Ajax,,23-228,2001,1,1,90,1.0,0,0.00,2,2,100.0,1,0,0,1,100.0,0,0,0,0,,player_goalkeeping_eredivisie.csv
28,Robin Roefs,nl NED,GK,NEC Nijmegen,,22-108,2003,29,29,2610,29.0,41,1.41,140,103,71.4,9,7,13,8,27.6,1,1,0,0,0.0,player_goalkeeping_eredivisie.csv
29,Jasper Schendelaar,nl NED,GK,Zwolle,,24-245,2000,27,27,2430,27.0,43,1.59,135,93,70.4,6,9,12,5,18.5,5,3,0,2,0.0,player_goalkeeping_eredivisie.csv
30,Mark Spenkelink,nl NED,GK,RKC Waalwijk,,28-098,1997,1,1,90,1.0,6,6.00,12,6,58.3,0,0,1,0,0.0,1,1,0,0,0.0,player_goalkeeping_eredivisie.csv
31,Przemysław Tytoń,pl POL,GK,Twente,,38-121,1987,2,2,180,2.0,8,4.00,16,8,50.0,1,0,1,0,0.0,0,0,0,0,,player_goalkeeping_eredivisie.csv
32,Lars Unnerstall,de GER,GK,Twente,,34-289,1990,29,29,2610,29.0,36,1.24,94,58,63.8,13,9,7,10,34.5,2,2,0,0,0.0,player_goalkeeping_eredivisie.csv
33,Etienne Vaessen,sr SUR,GK,Groningen,,29-283,1995,30,30,2700,30.0,45,1.50,125,81,68.0,10,8,12,7,23.3,6,5,1,0,16.7,player_goalkeeping_eredivisie.csv
34,Timon Wellenreuther,de GER,GK,Feyenoord,,29-153,1995,27,27,2430,27.0,25,0.93,89,63,73.0,18,7,2,9,33.3,2,1,1,0,50.0,player_goalkeeping_eredivisie.csv
35,Jeroen Zoet,nl NED,GK,AZ Alkmaar,,34-119,1991,6,6,540,6.0,3,0.50,12,10,75.0,5,0,1,3,50.0,0,0,0,0,,player_goalkeeping_eredivisie.csv
