Rk,Player,Nation,Pos,Squad,Comp,AGE,Born,MP,Starts,Min,90s,GA,GA90,SoTA,Saves,Save%,W,D,L,CS,CS%,PKatt,PKA,PKsv,PKm,Save%_PK
1,Adrián,es ESP,GK,Betis,es La Liga,38.33150685,1987,14,14,1260,14,18,1.29,47,29,63.8,9,2,3,3,21.4,1,1,0,0,0
2,Julen Agirrezabala,es ESP,GK,Athletic Club,es La Liga,24.35342466,2000,14,14,1206,13.4,9,0.67,34,24,76.5,9,4,1,5,35.7,2,1,1,0,50
3,Ben Alexander Voll,de GER,"GK,MF",St. Pauli,de Bundesliga,24.4,2000,1,0,1,0,0,0,0,0,,0,0,0,0,,0,0,0,0,
4,Alisson,br BRA,GK,Liverpool,eng Premier League,32.58630137,1992,24,24,2148,23.9,20,0.84,71,52,71.8,18,5,1,9,37.5,0,0,0,0,
5,Alphonse Areola,fr FRA,GK,West Ham,eng Premier League,32.18082192,1993,23,22,1990,22.1,38,1.72,103,68,63.1,4,6,12,4,18.2,0,0,0,0,
6,Kepa Arrizabalaga,es ESP,GK,Bournemouth,eng Premier League,30.58356164,1994,28,28,2520,28,35,1.25,126,91,75.4,12,7,9,7,25,4,4,0,0,0
7,Noah Atubolu,de GER,GK,Freiburg,de Bundesliga,22.94246575,2002,24,24,2127,23.6,33,1.4,111,76,70.3,11,6,7,10,41.7,2,0,2,0,100
8,Emil Audero,id IDN,GK,Como,it Serie A,28.29041096,1997,8,8,720,8,18,2.25,34,16,58.8,2,2,4,0,0,4,4,0,0,0
9,Brandon Austin,eng ENG,GK,Tottenham,eng Premier League,26.31780822,1999,1,1,90,1,2,2,4,2,50,0,0,1,0,0,0,0,0,0,
10,Augusto Batalla,ar ARG,GK,Rayo Vallecano,es La Liga,29.0109589,1996,28,28,2520,28,36,1.29,120,83,73.3,8,10,10,6,21.4,6,4,2,0,33.3
11,Oliver Baumann,de GER,GK,Hoffenheim,de Bundesliga,34.92054795,1990,26,26,2340,26,47,1.81,128,79,64.8,6,7,13,4,15.4,5,2,3,0,60
12,Altay Bayındır,tr TUR,GK,Manchester Utd,eng Premier League,27.05479452,1998,1,1,90,1,4,4,6,2,33.3,0,0,1,0,0,0,0,0,0,
13,Daniel Bentley,eng ENG,GK,Wolves,eng Premier League,31.80821918,1993,1,1,90,1,0,0,2,2,100,1,0,0,1,100,0,0,0,0,
14,Dimitry Bertaud,cd COD,GK,Montpellier,fr Ligue 1,26.90958904,1998,3,3,270,3,8,2.67,16,8,56.3,1,0,2,0,0,1,1,0,0,0
15,Marco Bizot,nl NED,GK,Brest,fr Ligue 1,34.15068493,1991,29,29,2610,29,48,1.66,116,68,64.7,12,5,12,8,27.6,9,7,1,1,12.5
16,Jean Butez,fr FRA,GK,Como,it Serie A,29.90410959,1995,17,17,1530,17,18,1.06,62,44,74.2,8,3,6,5,29.4,2,2,0,0,0
17,Marcin Bułka,pl POL,GK,Nice,fr Ligue 1,25.58082192,1999,32,32,2880,32,39,1.22,156,117,76.3,16,9,7,7,21.9,3,2,1,0,33.3
18,Elia Caprile,it ITA,GK,Cagliari,it Serie A,23.69041096,2001,16,16,1440,16,19,1.19,60,41,70,4,4,8,4,25,1,1,0,0,0
19,Elia Caprile,it ITA,GK,Napoli,it Serie A,23.69041096,2001,4,3,325,3.6,1,0.28,8,7,87.5,3,0,0,3,100,0,0,0,0,
20,Cárdenas,es ESP,GK,Rayo Vallecano,es La Liga,28.10136986,1997,6,6,540,6,6,1,20,14,70,3,1,2,2,33.3,0,0,0,0,
21,Tiago Cardoso,lu LUX,GK,Gladbach,de Bundesliga,19.0739726,2006,5,4,380,4.2,3,0.71,23,20,87,2,1,1,2,50,0,0,0,0,
22,Patrik Carlgren,se SWE,GK,Nantes,fr Ligue 1,33.31780822,1992,5,4,417,4.6,7,1.51,28,21,75,1,2,1,1,25,0,0,0,0,
23,Marco Carnesecchi,it ITA,GK,Atalanta,it Serie A,24.84109589,2000,31,31,2790,31,30,0.97,109,81,74.3,17,7,7,12,38.7,2,2,0,0,0
24,Lucas Chevalier,fr FRA,GK,Lille,fr Ligue 1,23.49041096,2001,31,31,2790,31,32,1.03,114,83,75.4,16,8,7,11,35.5,4,4,0,0,0
25,Leandro Chichizola,ar ARG,GK,Parma,it Serie A,35.10410959,1990,1,1,90,1,3,3,6,3,50,0,0,1,0,0,0,0,0,0,
26,Jasper Cillessen,nl NED,GK,Las Palmas,es La Liga,36.03287671,1989,27,27,2335,25.9,42,1.62,128,85,70.3,6,8,13,3,11.1,8,4,3,1,42.9
27,Diego Conde,es ESP,GK,Villarreal,es La Liga,26.51506849,1998,21,21,1872,20.8,31,1.49,88,58,68.2,10,6,5,2,9.5,4,3,0,1,0
28,Grégoire Coudert,fr FRA,GK,Brest,fr Ligue 1,26.08493151,1999,2,2,180,2,5,2.5,13,9,61.5,1,0,1,0,0,0,0,0,0,
29,Thibaut Courtois,be BEL,GK,Real Madrid,es La Liga,32.98082192,1992,27,27,2430,27,22,0.81,87,66,78.2,18,6,3,11,40.7,3,3,0,0,0
30,Finn Dahmen,de GER,GK,Augsburg,de Bundesliga,27.10410959,1998,16,16,1440,16,10,0.62,64,56,85.9,7,6,3,9,56.3,1,1,0,0,0
31,Thomas Dähne,de GER,GK,Holstein Kiel,de Bundesliga,31.32876712,1994,6,6,540,6,13,2.17,36,23,66.7,1,2,3,0,0,2,1,1,0,50
32,Théo De Percin,mq MTQ,GK,Auxerre,fr Ligue 1,24.24931507,2001,2,2,180,2,3,1.5,9,5,77.8,0,1,1,1,50,2,1,1,0,50
33,Rémy Descamps,fr FRA,GK,Lyon,fr Ligue 1,28.85753425,1996,1,1,90,1,2,2,6,4,66.7,0,0,1,0,0,0,0,0,0,
34,Arthur Desmas,fr FRA,GK,Le Havre,fr Ligue 1,31.0739726,1994,18,18,1620,18,38,2.11,93,54,61.3,5,0,13,3,16.7,3,2,1,0,33.3
35,Michele Di Gregorio,it ITA,GK,Juventus,it Serie A,27.76986301,1997,29,29,2610,29,28,0.97,88,60,73.9,14,11,4,13,44.8,5,5,0,0,0
36,Stole Dimitrievski,mk MKD,GK,Valencia,es La Liga,31.35616438,1993,4,4,360,4,6,1.5,12,6,58.3,0,2,2,0,0,2,1,0,1,0
37,Yehvann Diouf,fr FRA,GK,Reims,fr Ligue 1,25.4630137,1999,32,32,2880,32,43,1.34,170,126,76.5,8,9,15,7,21.9,4,3,1,0,25
38,Marko Dmitrović,rs SRB,GK,Leganés,es La Liga,33.2739726,1992,27,27,2430,27,42,1.56,125,85,72,5,10,12,8,29.6,8,7,0,1,0
39,Álex Domínguez,es ESP,GK,Toulouse,fr Ligue 1,26.76164384,1998,1,0,19,0.2,0,0,0,0,,0,0,0,1,,0,0,0,0,
40,Gianluigi Donnarumma,it ITA,GK,Paris S-G,fr Ligue 1,26.18630137,1999,23,23,2001,22.2,24,1.08,72,48,68.1,17,5,1,4,17.4,1,1,0,0,0
41,Patrick Drewes,de GER,GK,Bochum,de Bundesliga,32.24383562,1993,21,21,1890,21,46,2.19,99,51,56.6,2,5,14,2,9.5,5,3,2,0,40
42,Martin Dúbravka,sk SVK,GK,Newcastle Utd,eng Premier League,36.29863014,1989,10,10,900,10,12,1.2,41,29,70.7,7,0,3,5,50,0,0,0,0,
43,Ederson,br BRA,GK,Manchester City,eng Premier League,31.71232877,1993,23,23,2050,22.8,25,1.1,73,49,68.5,14,3,6,8,34.8,2,2,0,0,0
44,Łukasz Fabiański,pl POL,GK,West Ham,eng Premier League,40.04383562,1985,13,12,1070,11.9,20,1.68,67,47,74.6,5,3,4,2,16.7,3,3,0,0,0
45,Wladimiro Falcone,it ITA,GK,Lecce,it Serie A,30.06027397,1995,35,35,3150,35,57,1.63,168,113,70.8,6,9,20,7,20,10,8,1,1,11.1
46,Frank Feller,de GER,GK,Heidenheim,de Bundesliga,21.32054795,2004,1,0,31,0.3,0,0,1,1,100,0,0,0,1,,0,0,0,0,
47,Aitor Fernández,es ESP,GK,Osasuna,es La Liga,34.00273973,1991,1,1,90,1,0,0,5,5,100,0,1,0,1,100,0,0,0,0,
48,Álvaro Fernández,es ESP,GK,Sevilla,es La Liga,27.05753425,1998,8,7,657,7.3,12,1.64,29,17,65.5,2,1,4,3,42.9,2,2,0,0,0
49,André Ferreira,pt POR,GK,Valladolid,es La Liga,28.93150685,1996,5,5,450,5,18,3.6,35,17,57.1,0,0,5,0,0,3,3,0,0,0
50,Mark Flekken,nl NED,GK,Brentford,eng Premier League,31.89041096,1993,33,33,2915,32.4,48,1.48,181,135,74,14,7,12,6,18.2,1,1,0,0,0
51,Yahia Fofana,ci CIV,GK,Angers,fr Ligue 1,24.70136986,2000,31,31,2790,31,50,1.61,180,130,73.9,8,6,17,6,19.4,4,3,0,1,0
52,Fraser Forster,eng ENG,GK,Tottenham,eng Premier League,37.13150685,1988,7,7,630,7,15,2.14,42,27,69,1,2,4,1,14.3,2,2,0,0,0
53,Fran,es ESP,GK,Real Madrid,es La Liga,19.86027397,2005,1,1,90,1,2,2,2,0,0,0,0,1,0,0,0,0,0,0,
54,Gauthier Gallon,fr FRA,GK,Rennes,fr Ligue 1,32.03013699,1993,1,0,45,0.5,0,0,0,0,,0,0,0,0,,0,0,0,0,
55,Joan García,es ESP,GK,Espanyol,es La Liga,24,2001,33,33,2970,33,42,1.27,166,122,77.1,10,9,14,7,21.2,6,4,2,0,33.3
56,Paulo Gazzaniga,ar ARG,GK,Girona,es La Liga,33.33424658,1992,33,33,2925,32.5,50,1.54,133,81,63.9,9,8,16,6,18.2,5,2,3,0,60
57,David de Gea,es ESP,GK,Fiorentina,it Serie A,34.48767123,1990,31,31,2790,31,31,1,121,89,75.2,17,5,9,11,35.5,3,1,2,0,66.7
58,Pierluigi Gollini,it ITA,GK,Genoa,it Serie A,30.12876712,1995,7,7,630,7,15,2.14,32,16,62.5,1,2,4,1,14.3,4,3,1,0,25
59,Mathieu Gorgelin,fr FRA,GK,Le Havre,fr Ligue 1,34.74520548,1990,13,13,1170,13,27,2.08,72,46,66.7,3,4,6,1,7.7,3,3,0,0,0
60,Kamil Grabara,pl POL,GK,Wolfsburg,de Bundesliga,26.31780822,1999,27,27,2405,26.7,47,1.76,127,80,64.6,8,6,13,4,14.8,3,2,1,0,33.3
61,Dominik Greif,sk SVK,GK,Mallorca,es La Liga,28.07671233,1997,27,27,2430,27,30,1.11,91,62,69.2,10,7,10,6,22.2,2,2,0,0,0
62,Vicente Guaita,es ESP,GK,Celta Vigo,es La Liga,38.31232877,1987,29,29,2610,29,40,1.38,104,64,63.5,11,7,11,7,24.1,2,2,0,0,0
63,Péter Gulácsi,hu HUN,GK,RB Leipzig,de Bundesliga,34.99452055,1990,28,28,2451,27.2,36,1.32,125,88,72.8,12,10,6,13,46.4,3,2,1,0,33.3
64,Kjetil Haug,no NOR,GK,Toulouse,fr Ligue 1,26.89315068,1998,6,5,498,5.5,7,1.27,16,9,56.3,2,2,1,1,20,0,0,0,0,
65,Dean Henderson,eng ENG,GK,Crystal Palace,eng Premier League,28.14520548,1997,34,34,3060,34,47,1.38,139,94,66.9,11,12,11,10,29.4,2,1,1,0,50
66,Mads Hermansen,dk DEN,GK,Leicester City,eng Premier League,24.81369863,2000,27,27,2385,26.5,58,2.19,155,99,64.5,3,6,18,1,3.7,4,3,1,0,25
67,Sergio Herrera,es ESP,GK,Osasuna,es La Liga,31.91232877,1993,33,33,2970,33,50,1.52,161,112,72.7,10,13,10,6,18.2,6,6,0,0,0
68,Dinko Horkaš,hr CRO,GK,Las Palmas,es La Liga,26.15068493,1999,9,7,725,8.1,14,1.74,39,25,64.1,2,0,5,1,14.3,1,0,1,0,100
69,Timo Horn,de GER,GK,Bochum,de Bundesliga,31.97808219,1993,11,11,990,11,18,1.64,45,27,60,2,3,6,2,18.2,1,0,0,1,
70,Lukáš Hrádecký,fi FIN,GK,Leverkusen,de Bundesliga,35.44109589,1989,27,27,2430,27,32,1.19,107,78,72.9,16,10,1,6,22.2,3,3,0,0,0
71,Karl Jakob Hein,ee EST,GK,Valladolid,es La Liga,23.05753425,2002,28,28,2520,28,63,2.25,148,86,59.5,4,4,20,5,17.9,3,3,0,0,0
72,Vitezslav Jaros,cz CZE,GK,Liverpool,eng Premier League,23.78082192,2001,1,0,12,0.1,0,0,1,1,100,0,0,0,1,,0,0,0,0,
73,Karl-Johan Johnsson,se SWE,GK,Strasbourg,fr Ligue 1,35.2630137,1990,3,3,270,3,6,2,22,16,77.3,1,1,1,0,0,1,1,0,0,0
74,Sam Johnstone,eng ENG,GK,Wolves,eng Premier League,32.10958904,1993,7,7,630,7,17,2.43,39,23,61.5,0,1,6,0,0,2,2,0,0,0
75,Jesse Joronen,fi FIN,GK,Venezia,it Serie A,32.12054795,1993,8,7,703,7.8,15,1.92,40,27,70,1,1,5,2,28.6,3,3,0,0,0
76,Luiz Lúcio Reis Júnior,br BRA,GK,Villarreal,es La Liga,24.30136986,2001,14,13,1188,13.2,16,1.21,51,35,76.5,6,4,3,3,23.1,4,4,0,0,0
77,Filip Jørgensen,dk DEN,GK,Chelsea,eng Premier League,23.04931507,2002,6,6,540,6,9,1.5,28,19,71.4,3,0,3,1,16.7,1,1,0,0,0
78,Caoimhín Kelleher,ie IRL,GK,Liverpool,eng Premier League,26.44383562,1998,10,10,900,10,12,1.2,37,24,67.6,7,2,1,4,40,1,0,1,0,100
79,Antonín Kinský,cz CZE,GK,Tottenham,eng Premier League,22.14246575,2003,4,4,360,4,7,1.75,16,11,56.3,1,0,3,1,25,0,0,0,0,
80,Gregor Kobel,ch SUI,GK,Dortmund,de Bundesliga,27.40821918,1997,30,30,2700,30,45,1.5,117,72,65,14,6,10,6,20,4,4,0,0,0
81,Hervé Koffi,bf BFA,GK,Lens,fr Ligue 1,28.54794521,1996,5,5,450,5,8,1.6,26,18,76.9,1,0,4,0,0,2,2,0,0,0
82,Philipp Köhn,ch SUI,GK,Monaco,fr Ligue 1,27.08767123,1998,17,17,1530,17,15,0.88,54,39,74.1,10,5,2,7,41.2,1,1,0,0,0
83,Matej Kovar,cz CZE,GK,Leverkusen,de Bundesliga,24.96438356,2000,4,4,360,4,3,0.75,13,10,76.9,3,0,1,3,75,0,0,0,0,
84,Nediljko Labrović,hr CRO,GK,Augsburg,de Bundesliga,25.56438356,1999,15,15,1350,15,32,2.13,74,42,60.8,4,4,7,2,13.3,3,3,0,0,0
85,Alban Lafont,fr FRA,GK,Nantes,fr Ligue 1,26.27671233,1999,12,12,1080,12,19,1.58,49,32,67.3,2,4,6,2,16.7,3,3,0,0,0
86,Gautier Larsonneur,fr FRA,GK,Saint-Étienne,fr Ligue 1,28.19178082,1997,31,31,2790,31,74,2.39,195,121,68.7,6,6,19,3,9.7,15,13,2,0,13.3
87,Nicola Leali,it ITA,GK,Genoa,it Serie A,32.20821918,1993,27,27,2430,27,26,0.96,100,75,77,8,10,9,10,37,4,3,1,0,25
88,Benjamin Lecomte,fr FRA,GK,Montpellier,fr Ligue 1,34.02191781,1991,27,27,2430,27,61,2.26,154,95,63.6,3,4,20,1,3.7,6,5,1,0,16.7
89,Bernd Leno,de GER,GK,Fulham,eng Premier League,33.16712329,1992,35,35,3150,35,47,1.34,142,97,68.3,14,9,12,5,14.3,2,2,0,0,0
90,Donovan Léon,gf GUF,GK,Auxerre,fr Ligue 1,32.49863014,1992,29,29,2610,29,42,1.45,148,108,75,11,7,11,9,31,5,5,0,0,0
91,Anthony Lopes,pt POR,GK,Nantes,fr Ligue 1,34.5890411,1990,15,15,1293,14.4,24,1.67,66,43,69.7,4,5,6,2,13.3,5,4,0,1,0
92,Pau López,es ESP,GK,Girona,es La Liga,30.3890411,1994,1,0,45,0.5,2,4,3,1,33.3,0,0,0,0,,0,0,0,0,
93,Joe Lumley,eng ENG,GK,Southampton,eng Premier League,30.21369863,1995,3,3,270,3,7,2.33,20,13,65,0,1,2,0,0,0,0,0,0,
94,Andriy Lunin,ua UKR,GK,Real Madrid,es La Liga,26.22465753,1999,5,5,450,5,7,1.4,18,11,61.1,4,0,1,2,40,0,0,0,0,
95,Mike Maignan,fr FRA,GK,Milan,it Serie A,29.83561644,1995,33,33,2934,32.6,36,1.1,120,86,70.8,14,9,10,11,33.3,2,1,1,0,50
96,Radosław Majecki,pl POL,GK,Monaco,fr Ligue 1,25.4630137,1999,15,15,1350,15,22,1.47,65,43,69.2,7,2,6,3,20,2,2,0,0,0
97,Giorgi Mamardashvili,ge GEO,GK,Valencia,es La Liga,24.59452055,2000,30,30,2700,30,45,1.5,120,76,65.8,10,10,10,7,23.3,6,4,2,0,33.3
98,Steve Mandanda,fr FRA,GK,Rennes,fr Ligue 1,40.10136986,1985,17,17,1485,16.5,23,1.39,51,29,58.8,6,2,9,6,35.3,3,2,1,0,33.3
99,Christos Mandas,gr GRE,GK,Lazio,it Serie A,23.62739726,2001,5,5,450,5,3,0.6,17,14,82.4,2,3,0,3,60,0,0,0,0,
100,Unai Marrero,es ESP,GK,Real Sociedad,es La Liga,23.56712329,2001,1,1,90,1,1,1,4,3,75,0,0,1,0,0,0,0,0,0,
101,Emiliano Martínez,ar ARG,GK,Aston Villa,eng Premier League,32.66849315,1992,34,34,2970,33,45,1.36,132,86,66.7,16,9,9,6,17.6,2,1,1,0,50
102,Josep Martinez,es ESP,GK,Inter,it Serie A,26.9369863,1998,4,4,360,4,3,0.75,11,8,72.7,3,1,0,2,50,0,0,0,0,
103,Alex McCarthy,eng ENG,GK,Southampton,eng Premier League,35.41643836,1989,5,5,450,5,13,2.6,37,24,70.3,0,0,5,0,0,2,2,0,0,0
104,Alex Meret,it ITA,GK,Napoli,it Serie A,28.11780822,1997,31,31,2735,30.4,23,0.76,77,53,71.4,20,7,4,14,45.2,4,1,2,1,66.7
105,Alexander Meyer,de GER,GK,Dortmund,de Bundesliga,34.05753425,1991,2,2,180,2,4,2,11,7,63.6,1,0,1,0,0,0,0,0,0,
106,Vanja Milinković-Savić,rs SRB,GK,Torino,it Serie A,28.2,1997,34,34,3060,34,37,1.09,157,118,77.1,10,14,10,10,29.4,5,1,4,0,80
107,Lorenzo Montipò,it ITA,GK,Hellas Verona,it Serie A,29.2,1996,34,34,3060,34,62,1.82,153,91,60.8,9,5,20,8,23.5,4,2,1,1,33.3
108,Florian Müller,de GER,GK,Freiburg,de Bundesliga,27.47123288,1997,8,7,663,7.4,14,1.9,28,15,57.1,4,0,3,1,14.3,2,2,0,0,0
109,Kevin Müller,de GER,GK,Heidenheim,de Bundesliga,34.1369863,1991,32,32,2849,31.7,60,1.9,163,103,66.3,7,5,20,7,21.9,5,5,0,0,0
110,Marius Müller,de GER,GK,Wolfsburg,de Bundesliga,31.8109589,1993,6,5,475,5.3,5,0.95,23,18,78.3,2,3,0,1,20,0,0,0,0,
111,Arijanet Muric,xk KVX,GK,Ipswich Town,eng Premier League,26.48767123,1998,18,18,1620,18,33,1.83,100,67,70,2,6,10,1,5.6,3,3,0,0,0
112,Juan Musso,ar ARG,GK,Atalanta,it Serie A,30.99452055,1994,1,1,90,1,0,0,4,4,100,1,0,0,1,100,0,0,0,0,
113,Juan Musso,ar ARG,GK,Atlético Madrid,es La Liga,30.99452055,1994,1,1,90,1,0,0,1,1,100,1,0,0,1,100,0,0,0,0,
114,Neto,br BRA,GK,Bournemouth,eng Premier League,35.79178082,1989,2,2,180,2,2,1,13,11,84.6,0,2,0,0,0,0,0,0,0,
115,Manuel Neuer,de GER,GK,Bayern Munich,de Bundesliga,39.10410959,1986,20,20,1800,20,15,0.75,37,22,62.2,16,4,0,11,55,2,1,0,1,0
116,Moritz Nicolas,de GER,GK,Gladbach,de Bundesliga,27.53424658,1997,19,19,1639,18.2,25,1.37,92,69,78.3,9,4,6,4,21.1,5,5,0,0,0
117,Alexander Nübel,de GER,GK,Stuttgart,de Bundesliga,28.59178082,1996,32,32,2880,32,51,1.59,131,80,62.6,12,8,12,6,18.8,3,2,1,0,33.3
118,Ørjan Nyland,no NOR,GK,Sevilla,es La Liga,34.64657534,1990,26,26,2313,25.7,32,1.25,96,64,69.8,7,9,10,6,23.1,4,3,1,0,25
119,Jan Oblak,si SVN,GK,Atlético Madrid,es La Liga,32.32054795,1993,33,33,2970,33,27,0.82,103,78,78.6,18,10,5,14,42.4,5,5,0,0,0
120,Maduka Okoye,ng NGA,GK,Udinese,it Serie A,25.68219178,1999,22,22,1980,22,33,1.5,90,60,67.8,6,4,12,4,18.2,5,4,0,1,0
121,Robin Olsen,se SWE,GK,Aston Villa,eng Premier League,35.31780822,1990,3,1,180,2,4,2,9,5,55.6,1,0,0,1,100,0,0,0,0,
122,Jonas Omlin,ch SUI,GK,Gladbach,de Bundesliga,31.31232877,1994,10,9,798,8.9,23,2.59,57,33,63.2,2,1,6,1,11.1,3,2,1,0,33.3
123,André Onana,cm CMR,GK,Manchester Utd,eng Premier League,29.08767123,1996,33,33,2970,33,43,1.3,129,86,69,10,9,14,9,27.3,4,3,1,0,25
124,Stefan Ortega,de GER,GK,Manchester City,eng Premier League,32.49041096,1992,13,12,1100,12.2,18,1.47,50,33,68,5,4,3,3,25,2,2,0,0,0
125,Jesús Owono,gq EQG,GK,Alavés,es La Liga,24.17534247,2001,6,5,487,5.4,7,1.29,14,7,57.1,1,1,3,0,0,1,1,0,0,0
126,Daniele Padelli,it ITA,GK,Udinese,it Serie A,39.52328767,1985,1,1,90,1,0,0,3,3,100,1,0,0,1,100,0,0,0,0,
127,Alex Padilla,es ESP,GK,Athletic Club,es La Liga,21.67123288,2003,5,3,321,3.6,6,1.68,17,12,70.6,0,1,2,0,0,1,1,0,0,0
128,Alberto Paleari,it ITA,GK,Torino,it Serie A,32.67945205,1992,1,1,90,1,3,3,7,4,57.1,0,0,1,0,0,0,0,0,0,
129,Alex Palmer,eng ENG,GK,Ipswich Town,eng Premier League,28.73150685,1996,11,11,990,11,27,2.45,63,38,58.7,1,3,7,0,0,1,1,0,0,0
130,Rui Patrício,pt POR,GK,Atalanta,it Serie A,37.21369863,1988,2,2,180,2,1,0.5,9,8,88.9,1,1,0,1,50,0,0,0,0,
131,Iñaki Peña,es ESP,GK,Barcelona,es La Liga,26.17260274,1999,15,14,1306,14.5,18,1.24,52,34,69.2,6,3,5,3,21.4,2,2,0,0,0
132,Daniel Peretz,il ISR,GK,Bayern Munich,de Bundesliga,24.81643836,2000,3,3,270,3,5,1.67,7,2,28.6,2,0,1,0,0,0,0,0,0,
133,Simone Perilli,it ITA,GK,Hellas Verona,it Serie A,30.32054795,1995,1,1,90,1,1,1,6,5,83.3,0,0,1,0,0,0,0,0,0,
134,Mattia Perin,it ITA,GK,Juventus,it Serie A,32.47945205,1992,5,5,450,5,3,0.6,16,13,81.3,2,3,0,3,60,0,0,0,0,
135,Lucas Perri,br BRA,GK,Lyon,fr Ligue 1,27.39726027,1997,30,30,2700,30,40,1.33,149,109,75.2,16,6,8,9,30,3,3,0,0,0
136,Đorđe Petrović,rs SRB,GK,Strasbourg,fr Ligue 1,25.56986301,1999,29,29,2610,29,33,1.14,140,108,80,15,8,6,10,34.5,6,5,1,0,16.7
137,Luca Philipp,de GER,GK,Hoffenheim,de Bundesliga,24.43013699,2000,6,6,540,6,15,2.5,35,21,60,1,3,2,0,0,1,1,0,0,0
138,Jordan Pickford,eng ENG,GK,Everton,eng Premier League,31.15890411,1994,35,35,3150,35,43,1.23,149,104,71.1,8,15,12,10,28.6,2,0,2,0,100
139,Semuel Pizzignacco,it ITA,GK,Monza,it Serie A,23.67123288,2001,5,4,384,4.3,7,1.64,18,11,61.1,0,2,2,1,25,0,0,0,0,
140,Nick Pope,eng ENG,GK,Newcastle Utd,eng Premier League,33.04109589,1992,24,24,2160,24,32,1.33,105,74,70.5,12,5,7,7,29.2,2,1,1,0,50
141,Ivan Provedel,it ITA,GK,Lazio,it Serie A,31.13150685,1994,29,29,2610,29,42,1.45,92,52,58.7,15,6,8,5,17.2,4,4,0,0,0
142,Ionuț Radu,ro ROU,GK,Venezia,it Serie A,27.93424658,1997,12,12,1080,12,11,0.92,50,39,82,1,7,4,4,33.3,2,2,0,0,0
143,Hákon Rafn Valdimarsson,is ISL,GK,Brentford,eng Premier League,23.55616438,2001,2,1,145,1.6,2,1.24,4,3,50,0,0,1,1,100,0,0,0,0,
144,Arnau Rafús,es ESP,GK,Valladolid,es La Liga,22.01917808,2003,1,1,90,1,2,2,2,0,0,0,0,1,0,0,0,0,0,0,
145,Aaron Ramsdale,eng ENG,GK,Southampton,eng Premier League,26.97260274,1998,27,27,2430,27,62,2.3,173,109,67.1,2,4,21,2,7.4,7,5,2,0,28.6
146,Federico Ravaglia,it ITA,GK,Bologna,it Serie A,25.47671233,1999,11,10,966,10.7,11,1.02,21,10,52.4,5,2,3,4,40,1,1,0,0,0
147,David Raya,es ESP,GK,Arsenal,eng Premier League,29.63287671,1995,35,35,3150,35,31,0.89,108,77,74.1,18,13,4,12,34.3,3,3,0,0,0
148,Pepe Reina,es ESP,GK,Como,it Serie A,42.6739726,1982,10,10,900,10,12,1.2,35,23,68.6,2,4,4,2,20,1,1,0,0,0
149,Álex Remiro,es ESP,GK,Real Sociedad,es La Liga,30.11232877,1995,32,32,2880,32,36,1.13,115,78,73,12,6,14,12,37.5,6,5,1,0,16.7
150,Guillaume Restes,fr FRA,GK,Toulouse,fr Ligue 1,20.14794521,2005,27,27,2363,26.3,33,1.26,84,53,61.9,8,6,13,8,29.6,2,1,1,0,50
151,Adrian Rodriguez,es ESP,GK,Alavés,es La Liga,24.39178082,2000,2,1,122,1.4,2,1.48,6,4,83.3,0,1,0,1,100,1,1,0,0,0
152,Leo Román,es ESP,GK,Mallorca,es La Liga,24.82739726,2000,6,6,540,6,8,1.33,37,29,81.1,2,1,3,2,33.3,1,1,0,0,0
153,Gerónimo Rulli,ar ARG,GK,Marseille,fr Ligue 1,32.95616438,1992,31,31,2790,31,43,1.39,128,84,68.8,18,4,9,5,16.1,6,3,3,0,50
154,Mathew Ryan,au AUS,GK,Lens,fr Ligue 1,33.07123288,1992,11,11,990,11,15,1.36,48,32,72.9,6,0,5,5,45.5,3,2,1,0,33.3
155,Frederik Rønnow,dk DEN,GK,Union Berlin,de Bundesliga,32.74794521,1992,27,27,2430,27,34,1.26,107,70,69.2,8,11,8,8,29.6,5,1,4,0,80
156,José Sá,pt POR,GK,Wolves,eng Premier League,32.29315068,1993,27,27,2430,27,45,1.67,108,63,62,11,4,12,7,25.9,6,4,2,0,33.3
157,Matvei Safonov,ru RUS,GK,Paris S-G,fr Ligue 1,26.18630137,1999,10,9,879,9.8,9,0.92,25,17,72,7,1,1,3,33.3,2,2,0,0,0
158,Brice Samba,fr FRA,GK,Rennes,fr Ligue 1,31.02465753,1994,15,15,1350,15,23,1.53,71,47,67.6,6,0,9,4,26.7,1,0,1,0,100
159,Brice Samba,fr FRA,GK,Lens,fr Ligue 1,31.02465753,1994,15,15,1350,15,14,0.93,54,40,81.5,6,6,3,7,46.7,4,4,0,0,0
160,Robert Sánchez,es ESP,GK,Chelsea,eng Premier League,27.45753425,1997,28,28,2520,28,31,1.11,116,84,76.7,14,9,5,8,28.6,5,4,1,0,20
161,Kauã Santos,br BRA,GK,Eint Frankfurt,de Bundesliga,22.0630137,2003,9,8,765,8.5,12,1.41,46,35,76.1,5,1,2,3,37.5,1,1,0,0,0
162,Razvan Sava,ro ROU,GK,Udinese,it Serie A,22.86849315,2002,12,12,1080,12,16,1.33,51,37,74.5,5,4,3,4,33.3,3,3,0,0,0
163,Alexander Schwolow,de GER,GK,Union Berlin,de Bundesliga,32.92054795,1992,5,5,450,5,12,2.4,24,12,54.2,1,0,4,0,0,1,1,0,0,0
164,Simone Scuffet,it ITA,GK,Cagliari,it Serie A,28.9260274,1996,13,13,1170,13,23,1.77,56,33,67.9,3,3,7,1,7.7,5,5,0,0,0
165,Simone Scuffet,it ITA,GK,Napoli,it Serie A,28.9260274,1996,1,1,90,1,1,1,4,3,75,0,1,0,0,0,0,0,0,0,
166,Jacopo Seghetti,it ITA,GK,Empoli,it Serie A,20.20821918,2005,1,1,90,1,3,3,6,3,50,0,0,1,0,0,0,0,0,0,
167,Matz Sels,be BEL,GK,Nott'ham Forest,eng Premier League,33.18356164,1992,34,34,3060,34,41,1.21,149,108,73.8,18,6,10,13,38.2,2,2,0,0,0
168,Alen Sherri,al ALB,GK,Cagliari,it Serie A,27.38356164,1997,6,6,540,6,9,1.5,25,16,64,1,2,3,1,16.7,0,0,0,0,
169,Rui Silva,pt POR,GK,Betis,es La Liga,31.23561644,1994,15,15,1350,15,18,1.2,54,37,72.2,5,5,5,4,26.7,3,3,0,0,0
170,Marco Silvestri,it ITA,GK,Empoli,it Serie A,34.17260274,1991,5,5,450,5,11,2.2,27,17,59.3,0,1,4,0,0,0,0,0,0,
171,Unai Simón,es ESP,GK,Athletic Club,es La Liga,27.89589041,1997,16,16,1440,16,11,0.69,51,39,78.4,7,7,2,6,37.5,1,0,1,0,100
172,Tobias Sippel,de GER,GK,Gladbach,de Bundesliga,37.11780822,1988,1,0,59,0.7,3,4.58,4,1,25,0,0,0,0,,0,0,0,0,
173,Antonio Sivera,es ESP,GK,Alavés,es La Liga,28.72876712,1996,28,28,2450,27.2,37,1.36,100,64,72,7,9,12,6,21.4,9,9,0,0,0
174,Łukasz Skorupski,pl POL,GK,Bologna,it Serie A,33.99726027,1991,24,24,2094,23.3,26,1.12,70,45,64.3,11,11,2,8,33.3,2,1,1,0,50
175,Yann Sommer,ch SUI,GK,Inter,it Serie A,36.37808219,1988,31,31,2790,31,30,0.97,108,78,74.1,19,7,5,12,38.7,3,2,1,0,33.3
176,David Soria,es ESP,GK,Getafe,es La Liga,32.08219178,1993,34,34,3060,34,31,0.91,109,77,77.1,10,9,15,9,26.5,7,6,1,0,14.3
177,Juan Soriano,es ESP,GK,Leganés,es La Liga,27.69589041,1997,6,6,540,6,7,1.17,25,19,72,1,2,3,1,16.7,0,0,0,0,
178,Marco Sportiello,it ITA,GK,Milan,it Serie A,32.98356164,1992,2,1,126,1.4,2,1.43,6,4,66.7,1,0,0,1,100,0,0,0,0,
179,Filip Stankovic,rs SRB,GK,Venezia,it Serie A,23.18630137,2002,16,16,1367,15.2,23,1.51,83,60,77.1,2,6,8,0,0,5,4,1,0,20
180,Jason Steele,eng ENG,GK,Brighton,eng Premier League,34.70958904,1990,2,2,180,2,1,0.5,4,3,75,2,0,0,1,50,0,0,0,0,
181,Jakub Stolarczyk,pl POL,GK,Leicester City,eng Premier League,24.37260274,2000,7,7,630,7,12,1.71,31,19,61.3,2,0,5,1,14.3,0,0,0,0,
182,Zion Suzuki,jp JPN,GK,Parma,it Serie A,22.70136986,2002,33,33,2970,33.8,49,1.48,140,93,68.6,6,14,14,6,18.2,5,5,0,0,0
183,Mile Svilar,rs SRB,GK,Roma,it Serie A,25.68493151,1999,34,34,3060,34,32,0.94,136,105,79.4,17,9,8,14,41.2,4,4,0,0,0
184,Wojciech Szczęsny,pl POL,GK,Barcelona,es La Liga,35.04383562,1990,13,13,1170,13,9,0.69,27,18,66.7,12,1,0,7,53.8,0,0,0,0,
185,Marc-André ter Stegen,de GER,GK,Barcelona,es La Liga,33.0109589,1992,7,7,584,6.5,6,0.92,19,13,73.7,7,0,0,1,14.3,1,1,0,0,0
186,Pietro Terracciano,it ITA,GK,Fiorentina,it Serie A,35.15616438,1990,3,3,270,3,3,1,13,10,76.9,0,3,0,1,33.3,0,0,0,0,
187,Kevin Trapp,de GER,GK,Eint Frankfurt,de Bundesliga,34.82191781,1990,23,23,2025,22.5,30,1.33,111,80,73,11,6,6,6,26.1,2,0,2,0,100
188,Mark Travers,ie IRL,GK,Bournemouth,eng Premier League,25.96164384,1999,5,5,450,5,5,1,25,20,80,2,2,1,1,20,0,0,0,0,
189,Stefano Turati,it ITA,GK,Monza,it Serie A,23.66027397,2001,30,30,2676,29.7,52,1.75,145,93,65.5,2,7,21,2,6.7,4,2,2,0,50
190,Sven Ulreich,de GER,GK,Bayern Munich,de Bundesliga,36.75068493,1988,1,1,90,1,0,0,0,0,,1,0,0,1,100,0,0,0,0,
191,Jonas Urbig,de GER,GK,Bayern Munich,de Bundesliga,21.7369863,2003,8,8,720,8,12,1.5,28,16,57.1,4,3,1,2,25,0,0,0,0,
192,Maarten Vandevoordt,be BEL,GK,RB Leipzig,de Bundesliga,23.18356164,2002,6,4,429,4.8,9,1.89,21,12,57.1,1,1,2,0,0,0,0,0,0,
193,Nikola Vasilj,ba BIH,GK,St. Pauli,de Bundesliga,29.41917808,1995,32,32,2879,32,37,1.16,129,89,72.1,8,7,17,9,28.1,5,1,4,0,80
194,Devis Vásquez,co COL,GK,Empoli,it Serie A,26.97808219,1998,28,28,2520,28,40,1.43,115,74,66.1,4,12,12,6,21.4,3,1,1,1,50
195,Bart Verbruggen,nl NED,GK,Brighton,eng Premier League,22.70958904,2002,32,32,2880,32,54,1.69,128,76,63.3,11,12,9,6,18.8,7,7,0,0,0
196,Guglielmo Vicario,it ITA,GK,Tottenham,eng Premier League,28.57260274,1996,22,22,1980,22,32,1.45,92,62,65.2,9,2,11,4,18.2,0,0,0,0,
197,Fran Vieites,es ESP,GK,Betis,es La Liga,25.99178082,1999,4,4,360,4,5,1.25,11,6,54.5,1,2,1,0,0,0,0,0,0,
198,Iván Villar,es ESP,GK,Celta Vigo,es La Liga,27.81917808,1997,4,4,360,4,9,2.25,18,10,50,2,0,2,0,0,1,0,1,0,100
199,Christian Walton,eng ENG,GK,Ipswich Town,eng Premier League,29.48219178,1995,6,6,540,6,16,2.67,33,17,57.6,1,1,4,1,16.7,2,2,0,0,0
200,Danny Ward,wls WAL,GK,Leicester City,eng Premier League,31.86575342,1993,2,1,135,1.5,6,4,10,4,40,0,0,1,0,0,0,0,0,0,
201,Timon Weiner,de GER,GK,Holstein Kiel,de Bundesliga,26.29041096,1999,25,25,2250,25,61,2.44,140,81,59.3,4,5,16,2,8,4,4,0,0,0
202,Robin Zentner,de GER,GK,Mainz 05,de Bundesliga,30.51506849,1994,31,31,2790,31,39,1.26,138,98,73.9,13,8,10,9,29,4,3,1,0,25
203,Michael Zetterer,de GER,GK,Werder Bremen,de Bundesliga,29.8109589,1995,32,32,2880,32,56,1.75,144,91,63.2,13,8,11,9,28.1,3,3,0,0,0
1,Lucas Acosta,ar ARG,GK,Sarmiento,,30.14794521,1995,16,16,1440,16,19,1.19,83,66,78.3,2,9,5,4,25,2,1,0,1,0
2,Alan Aguerre,ar ARG,GK,Cen. Córdoba–SdE,,34.69863014,1990,14,14,1260,14,19,1.36,47,29,63.8,5,3,6,5,35.7,2,2,0,0,0
3,Ignacio Arce,ar ARG,GK,Deportivo Riestra,,33.0739726,1992,16,16,1440,16,7,0.44,53,48,90.6,5,9,2,12,75,2,2,0,0,0
4,Gabriel Arias,cl CHI,GK,Racing Club,,37.64109589,1987,12,12,1016,11.3,9,0.8,40,30,77.5,8,1,3,5,41.7,1,0,1,0,100
5,Franco Armani,ar ARG,GK,River Plate,,38.55068493,1986,16,16,1440,16,9,0.56,51,42,82.4,8,7,1,9,56.3,0,0,0,0,
6,Williams Barlasina,ar ARG,GK,Aldosivi,,26.84931507,1998,4,4,360,4,8,2,16,8,50,0,2,2,0,0,0,0,0,0,
7,Enrique Bologna,ar ARG,GK,Defensa y Just,,43.22191781,1982,16,16,1440,16,22,1.37,76,54,72.4,5,4,7,5,31.3,1,1,0,0,0
8,Matías Borgogno,ar ARG,GK,San Martín de San Juan,,26.70410959,1998,16,16,1440,16,18,1.13,61,43,72.1,2,3,11,3,18.8,1,1,0,0,0
9,Leandro Brey,ar ARG,GK,Boca Juniors,,22.61917808,2002,2,2,180,2,1,0.5,4,3,75,0,2,0,1,50,0,0,0,0,
10,Jorge Broun,ar ARG,GK,Rosario Central,,38.94246575,1986,14,14,1260,14,8,0.57,45,38,82.2,9,4,1,7,50,0,0,0,0,
11,Javier Burrai,ec ECU,GK,Talleres,,34.56986301,1990,2,1,135,1.5,1,0.67,4,3,75,1,0,0,1,100,0,0,0,0,
12,Facundo Cambeses,ar ARG,GK,Racing Club,,28.07123288,1997,5,4,421,4.7,7,1.5,28,21,75,1,0,3,1,25,0,0,0,0,
13,Thiago Cardozo,uy URU,GK,Unión,,28.76164384,1996,14,14,1256,14,16,1.15,51,35,72.5,2,5,7,3,21.4,2,2,0,0,0
14,Jorge Carranza,ar ARG,GK,Aldosivi,,43.99452055,1981,12,12,1080,12,20,1.67,55,35,69.1,4,1,7,2,16.7,3,3,0,0,0
15,Ezequiel Centurión,ar ARG,GK,Ind. Rivadavia,,27.95890411,1997,16,16,1440,16,17,1.06,65,48,78.5,7,6,3,6,37.5,4,3,1,0,25
16,Juan Cozzani,ar ARG,GK,Platense,,26.56986301,1998,16,16,1440,16,11,0.69,57,48,84.2,6,5,5,6,37.5,2,2,0,0,0
17,Tomás Durso,ar ARG,GK,Atlé Tucumán,,26.18630137,1999,11,11,990,11,17,1.55,46,29,65.2,2,1,8,2,18.2,3,1,1,1,50
18,Juan Espínola,py PAR,GK,Belgrano,,30.50410959,1994,11,11,990,11,18,1.64,41,23,58.5,2,5,4,3,27.3,1,1,0,0,0
19,Hernán Galíndez,ec ECU,GK,Huracán,,38.09863014,1987,16,16,1440,16,12,0.75,44,32,77.3,7,6,3,8,50,3,2,1,0,33.3
20,Orlando Gil,py PAR,GK,San Lorenzo,,24.89863014,2000,16,16,1440,16,10,0.62,50,41,80,7,6,3,9,56.3,0,0,0,0,
21,Juan González,uy URU,GK,Atlé Tucumán,,31.81917808,1993,5,5,450,5,4,0.8,18,14,83.3,3,0,2,2,40,1,1,0,0,0
22,Guido Herrera,ar ARG,GK,Talleres,,33.17808219,1992,15,15,1305,14.5,14,0.97,44,31,70.5,1,7,7,5,33.3,1,1,0,0,0
23,Marcos Ignacio Ledesma,ar ARG,GK,Barracas Central,,28.63561644,1996,16,16,1440,16,18,1.13,65,49,72.3,7,5,4,5,31.3,0,0,0,0,
24,Luis Ingolotti,ar ARG,GK,Gimnasia–LP,,25.30410959,2000,3,3,270,3,7,2.33,14,7,64.3,0,0,3,0,0,2,2,0,0,0
25,Nelson Insfrán,ar ARG,GK,Gimnasia–LP,,29.94794521,1995,13,13,1170,13,11,0.85,48,35,79.2,4,4,5,6,46.2,3,1,2,0,66.7
26,Nahuel Losada,ar ARG,GK,Lanús,,32.04931507,1993,15,15,1350,15,10,0.67,53,42,83,4,7,4,7,46.7,3,1,1,1,50
27,Matías Mansilla,ar ARG,GK,Estudiantes–LP,,29.21643836,1996,16,16,1440,16,19,1.19,52,32,65.4,5,6,5,5,31.3,2,1,1,0,50
28,Agustín Marchesín,ar ARG,GK,Boca Juniors,,37.1369863,1988,14,14,1260,14,10,0.71,44,34,77.3,10,1,3,7,50,0,0,0,0,
29,Tomás Marchiori,ar ARG,GK,Vélez Sarsfield,,29.8739726,1995,15,15,1350,15,18,1.2,49,32,63.3,4,2,9,5,33.3,1,0,0,1,
30,Diego Matías Rodríguez,ar ARG,GK,Arg Juniors,,35.86027397,1989,16,16,1440,16,9,0.56,44,36,79.5,9,6,1,9,56.3,0,0,0,0,
31,Lautaro Morales,ar ARG,GK,Lanús,,25.38356164,1999,1,1,90,1,1,1,2,1,50,0,1,0,0,0,0,0,0,0,
32,Keylor Navas,cr CRC,GK,Newell's OB,,38.38630137,1986,14,14,1260,14,11,0.79,64,54,82.8,5,4,5,6,42.9,1,0,0,1,
33,Franco Petroli,ar ARG,GK,Godoy Cruz,,26.89863014,1998,16,16,1440,16,18,1.13,63,45,71.4,3,8,5,7,43.8,1,0,1,0,100
34,Josue Reinatti,ar ARG,GK,Newell's OB,,21.92328767,2003,2,2,180,2,4,2,14,10,78.6,0,0,2,0,0,1,1,0,0,0
35,Rodrigo Rey,ar ARG,GK,Independiente,,34.15890411,1991,16,16,1440,16,12,0.75,45,36,80,8,5,3,7,43.8,3,3,0,0,0
36,Randall Rodríguez,uy URU,GK,Vélez Sarsfield,,21.43013699,2003,1,1,90,1,4,4,8,4,62.5,0,0,1,0,0,1,1,0,0,0
37,Manuel Roffo,ar ARG,GK,Instituto,,25.08493151,2000,16,16,1440,16,20,1.25,59,39,69.5,5,3,8,5,31.3,2,2,0,0,0
38,Facundo Sanguinetti,ar ARG,GK,Banfield,,24.17808219,2001,16,16,1440,16,19,1.19,68,47,76.5,3,5,8,4,25,5,3,2,0,40
39,Matías Tagliamonte,ar ARG,GK,Unión,,27.20547945,1998,2,2,180,2,1,0.5,8,6,87.5,1,0,1,1,50,1,0,1,0,100
40,Manuel Vicentini,ar ARG,GK,Belgrano,,35.04383562,1990,5,5,450,5,5,1,18,12,72.2,1,3,1,2,40,1,0,1,0,100
41,Axel Werner,ar ARG,GK,Rosario Central,,29.18082192,1996,2,2,180,2,0,0,3,3,100,1,1,0,2,100,0,0,0,0,
42,Felipe Zenobio,ar ARG,GK,Tigre,,24.95342466,2000,16,16,1440,16,12,0.75,51,39,80.4,8,3,5,7,43.8,3,2,0,1,0
43,Juan Zozaya,ar ARG,GK,Cen. Córdoba–SdE,,23.89863014,2001,2,2,180,2,3,1.5,8,5,62.5,0,0,2,0,0,0,0,0,0,
1,Anthoni,br BRA,GK,Internacional,,23.27945205,2002,7,6,585,6.5,8,1.23,21,14,66.7,2,2,2,2,33.3,1,1,0,0,0
2,Lucas Arcanjo,br BRA,GK,Vitória,,26.73972603,1998,6,6,540,6,8,1.33,42,34,81,1,3,2,0,0,0,0,0,0,
3,Gabriel Brazão,br BRA,GK,Santos,,24.58082192,2000,7,7,630,7,10,1.43,28,18,64.3,1,1,5,1,14.3,0,0,0,0,
4,Cássio,br BRA,GK,Cruzeiro,,37.91232877,1987,7,7,630,7,7,1,34,26,79.4,4,1,2,2,28.6,1,0,1,0,100
5,Matheus Donelli,br BRA,GK,Corinthians,,22.96712329,2002,5,5,450,5,6,1.2,19,13,73.7,2,1,2,1,20,1,1,0,0,0
6,Éverson,br BRA,GK,Atlético Mineiro,,34.78630137,1990,6,6,540,6,8,1.33,26,18,69.2,1,3,2,2,33.3,0,0,0,0,
7,Fábio,br BRA,GK,Fluminense,,44.59452055,1980,7,7,630,7,7,1,26,19,73.1,4,1,2,2,28.6,0,0,0,0,
8,Marcos Felipe,br BRA,GK,Bahia,,29.06027397,1996,4,3,342,3.8,3,0.79,13,10,76.9,3,0,0,3,100,0,0,0,0,
9,Bruno Ferreira,br BRA,GK,Ceará,,31.1369863,1994,4,4,333,3.7,4,1.08,13,9,69.2,2,1,1,1,25,0,0,0,0,
10,Caíque França,br BRA,GK,Sport Recife,,29.92054795,1995,7,7,630,7,10,1.43,33,23,75.8,0,2,5,2,28.6,3,2,0,1,0
11,Gabriel,br BRA,GK,Vitória,,32.60273973,1992,1,1,90,1,2,2,4,2,50,0,0,1,0,0,0,0,0,0,
12,Gustavo,br BRA,GK,Juventude,,32.15342466,1993,4,4,360,4,12,3,23,10,52.2,1,1,2,0,0,2,1,1,0,50
13,Léo Jardim,br BRA,GK,Vasco da Gama,,30.1260274,1995,7,7,630,7,9,1.29,22,15,59.1,2,1,4,1,14.3,0,0,0,0,
14,John,br BRA,GK,Botafogo (RJ),,29.22191781,1996,7,7,630,7,5,0.71,22,17,77.3,2,2,3,3,42.9,0,0,0,0,
15,Lucão,br BRA,GK,RB Bragantino,,24.18630137,2001,1,1,90,1,0,0,3,3,100,1,0,0,1,100,0,0,0,0,
16,Marcão,br BRA,GK,Juventude,,33.16438356,1992,2,2,180,2,2,1,11,9,81.8,1,0,1,1,50,0,0,0,0,
17,Fernando Miguel,br BRA,GK,Ceará,,40.25205479,1985,4,3,297,3.3,3,0.91,14,11,85.7,1,1,1,1,33.3,1,1,0,0,0
18,Alex Muralha,br BRA,GK,Mirassol,,35.48219178,1989,6,6,540,6,9,1.5,25,16,68,1,4,1,0,0,1,1,0,0,0
19,Rafael Pires,br BRA,GK,São Paulo,,35.86575342,1989,7,7,630,7,5,0.71,23,18,82.6,1,6,0,3,42.9,1,1,0,0,0
20,João Ricardo Riedi,br BRA,GK,Fortaleza,,36.66027397,1988,7,7,630,7,5,0.71,30,24,83.3,1,4,2,4,57.1,1,0,1,0,100
21,Sergio Rochet,uy URU,GK,Internacional,,32.11780822,1993,1,1,45,0.5,,,2,2,,,1,,,,,,,,
22,Ronaldo,br BRA,GK,Bahia,,28.70136986,1996,4,4,288,3.2,4,1.25,14,9,71.4,0,3,1,0,0,1,0,1,0,100
23,Agustín Rossi,ar ARG,GK,Flamengo,,29.70410959,1995,7,7,630,7,4,0.57,21,16,81,4,2,1,4,57.1,1,0,1,0,100
24,Cleiton Schwengber,br BRA,GK,RB Bragantino,,27.70958904,1997,5,5,450,5,5,1,21,16,76.2,3,1,1,2,40,0,0,0,0,
25,Hugo Souza,br BRA,GK,Corinthians,,26.25753425,1999,2,2,180,2,6,3,10,4,50,1,0,1,0,0,1,1,0,0,0
26,Tiago Volpi,br BRA,GK,Grêmio,,34.37534247,1990,7,7,630,7,11,1.57,32,21,75,2,2,3,1,14.3,3,3,0,0,0
27,Wéverton,br BRA,GK,Palmeiras,,37.39178082,1987,7,7,630,7,3,0.43,23,19,87,5,1,1,4,57.1,1,0,1,0,100
1,Carlos Acevedo,mx MEX,GK,Santos,,29.04383562,1996,33,33,2970,33,65,1.97,187,125,66.3,4,5,24,3,9.1,3,2,1,0,33.3
2,Gil Alcalá,mx MEX,GK,UNAM,,32.76712329,1992,4,4,360,4,2,0.5,7,5,71.4,2,1,1,3,75,0,0,0,0,
3,Guillermo Allison,mx MEX,GK,Querétaro,,34.60821918,1990,25,25,2250,25,42,1.68,131,87,71.8,6,4,15,5,20,7,5,2,0,28.6
4,Esteban Andrada,ar ARG,GK,Monterrey,,34.27123288,1991,24,24,2160,24,29,1.21,98,69,74.5,11,7,6,8,33.3,4,4,0,0,0
5,Luis Ángel Malagón,mx MEX,GK,América,,28.17534247,1997,29,29,2565,28.5,27,0.95,97,70,74.2,17,5,7,10,34.5,2,2,0,0,0
6,José Antonio Rodríguez,mx MEX,GK,Tijuana,,32.83561644,1992,21,21,1880,20.9,36,1.72,113,79,70.8,10,4,7,3,14.3,3,3,0,0,0
7,Alfonso Blanco Antúnez,mx MEX,GK,León,,37.76164384,1987,26,26,2340,26,33,1.27,129,98,76.7,9,9,8,7,26.9,4,3,0,1,0
8,Luis Cárdenas,mx MEX,GK,Monterrey,,31.63561644,1993,10,10,900,10,13,1.3,41,28,70.7,6,1,3,1,10,1,1,0,0,0
9,José Corona,mx MEX,GK,Tijuana,,44.27123288,1981,11,10,910,10.1,18,1.78,53,34,69.8,3,2,5,1,10,3,2,1,0,33.3
10,Rodolfo Cota,mx MEX,GK,América,,37.83835616,1987,6,5,495,5.5,4,0.73,17,13,76.5,1,2,2,3,60,0,0,0,0,
11,Arturo Delgado,mx MEX,GK,FC Juárez,,23.20821918,2002,2,2,180,2,1,0.5,11,10,90.9,1,1,0,1,50,0,0,0,0,
12,Benny Díaz,mx MEX,GK,FC Juárez,,26.38630137,1998,11,11,990,11,26,2.36,63,37,66.7,4,0,7,2,18.2,5,5,0,0,0
13,José Eulogio,mx MEX,GK,Pachuca,,21.22739726,2004,2,2,180,2,4,2,8,4,50,0,0,2,0,0,0,0,0,0,
14,Carlos Felipe Rodríguez,mx MEX,GK,UANL,,36.08767123,1989,3,3,270,3,1,0.33,10,9,90,2,1,0,2,66.7,0,0,0,0,
15,Eduardo García,mx MEX,GK,Guadalajara,,22.81643836,2002,2,2,180,2,3,1.5,9,6,66.7,1,0,1,1,50,0,0,0,0,
16,Hugo González Durán,mx MEX,GK,Mazatlán,,34.75890411,1990,34,34,3015,33.5,45,1.34,148,104,73.6,6,13,15,9,26.5,8,6,0,2,0
17,Andrés Gudiño,mx MEX,GK,Cruz Azul,,28.26849315,1997,1,1,90,1,1,1,3,2,66.7,1,0,0,0,0,0,0,0,0,
18,Ricardo Gutiérrez,mx MEX,GK,Mazatlán,,27.88219178,1997,1,0,45,0.5,0,0,5,5,100,0,0,0,0,,0,0,0,0,
19,Nahuel Guzmán,ar ARG,GK,UANL,,39.23013699,1986,28,28,2519,28,26,0.93,104,78,78.8,16,5,7,9,32.1,5,4,0,1,0
20,Jorge Hernández,mx MEX,GK,Querétaro,,26.40821918,1998,9,9,810,9,13,1.44,41,28,70.7,3,1,5,2,22.2,2,1,0,1,0
21,Héctor Holguín,mx MEX,GK,Santos,,24.03013699,2001,1,1,90,1,1,1,5,4,100,0,0,1,0,0,1,1,0,0,0
22,Oscar Jiménez,mx MEX,GK,León,,36.56164384,1988,8,8,720,8,11,1.37,41,30,73.2,3,3,2,1,12.5,0,0,0,0,
23,Miguel Jiménez Ponce,mx MEX,GK,Puebla,,35.14246575,1990,24,24,2160,24,40,1.67,117,75,68.4,5,3,16,4,16.7,6,3,3,0,50
24,Julio José González,mx MEX,GK,UNAM,,34.03287671,1991,13,13,1170,13,11,0.85,44,34,79.5,7,3,3,6,46.2,2,2,0,0,0
25,Julio José González,mx MEX,GK,Puebla,,34.03287671,1991,6,6,540,6,8,1.33,30,22,76.7,0,1,5,1,16.7,1,1,0,0,0
26,Sebastián Jurado,mx MEX,GK,FC Juárez,,27.6,1997,21,21,1890,21,30,1.43,87,58,67.8,6,7,8,5,23.8,2,2,0,0,0
27,Pablo Lara,mx MEX,GK,UNAM,,19.84931507,2005,7,7,630,7,9,1.29,32,24,71.9,3,2,2,2,28.6,0,0,0,0,
28,Cesar López,mx MEX,GK,Atlético,,24.90136986,2000,5,4,436,4.8,7,1.44,22,15,68.2,3,0,1,2,50,0,0,0,0,
29,Pau López,es ESP,GK,Toluca,,30.39178082,1994,10,10,900,10,13,1.3,37,25,64.9,7,2,1,4,40,0,0,0,0,
30,Luis Manuel García,mx MEX,GK,Toluca,,32.34246575,1992,5,5,450,5,6,1.2,15,9,60,3,1,1,1,20,0,0,0,0,
31,Kevin Mier,co COL,GK,Cruz Azul,,24.96438356,2000,33,33,2970,33,27,0.82,88,61,72.7,21,9,3,14,42.4,4,3,1,0,25
32,Carlos Moreno,mx MEX,GK,Pachuca,,27.2630137,1998,32,32,2880,32,48,1.5,142,93,69,11,8,13,6,18.8,5,4,1,0,20
33,Miguel Ortega,mx MEX,GK,Tijuana,,30.06027397,1995,3,3,270,3,6,2,13,7,61.5,1,0,2,0,0,1,1,0,0,0
34,Alex Padilla,es ESP,GK,UNAM,,21.6739726,2003,10,10,900,10,17,1.7,39,22,59,3,1,6,2,20,1,1,0,0,0
35,José Rangel Aguilar,mx MEX,GK,Guadalajara,,25.1890411,2000,32,32,2879,32,32,1,121,87,74.4,11,10,11,11,34.4,3,1,2,0,66.7
36,Jesús Rodríguez,mx MEX,GK,Puebla,,31.95616438,1993,4,4,360,4,8,2,20,12,60,1,1,2,1,25,0,0,0,0,
37,Andrés Sánchez,mx MEX,GK,Atlético,,27.58630137,1997,30,30,2624,29.2,45,1.54,132,86,66.7,12,3,15,3,10,2,1,1,0,50
38,José Santiago Hernández,mx MEX,GK,Atlas,,28.0109589,1997,3,3,270,3,3,1,6,3,66.7,1,2,0,1,33.3,1,1,0,0,0
39,Fernando Tapia,mx MEX,GK,UANL,,23.88219178,2001,3,3,270,3,2,0.67,17,15,88.2,2,1,0,1,33.3,0,0,0,0,
40,Ezequiel Unsain,ar ARG,GK,Necaxa,,30.15616438,1995,34,34,3060,34,55,1.62,165,110,69.7,13,7,14,9,26.5,5,5,0,0,0
41,Camilo Vargas,co COL,GK,Atlas,,36.15616438,1989,31,31,2790,31,52,1.68,151,99,67.5,8,11,12,7,22.6,4,3,1,0,25
42,Tiago Volpi,br BRA,GK,Toluca,,34.37534247,1990,19,19,1710,19,19,1,87,68,79.3,11,6,2,6,31.6,1,1,0,0,0
1,Andrew,br BRA,GK,Gil Vicente FC,,23.84383562,2001,32,32,2880,32,45,1.41,121,77,67.8,8,8,16,7,21.9,7,6,0,1,0
2,Gabriel Batista,br BRA,GK,Santa Clara,,26.92054795,1998,32,32,2880,32,30,0.94,108,77,75,15,6,11,11,34.4,5,3,1,1,25
3,Ricardo Batista,pt POR,GK,Casa Pia,,38.45753425,1986,1,1,90,1,1,1,2,1,100,0,0,1,0,0,1,1,0,0,0
4,Simão Bertelli,br BRA,GK,AVS Futebol,,31.92328767,1993,11,11,990,11,15,1.36,57,41,77.2,1,6,4,2,18.2,3,2,1,0,33.3
5,Bruno Brigido,br BRA,GK,Estrela,,34.15616438,1991,18,18,1575,17.5,30,1.71,83,54,66.3,4,4,10,1,5.6,2,2,0,0,0
6,Lazar Carević,me MNE,GK,Famalicão,,26.1369863,1999,18,18,1620,18,21,1.17,73,52,75.3,7,4,7,7,38.9,4,3,1,0,25
7,César,br BRA,GK,Boavista,,33.26849315,1992,16,16,1440,16,30,1.87,79,51,65.8,1,4,11,2,12.5,3,3,0,0,0
8,Kevin Chamorro,cr CRC,GK,Estoril,,25.0739726,2000,3,3,270,3,3,1,9,6,77.8,1,1,1,1,33.3,1,1,0,0,0
9,Diogo Costa,pt POR,GK,Porto,,25.62465753,1999,30,30,2700,30,26,0.87,76,50,71.1,19,5,6,15,50,5,4,1,0,20
10,João Paulo Santos Costa,pt POR,GK,Estrela,,29.25205479,1996,11,11,990,11,10,0.91,40,29,80,3,3,5,4,36.4,3,2,1,0,33.3
11,Rui Encarnação,pt POR,GK,Nacional,,27.08219178,1998,1,0,45,0.5,1,2,3,2,100,0,0,0,0,,1,1,0,0,0
12,Daniel Figueira,pt POR,GK,Estoril,,26.79178082,1998,1,1,90,1,4,4,7,3,57.1,0,0,1,0,0,1,1,0,0,0
13,Lucas França,br BRA,GK,Nacional,,29.29041096,1996,32,32,2835,31.5,43,1.37,142,99,74.6,9,6,17,8,25,9,7,0,2,0
14,João Gonçalves,pt POR,GK,Boavista,,24.49589041,2000,4,4,360,4,2,0.5,8,6,75,1,1,2,2,50,0,0,0,0,
15,Marko Gudžulić,rs SRB,GK,Estrela,,22.83287671,2002,2,2,180,2,3,1.5,9,6,66.7,0,1,1,1,50,1,0,1,0,100
16,Lukáš Horníček,cz CZE,GK,Braga,,22.8109589,2002,15,15,1350,15,8,0.53,53,45,86.8,10,4,1,8,53.3,1,1,0,0,0
17,Franco Israel,uy URU,GK,Sporting CP,,25.03561644,2000,11,11,990,11,9,0.82,25,16,64,9,2,0,7,63.6,0,0,0,0,
18,Jhonatan,br BRA,GK,Rio Ave,,33.99178082,1991,8,8,720,8,13,1.62,43,30,69.8,2,2,4,2,25,0,0,0,0,
19,Luiz Lúcio Reis Júnior,br BRA,GK,Famalicão,,24.30410959,2001,1,1,90,1,0,0,2,2,100,1,0,0,1,100,0,0,0,0,
20,Kaique,br BRA,GK,Farense,,22.05205479,2003,4,4,360,4,3,0.75,12,8,75,2,0,2,1,25,1,0,1,0,100
21,Kewin,br BRA,GK,Moreirense,,29.5260274,1995,29,29,2610,29,42,1.45,114,72,65.8,9,7,13,6,20.7,3,3,0,0,0
22,Vladen Kovačević,ba BIH,GK,Sporting CP,,27.06575342,1998,6,6,540,6,5,0.83,16,11,68.8,4,0,2,2,33.3,0,0,0,0,
23,Nico Mantl,de GER,GK,Arouca,,25.24109589,2000,29,29,2610,29,43,1.48,120,79,70.8,8,8,13,7,24.1,8,8,0,0,0
24,Matheus,br BRA,GK,Braga,,32.79452055,1992,17,17,1530,17,19,1.12,65,47,73.8,9,4,4,7,41.2,2,2,0,0,0
25,Francisco Meixedo,pt POR,GK,Estrela,,23.96164384,2001,1,0,45,0.5,0,0,3,3,100,0,0,0,1,,0,0,0,0,
26,Cezary Miszta,pl POL,GK,Rio Ave,,23.51232877,2001,23,23,2070,23,38,1.65,116,82,69.8,6,7,10,2,8.7,3,3,0,0,0
27,Guillermo Ochoa,mx MEX,GK,AVS Futebol,,39.8109589,1985,20,20,1800,20,40,2,102,63,61.8,3,6,11,5,25,1,1,0,0,0
28,Cláudio Ramos,pt POR,GK,Porto,,33.46575342,1991,2,2,180,2,3,1.5,8,5,75,1,0,1,0,0,1,1,0,0,0
29,Joel Robles,es ESP,GK,Estoril,,34.88219178,1990,28,28,2520,28,44,1.57,127,82,69.3,10,8,10,5,17.9,6,5,1,0,16.7
30,Caio Secco,br BRA,GK,Moreirense,,34.36712329,1990,3,3,270,3,6,2,15,9,73.3,0,2,1,0,0,2,2,0,0,0
31,Patrick Sequeira,cr CRC,GK,Casa Pia,,26.17808219,1999,31,31,2790,31,40,1.29,152,113,77.6,11,9,11,7,22.6,7,6,0,1,0
32,Rui Silva,pt POR,GK,Sporting CP,,31.23835616,1994,15,15,1350,15,12,0.8,31,21,74.2,11,4,0,5,33.3,4,4,0,0,0
33,Samuel Soares,pt POR,GK,Benfica,,22.88767123,2002,2,2,180,2,0,0,5,4,100,2,0,0,2,100,1,0,1,0,100
34,Tomé,pt POR,GK,Boavista,,18.38356164,2006,2,2,180,2,5,2.5,10,5,50,0,1,1,0,0,0,0,0,0,
35,Anatolii Trubin,ua UKR,GK,Benfica,,23.75890411,2001,30,30,2700,30,26,0.87,90,63,72.2,23,3,4,13,43.3,2,1,1,0,50
36,Tomáš Vaclík,cz CZE,GK,Boavista,,36.10136986,1989,9,9,810,9,15,1.67,57,43,78.9,3,0,6,3,33.3,3,3,0,0,0
37,João Valido,pt POR,GK,Arouca,,25.17260274,2000,3,3,270,3,4,1.33,10,6,70,0,2,1,1,33.3,1,1,0,0,0
38,Bruno Varela,cv CPV,GK,Vitória,,30.49863014,1994,32,32,2880,32,33,1.03,91,58,69.2,14,12,6,13,40.6,6,5,0,1,0
39,Ricardo Velho,pt POR,GK,Farense,,26.70684932,1998,28,28,2520,28,40,1.43,126,88,73,3,9,16,6,21.4,7,6,0,1,0
40,Ivan Zlobin,ru RUS,GK,Famalicão,,28.16164384,1997,13,13,1170,13,15,1.15,57,42,75.4,3,7,3,5,38.5,1,1,0,0,0
1,Jak Alnwick,eng ENG,GK,Cardiff City,,31.87945205,1993,29,29,2610,29,45,1.55,126,81,66.7,7,11,11,5,17.2,4,3,1,0,25
2,Jordan Archer,sct SCO,GK,Portsmouth,,32.06027397,1993,2,1,150,1.7,2,1.2,11,9,81.8,0,0,1,0,0,0,0,0,0,
3,Daniel Bachmann,at AUT,GK,Watford,,30.81917808,1994,22,22,1902,21.1,28,1.32,87,59,67.8,9,4,9,5,22.7,1,0,1,0,100
4,James Beadle,eng ENG,GK,Sheffield Weds,,20.8,2004,38,38,3420,38,59,1.55,140,80,60.7,14,9,15,9,23.7,5,4,1,0,20
5,Jonathan Bond,eng ENG,GK,Watford,,31.95890411,1993,9,8,798,8.9,14,1.58,43,29,67.4,3,1,4,1,12.5,0,0,0,0,
6,Solomon Brynn,eng ENG,GK,Middlesbrough,,24.50958904,2000,6,6,509,5.7,9,1.59,25,16,64,3,2,1,1,16.7,0,0,0,0,
7,Pierce Charles,nir NIR,GK,Sheffield Weds,,19.78630137,2005,8,8,720,8,10,1.25,30,19,66.7,1,4,3,0,0,1,0,1,0,100
8,Bradley Collins,eng ENG,GK,Coventry City,,28.20547945,1997,15,14,1313,14.6,23,1.58,53,30,56.6,4,4,6,3,21.4,0,0,0,0,
9,Michael Cooper,eng ENG,GK,Sheffield Utd,,25.56986301,1999,43,43,3870,43,33,0.77,142,109,79.6,27,6,10,21,48.8,5,4,1,0,20
10,David Cornell,wls WAL,GK,Preston,,34.10136986,1991,10,9,811,9,16,1.78,36,20,63.9,0,4,5,1,11.1,3,3,0,0,0
11,Jamie Cumming,eng ENG,GK,Oxford United,,25.6630137,1999,45,45,4050,45,62,1.38,201,139,70.1,13,13,19,13,28.9,4,2,2,0,50
12,Karl Darlow,wls WAL,GK,Leeds United,,34.56986301,1990,7,7,630,7,3,0.43,11,9,72.7,6,1,0,4,57.1,0,0,0,0,
13,Adam Davies,wls WAL,GK,Sheffield Utd,,32.79726027,1992,3,3,270,3,3,1,7,4,57.1,1,2,0,1,33.3,0,0,0,0,
14,Seny Dieng,sn SEN,GK,Middlesbrough,,30.44383562,1994,17,17,1530,17,21,1.24,47,28,55.3,7,4,6,5,29.4,0,0,0,0,
15,Oliver Dovin,se SWE,GK,Coventry City,,22.81369863,2002,28,28,2467,27.4,30,1.09,95,68,69.5,14,5,9,8,28.6,1,1,0,0,0
16,George Evans,eng ENG,GK,Millwall,,19.96712329,2005,4,4,360,4,8,2,19,11,57.9,2,0,2,1,25,0,0,0,0,
17,Tom Glover,au AUS,GK,Middlesbrough,,27.35890411,1997,7,6,571,6.3,6,0.95,13,7,53.8,2,2,2,3,50,0,0,0,0,
18,Joshua Griffiths,eng ENG,GK,West Brom,,23.66027397,2001,6,6,540,6,11,1.83,26,15,57.7,2,1,3,1,16.7,0,0,0,0,
19,Daniel Grimshaw,eng ENG,GK,Plymouth Argyle,,27.29589041,1998,21,21,1890,21,49,2.33,124,75,62.9,4,5,12,1,4.8,3,3,0,0,0
20,Angus Gunn,sct SCO,GK,Norwich City,,29.27945205,1996,35,35,3104,34.5,42,1.22,123,83,69.1,14,11,10,7,20,4,4,0,0,0
21,Conor Hazard,nir NIR,GK,Plymouth Argyle,,27.16438356,1998,25,25,2250,25,39,1.56,122,85,68.9,7,8,10,2,8,1,1,0,0,0
22,Václav Hladký,cz CZE,GK,Burnley,,34.46849315,1990,1,1,90,1,0,0,4,4,100,1,0,0,1,100,0,0,0,0,
23,Ethan Horvath,us USA,GK,Cardiff City,,29.90136986,1995,17,17,1530,17,28,1.65,67,42,58.2,2,6,9,3,17.6,0,0,0,0,
24,Matt Ingram,eng ENG,GK,Oxford United,,31.37534247,1993,1,1,90,1,3,3,5,2,40,0,1,0,0,0,0,0,0,0,
25,Lukas Jensen,dk DEN,GK,Millwall,,26.12876712,1999,41,41,3689,41,41,1,132,94,69.7,15,12,14,13,31.7,3,1,1,1,50
26,Viktor Johansson,se SWE,GK,Stoke City,,26.63561644,1998,46,46,4140,46,62,1.35,209,151,71.8,12,15,19,14,30.4,5,3,1,1,25
27,Thomas Kaminski,be BEL,GK,Luton Town,,32.52876712,1992,45,45,3990,44.3,68,1.53,193,125,65.8,13,10,22,10,22.2,3,2,1,0,33.3
28,Ben Killip,eng ENG,GK,Portsmouth,,29.44109589,1995,2,2,180,2,2,1,9,7,77.8,0,2,0,0,0,0,0,0,0,
29,George Long,eng ENG,GK,Norwich City,,31.49315068,1993,9,8,765,8.5,19,2.24,44,24,61.4,0,3,5,1,12.5,3,2,1,0,33.3
30,Illan Meslier,fr FRA,GK,Leeds United,,25.17260274,2000,39,39,3510,39,27,0.69,88,63,72.7,23,12,4,21,53.8,4,3,1,0,25
31,Simon Moore,eng ENG,GK,Sunderland,,34.95890411,1990,4,4,360,4,2,0.5,10,8,80,1,3,0,3,75,0,0,0,0,
32,Paul Nardi,fr FRA,GK,QPR,,30.96164384,1994,45,45,4050,45,63,1.4,174,114,65.5,13,14,18,9,20,3,3,0,0,0
33,Will Norris,eng ENG,GK,Portsmouth,,31.7260274,1993,8,8,720,8,19,2.37,47,29,66,0,4,4,2,25,3,3,0,0,0
34,Max O'Leary,ie IRL,GK,Bristol City,,28.56438356,1996,46,46,4140,46,55,1.2,172,117,69.2,17,17,12,10,21.7,2,2,0,0,0
35,Alex Palmer,eng ENG,GK,West Brom,,28.73150685,1996,30,30,2700,30,27,0.9,101,77,74.3,10,14,6,11,36.7,1,1,0,0,0
36,Ivor Pandur,hr CRO,GK,Hull City,,25.10958904,2000,44,44,3960,44,52,1.18,168,117,71.4,11,13,20,6,13.6,6,4,1,1,20
37,Anthony Patterson,eng ENG,GK,Sunderland,,24.98356164,2000,42,42,3780,42,42,1,128,90,70.3,20,10,12,14,33.3,5,4,1,0,20
38,Aynsley Pears,eng ENG,GK,Blackburn,,27.03013699,1998,40,40,3600,40,43,1.07,153,109,73.9,15,8,17,13,32.5,4,3,1,0,25
39,Vicente Reyes,cl CHI,GK,Norwich City,,21.45479452,2003,4,3,271,3,7,2.32,12,5,41.7,0,1,2,0,0,0,0,0,0,
40,Liam Roberts,eng ENG,GK,Millwall,,30.44931507,1994,2,1,91,1,0,0,3,3,100,1,0,0,2,200,0,0,0,0,
41,Carl Rushworth,eng ENG,GK,Hull City,,23.83835616,2001,2,2,180,2,2,1,4,2,50,1,0,1,1,50,0,0,0,0,
42,Nicolas Schmid,at AUT,GK,Portsmouth,,28.19452055,1997,35,35,3090,34.3,48,1.4,144,100,67.4,14,6,15,8,22.9,1,1,0,0,0
43,Egil Selvik,no NOR,GK,Watford,,27.76164384,1997,16,16,1440,16,19,1.19,71,52,73.2,4,4,8,6,37.5,0,0,0,0,
44,James Shea,eng ENG,GK,Luton Town,,33.88219178,1991,2,1,147,1.6,1,0.61,5,4,80,0,0,1,1,100,0,0,0,0,
45,Balázs Tóth,hu HUN,GK,Blackburn,,27.6630137,1997,6,6,540,6,5,0.83,21,16,76.2,4,1,1,2,33.3,0,0,0,0,
46,James Trafford,eng ENG,GK,Burnley,,22.56438356,2002,45,45,4050,45,16,0.36,103,85,84.5,27,16,2,29,64.4,2,0,2,0,100
47,Mark Travers,ie IRL,GK,Middlesbrough,,25.96164384,1999,17,17,1530,17,20,1.18,83,64,75.9,6,2,9,4,23.5,0,0,0,0,
48,Josh Vickers,eng ENG,GK,Derby County,,29.42191781,1995,6,6,540,6,6,1,17,11,64.7,3,1,2,3,50,0,0,0,0,
49,Lawrence Vigouroux,cl CHI,GK,Swansea City,,31.45479452,1993,46,46,4140,46,56,1.22,166,113,68.7,17,10,19,14,30.4,4,4,0,0,0
50,Joe Walsh,eng ENG,GK,QPR,,23.09041096,2002,1,1,90,1,0,0,4,4,100,1,0,0,1,100,0,0,0,0,
51,Jacob Widell Zetterström,se SWE,GK,Derby County,,26.81369863,1998,40,40,3600,40,50,1.25,150,99,67.3,10,10,20,9,22.5,3,1,2,0,66.7
52,Joe Wildsmith,eng ENG,GK,West Brom,,29.34794521,1995,10,10,900,10,9,0.9,28,19,67.9,3,4,3,2,20,0,0,0,0,
53,Ben Wilson,eng ENG,GK,Coventry City,,32.73424658,1992,4,4,360,4,5,1.25,22,17,77.3,2,0,2,2,50,0,0,0,0,
54,Freddie Woodman,eng ENG,GK,Preston,,28.16712329,1997,37,37,3329,37,43,1.16,130,86,69.2,10,16,11,12,32.4,4,3,1,0,25
1,Luis Barraza,us USA,GK,D.C. United,,28.48767123,1996,4,4,360,4,6,1.5,16,10,62.5,2,0,2,0,0,0,0,0,0,
2,Adam Beaudry,us USA,GK,Colorado Rapids,,19.04657534,2006,1,1,90,1,3,3,5,3,40,0,0,1,0,0,0,0,0,0,
3,Andre Blake,jm JAM,GK,Philadelphia Union,,34.45205479,1990,9,9,810,9,9,1,30,21,73.3,6,1,2,4,44.4,1,1,0,0,0
4,Jonathan Bond,eng ENG,GK,Houston Dynamo,,31.96164384,1993,3,3,270,3,4,1.33,15,11,80,1,1,1,1,33.3,1,1,0,0,0
5,Christopher Brady,us USA,GK,Chicago Fire,,21.17260274,2004,11,11,935,10.4,22,2.12,56,34,66.1,3,4,4,1,9.1,5,3,1,1,25
6,Sebastian Breza,ca CAN,GK,CF Montréal,,27.13972603,1998,1,1,90,1,1,1,6,5,83.3,0,0,1,0,0,0,0,0,0,
7,Roman Bürki,ch SUI,GK,St. Louis,,34.47123288,1990,3,3,270,3,0,0,9,9,100,1,2,0,3,100,0,0,0,0,
8,Evan Bush,us USA,GK,Columbus Crew,,39.16438356,1986,1,1,90,1,0,0,0,0,,0,1,0,1,100,0,0,0,0,
9,Rafael Cabral,br BRA,GK,Real Salt Lake,,34.95890411,1990,11,11,990,11,17,1.55,52,33,71.2,4,0,7,2,18.2,4,2,2,0,50
10,Drake Callender,us USA,GK,Inter Miami,,27.57534247,1997,3,2,185,2.1,5,2.43,13,8,61.5,0,1,1,0,0,0,0,0,0,
11,Roman Celentano,us USA,GK,FC Cincinnati,,24.63835616,2000,11,11,990,11,13,1.18,43,30,72.1,7,1,3,4,36.4,3,1,1,1,50
12,Michael Collodi,us USA,GK,FC Dallas,,23.94520548,2001,1,1,90,1,0,0,2,2,100,1,0,0,1,100,0,0,0,0,
13,Carlos Coronel,py PAR,GK,NY Red Bulls,,28.34794521,1996,10,10,900,10,12,1.2,48,36,77.1,3,3,4,4,40,1,1,0,0,0
14,Maxime Crépeau,ca CAN,GK,Portland Timbers,,30.98356164,1994,2,2,180,2,8,4,18,10,55.6,0,0,2,0,0,0,0,0,0,
15,Daniel,br BRA,GK,SJ Earthquakes,,30.99726027,1994,10,10,830,9.2,13,1.41,53,40,77.4,4,1,5,1,10,1,1,0,0,0
16,C.J. dos Santos,us USA,GK,San Diego FC,,24.69589041,2000,11,11,990,11,15,1.36,51,36,76.5,5,2,4,4,36.4,3,3,0,0,0
17,Earl Edwards Jr.,us USA,GK,SJ Earthquakes,,33.27671233,1992,2,1,160,1.8,7,3.94,9,2,22.2,0,0,1,0,0,0,0,0,0,
18,Matt Freese,us USA,GK,NYCFC,,26.67123288,1998,11,11,990,11,13,1.18,49,38,73.5,5,2,4,4,36.4,0,0,0,0,
19,Stefan Frei,ch SUI,GK,Seattle Sounders,,39.04109589,1986,10,10,900,10,11,1.1,32,23,68.8,3,4,3,3,30,1,1,0,0,0
20,Jeffrey Gal,us USA,GK,Chicago Fire,,32.07945205,1993,1,0,51,0.6,0,0,2,2,100,0,0,0,1,,0,0,0,0,
21,Pedro Gallese,pe PER,GK,Orlando City,,35.19452055,1990,10,10,900,10,11,1.1,45,34,77.8,3,5,2,5,50,1,1,0,0,0
22,Blake Gillingham,us USA,GK,Houston Dynamo,,22.56438356,2002,4,3,294,3.3,4,1.22,15,11,73.3,1,1,1,2,66.7,0,0,0,0,
23,Brad Guzan,us USA,GK,Atlanta Utd,,40.65205479,1984,11,11,990,11,20,1.82,56,36,69.6,2,4,5,1,9.1,3,3,0,0,0
24,Nicholas Hansen,dk DEN,GK,Colorado Rapids,,23.81917808,2001,1,1,90,1,1,1,2,1,50,0,1,0,0,0,0,0,0,0,
25,Thomas Hasal,ca CAN,GK,LAFC,,25.82191781,1999,1,1,90,1,5,5,9,4,44.4,0,0,1,0,0,0,0,0,0,
26,Aljaž Ivačič,si SVN,GK,NE Revolution,,31.34794521,1993,10,10,900,10,7,0.7,38,31,81.6,5,1,4,5,50,0,0,0,0,
27,Sean Johnson,us USA,GK,Toronto FC,,35.92876712,1989,11,11,990,11,16,1.45,53,37,75.5,1,4,6,3,27.3,3,3,0,0,0
28,Kim Joonhong,kr KOR,GK,D.C. United,,21.92054795,2003,7,7,630,7,17,2.43,39,22,61.5,1,3,3,1,14.3,2,2,0,0,0
29,Kristijan Kahlina,hr CRO,GK,Charlotte,,32.78082192,1992,11,11,990,11,12,1.09,57,45,84.2,6,1,4,4,36.4,3,3,0,0,0
30,Hugo Lloris,fr FRA,GK,LAFC,,38.35616438,1986,10,10,900,10,11,1.1,28,18,64.3,5,2,3,4,40,1,1,0,0,0
31,Benjamin Lundt,de GER,GK,St. Louis,,29.6109589,1995,8,8,720,8,12,1.5,43,30,74.4,1,2,5,2,25,2,1,1,0,50
32,AJ Marcucci,us USA,GK,NY Red Bulls,,25.76164384,1999,1,1,90,1,1,1,2,1,50,1,0,0,0,0,0,0,0,0,
33,Jimmy Maurer,us USA,GK,Houston Dynamo,,36.55616438,1988,2,1,120,1.3,1,0.75,5,4,80,0,1,0,0,0,0,0,0,0,
34,John McCarthy,us USA,GK,LA Galaxy,,32.83561644,1992,8,8,720,8,14,1.75,33,19,66.7,0,3,5,0,0,4,3,1,0,25
35,Novak Mićović,rs SRB,GK,LA Galaxy,,23.5260274,2001,3,3,270,3,7,2.33,15,8,53.3,0,0,3,0,0,0,0,0,0,
36,Javier Otero,ve VEN,GK,Orlando City,,22.46027397,2002,1,1,90,1,1,1,6,5,83.3,1,0,0,0,0,0,0,0,0,
37,Maarten Paes,id IDN,GK,FC Dallas,,26.97534247,1998,10,10,900,10,19,1.9,48,29,66.7,3,3,4,1,10,3,3,0,0,0
38,James Pantemis,ca CAN,GK,Portland Timbers,,28.2,1997,9,9,810,9,11,1.22,43,29,79.1,5,3,1,3,33.3,5,2,3,0,60
39,John Pulskamp,us USA,GK,Sporting KC,,24.04383562,2001,11,11,990,11,21,1.91,50,30,62,3,1,7,2,18.2,2,2,0,0,0
40,Andrew Rick,us USA,GK,Philadelphia Union,,19.26027397,2006,2,2,180,2,1,0.5,3,2,66.7,1,0,1,1,50,0,0,0,0,
41,Rocco Ríos Novo,ar ARG,GK,Inter Miami,,22.91780822,2002,2,1,140,1.6,1,0.64,4,3,75,1,0,0,1,100,0,0,0,0,
42,Patrick Schulte,us USA,GK,Columbus Crew,,24.14520548,2001,10,10,900,10,10,1,35,25,74.3,7,2,1,2,20,1,1,0,0,0
43,Jonathan Sirois,ca CAN,GK,CF Montréal,,23.85479452,2001,10,10,900,10,15,1.5,51,36,70.6,0,3,7,2,20,0,0,0,0,
44,Alec Smir,us USA,GK,Minnesota Utd,,26.06027397,1999,1,1,90,1,2,2,4,2,50,0,1,0,0,0,0,0,0,0,
45,Dayne St. Clair,ca CAN,GK,Minnesota Utd,,27.9890411,1997,10,10,900,10,8,0.8,35,28,77.1,5,3,2,6,60,1,0,0,1,
46,Zack Steffen,us USA,GK,Colorado Rapids,,30.09041096,1995,9,9,810,9,12,1.33,47,35,74.5,4,3,2,3,33.3,0,0,0,0,
47,Brad Stuver,us USA,GK,Austin,,34.05205479,1991,11,11,990,11,13,1.18,49,36,73.5,5,1,5,5,45.5,1,0,1,0,100
48,Yohei Takaoka,jp JPN,GK,Vancouver W'caps,,29.1369863,1996,11,11,990,11,8,0.73,26,18,73.1,8,2,1,5,45.5,1,1,0,0,0
49,Andrew Tarbell,us USA,GK,Houston Dynamo,,31.57534247,1993,4,4,306,3.4,7,2.06,15,8,53.3,0,1,3,1,25,0,0,0,0,
50,Andrew Thomas,ru RUS,GK,Seattle Sounders,,26.6739726,1998,1,1,90,1,2,2,2,0,0,1,0,0,0,0,0,0,0,0,
51,Óscar Ustari,ar ARG,GK,Inter Miami,,38.83835616,1986,7,7,572,6.4,5,0.79,25,20,80,5,2,0,2,28.6,0,0,0,0,
52,Joe Willis,us USA,GK,Nashville SC,,36.73424658,1988,11,11,990,11,14,1.27,46,31,73.9,5,2,4,3,27.3,3,2,1,0,33.3
1,Nordin Bakker,nl NED,GK,Almere City,,27.50958904,1997,31,31,2790,31,59,1.9,161,106,63.4,4,8,19,7,22.6,0,0,0,0,
2,Vasilios Barkas,gr GRE,GK,Utrecht,,30.93150685,1994,29,29,2610,29,41,1.41,131,91,71,16,8,5,7,24.1,3,3,0,0,0
3,Walter Benítez,ar ARG,GK,PSV Eindhoven,,32.29041096,1993,31,31,2745,30.5,35,1.15,94,59,64.9,22,4,5,9,29,2,2,0,0,0
4,Daniel Bielica,pl POL,GK,NAC Breda,,26.01369863,1999,30,30,2700,30,50,1.67,153,104,71.2,8,8,14,5,16.7,6,6,0,0,0
5,Justin Bijlow,nl NED,GK,Feyenoord,,27.28219178,1998,4,4,360,4,8,2,16,8,50,1,1,2,0,0,0,0,0,0,
6,Mattijs Branderhorst,nl NED,GK,Fortuna Sittard,,31.34246575,1993,25,25,2250,25,38,1.52,117,79,69.2,9,5,11,8,32,2,2,0,0,0
7,Michael Brouwer,nl NED,GK,Utrecht,,32.28493151,1993,2,2,180,2,1,0.5,8,7,100,2,0,0,1,50,1,1,0,0,0
8,Jari De Busser,be BEL,GK,Go Ahead Eag,,25.5369863,1999,14,14,1260,14,22,1.57,76,55,72.4,6,4,4,4,28.6,1,1,0,0,0
9,Mickey van der Hart,nl NED,GK,Heerenveen,,30.89315068,1994,18,18,1620,18,33,1.83,100,68,70,5,6,7,2,11.1,3,3,0,0,0
10,Thomas Didillon,fr FRA,GK,Willem II,,29.43287671,1995,31,31,2790,31,51,1.65,163,115,71.8,6,7,18,5,16.1,5,5,0,0,0
11,Joel Drommel,nl NED,GK,PSV Eindhoven,,28.46575342,1996,1,0,45,0.5,0,0,0,0,,0,0,0,0,,0,0,0,0,
12,Stijn van Gassel,nl NED,GK,NEC Nijmegen,,28.54520548,1996,2,2,180,2,4,2,15,11,80,0,0,2,0,0,1,1,0,0,0
13,Mike Hauptmeijer,nl NED,GK,Zwolle,,28.13150685,1997,4,4,360,4,6,1.5,16,10,62.5,2,1,1,0,0,1,0,0,1,
14,Jeroen Houwen,nl NED,GK,RKC Waalwijk,,29.20821918,1996,24,24,2160,24,48,2,133,87,65.4,4,4,16,4,16.7,2,2,0,0,0
15,Hidde Jurjus,nl NED,GK,Groningen,,31.23287671,1994,1,1,90,1,1,1,3,2,66.7,0,0,1,0,0,0,0,0,0,
16,Fabian de Keijzer,nl NED,GK,Heracles Almelo,,24.98630137,2000,31,31,2790,31,56,1.81,163,111,69.3,8,11,12,6,19.4,6,6,0,0,0
17,Joey Kesting,nl NED,GK,RKC Waalwijk,,24.16164384,2001,3,3,270,3,5,1.67,13,8,84.6,0,2,1,0,0,3,3,0,0,0
18,Luuk Koopmans,nl NED,GK,Fortuna Sittard,,31.46027397,1993,6,6,540,6,15,2.5,35,19,60,1,1,4,0,0,2,1,1,0,50
19,Roy Kortsmit,nl NED,GK,NAC Breda,,32.69041096,1992,1,1,90,1,3,3,4,1,50,0,0,1,0,0,1,1,0,0,0
20,Matheus,br BRA,GK,Ajax,,32.79452055,1992,9,9,810,9,9,1,23,14,60.9,6,2,1,4,44.4,0,0,0,0,
21,Andries Noppert,nl NED,GK,Heerenveen,,31.07671233,1994,13,13,1170,13,20,1.54,56,37,66.1,6,1,6,3,23.1,1,1,0,0,0
22,Nick Olij,nl NED,GK,Sparta R'dam,,29.75890411,1995,31,31,2790,31,39,1.26,129,91,72.9,8,11,12,5,16.1,5,4,1,0,20
23,Yanick van Osch,nl NED,GK,RKC Waalwijk,,28.11506849,1997,3,3,270,3,9,3,26,17,69.2,0,1,2,0,0,1,1,0,0,0
24,Rome-Jayden Owusu-Oduro,nl NED,GK,AZ Alkmaar,,20.84109589,2004,25,25,2250,25,31,1.24,74,43,59.5,9,8,8,8,32,3,1,1,1,50
25,Remko Pasveer,nl NED,GK,Ajax,,41.48767123,1983,21,21,1890,21,18,0.86,75,58,76,16,3,2,10,47.6,0,0,0,0,
26,Luca Plogmann,de GER,GK,Go Ahead Eag,,25.15342466,2000,17,17,1530,17,27,1.59,72,45,65.3,7,4,6,4,23.5,2,2,0,0,0
27,Diant Ramaj,de GER,GK,Ajax,,23.62465753,2001,1,1,90,1,0,0,2,2,100,1,0,0,1,100,0,0,0,0,
28,Robin Roefs,nl NED,GK,NEC Nijmegen,,22.29589041,2003,29,29,2610,29,41,1.41,140,103,71.4,9,7,13,8,27.6,1,1,0,0,0
29,Jasper Schendelaar,nl NED,GK,Zwolle,,24.67123288,2000,27,27,2430,27,43,1.59,135,93,70.4,6,9,12,5,18.5,5,3,0,2,0
30,Mark Spenkelink,nl NED,GK,RKC Waalwijk,,28.26849315,1997,1,1,90,1,6,6,12,6,58.3,0,0,1,0,0,1,1,0,0,0
31,Przemysław Tytoń,pl POL,GK,Twente,,38.33150685,1987,2,2,180,2,8,4,16,8,50,1,0,1,0,0,0,0,0,0,
32,Lars Unnerstall,de GER,GK,Twente,,34.79178082,1990,29,29,2610,29,36,1.24,94,58,63.8,13,9,7,10,34.5,2,2,0,0,0
33,Etienne Vaessen,sr SUR,GK,Groningen,,29.77534247,1995,30,30,2700,30,45,1.5,125,81,68,10,8,12,7,23.3,6,5,1,0,16.7
34,Timon Wellenreuther,de GER,GK,Feyenoord,,29.41917808,1995,27,27,2430,27,25,0.93,89,63,73,18,7,2,9,33.3,2,1,1,0,50
35,Jeroen Zoet,nl NED,GK,AZ Alkmaar,,34.3260274,1991,6,6,540,6,3,0.5,12,10,75,5,0,1,3,50,0,0,0,0,